Employee_ID;EmployeeCode;FirstName;LastName;FullName;Gender;Age;AgeGroup;BusinessTravel;DistanceFromHome;State;Ethnicity;MaritalStatus;Salary;StockOptionLevel;OverTime;HireDate;Attrition;YearsAtCompany;YearsInMostRecentRole;YearsSinceLastPromotion;YearsWithCurrentManager;DepartmentName;EducationLevel;EducationField;JobRole
1;001A-8F88;Christy;Jumel;Christy Jumel;Male;22;Under 25;Some Travel;40;CA;White;Married;27763.00;0;No;2021-09-05;No;1;0;1;0;Technology;Masters;Information Systems;Software Engineer
2;005C-E0FB;Fin;O'Halleghane;Fin O'Halleghane;Non-Binary;24;Under 25;Frequent Traveller;17;CA;White;Married;56155.00;1;No;2017-08-26;No;5;2;2;0;Sales;Masters;Marketing;Sales Executive
3;00A3-2445;Wyatt;Ziehm;Wyatt Ziehm;Male;30;25-34;Some Travel;6;CA;Black or African American;Married;126238.00;0;No;2012-03-08;No;10;3;6;6;Technology;High School;Computer Science;Machine Learning Engineer
4;00B0-F199;Trueman;Jirasek;Trueman Jirasek;Male;23;Under 25;Some Travel;35;CA;White;Married;97824.00;1;Yes;2020-03-16;Yes;1;0;1;0;Sales;No Formal Qualifications;Marketing;Sales Executive
5;00D4-DD53;Joyce;Goor;Joyce Goor;Female;30;25-34;Frequent Traveller;44;CA;Black or African American;Single;68508.00;0;Yes;2012-01-28;Yes;5;4;4;4;Technology;No Formal Qualifications;Computer Science;Software Engineer
6;00E4-3D60;Sherilyn;Girke;Sherilyn Girke;Female;30;25-34;Frequent Traveller;37;CA;White;Single;109778.00;0;No;2022-06-23;Yes;0;0;0;0;Technology;No Formal Qualifications;Business Studies;Data Scientist
7;0145-DBFC;Keelia;Studde;Keelia Studde;Female;34;25-34;No Travel;8;CA;Asian or Asian American;Single;104268.00;0;No;2014-02-10;No;8;7;7;7;Technology;Masters;Information Systems;Data Scientist
8;0172-B5D2;Ketti;Keighley;Ketti Keighley;Female;27;25-34;Some Travel;28;CA;White;Married;93291.00;0;No;2020-09-11;No;2;1;2;1;Technology;Masters;Computer Science;Machine Learning Engineer
9;017D-0B97;Maison;Werndley;Maison Werndley;Male;20;Under 25;Some Travel;39;CA;White;Married;22558.00;1;Yes;2020-03-30;No;2;0;1;1;Sales;High School;Technical Degree;Sales Representative
10;018B-DF1E;Otha;Sopper;Otha Sopper;Female;19;Under 25;Some Travel;1;CA;White;Single;24499.00;0;Yes;2022-10-17;No;0;0;0;0;Sales;No Formal Qualifications;Economics;Sales Representative
11;0210-E0D8;Yankee;Charteris;Yankee Charteris;Male;36;35-44;Some Travel;7;NY;White;Single;243989.00;0;Yes;2020-07-18;Yes;1;0;1;1;Sales;Bachelors;Technical Degree;Sales Executive
12;022A-0219;Francine;Fernez;Francine Fernez;Female;32;25-34;Frequent Traveller;14;IL;American Indian or Alaska Native;Married;86639.00;0;No;2012-05-21;No;10;3;9;5;Technology;Bachelors;Business Studies;Software Engineer
13;0240-4D29;Kaylil;Blenkiron;Kaylil Blenkiron;Non-Binary;35;35-44;Some Travel;31;CA;Asian or Asian American;Single;77269.00;0;No;2014-09-13;No;8;8;8;6;Technology;Masters;Computer Science;Software Engineer
14;02DA-7A72;Tadeas;Lackney;Tadeas Lackney;Male;29;25-34;Frequent Traveller;42;CA;White;Married;78726.00;1;No;2012-04-25;Yes;6;0;1;1;Sales;Bachelors;Technical Degree;Sales Representative
15;0317-B7BC;Ronni;Beechcraft;Ronni Beechcraft;Female;23;Under 25;Some Travel;7;IL;White;Married;72622.00;0;Yes;2020-03-03;No;2;0;2;0;Sales;Masters;Marketing;Sales Executive
16;0322-D46B;Nikolas;Leslie;Nikolas Leslie;Male;32;25-34;Some Travel;39;CA;Black or African American;Married;105748.00;2;No;2012-03-28;No;10;0;1;8;Sales;Masters;Marketing;Sales Executive
17;0375-2F04;Lani;Raddenbury;Lani Raddenbury;Female;19;Under 25;No Travel;38;IL;White;Single;51673.00;2;No;2021-11-30;No;1;0;1;0;Sales;Masters;Technical Degree;Sales Executive
18;03C5-51AD;Maxie;Banker;Maxie Banker;Female;25;25-34;Some Travel;1;IL;White;Married;32354.00;1;Yes;2015-12-06;Yes;7;4;6;2;Technology;High School;Computer Science;Data Scientist
19;03D3-AA88;Mycah;Brolechan;Mycah Brolechan;Male;23;Under 25;Some Travel;8;NY;White;Married;42250.00;2;No;2018-03-26;No;4;1;2;4;Technology;Masters;Other;Software Engineer
20;03D5-622D;Aurora;Whate;Aurora Whate;Female;21;Under 25;No Travel;43;CA;White;Married;54355.00;1;Yes;2021-12-31;No;1;0;1;1;Sales;No Formal Qualifications;Marketing;Sales Executive
21;03D9-FF08;Lynnette;Portinari;Lynnette Portinari;Non-Binary;22;Under 25;Some Travel;30;CA;White;Single;44135.00;0;No;2020-05-15;No;2;0;1;1;Technology;Masters;Other;Software Engineer
22;03EF-5904;Shepperd;Brittain;Shepperd Brittain;Male;31;25-34;Some Travel;45;IL;American Indian or Alaska Native;Married;195261.00;1;No;2013-09-09;No;9;3;4;5;Technology;Bachelors;Other;Machine Learning Engineer
23;040C-EDED;Lonnie;Braxton;Lonnie Braxton;Male;22;Under 25;Frequent Traveller;45;CA;White;Single;26782.00;0;Yes;2019-11-08;Yes;3;0;2;0;Technology;High School;Computer Science;Software Engineer
24;041A-31B0;Gerri;Fullerlove;Gerri Fullerlove;Female;34;25-34;Some Travel;41;NY;Black or African American;Married;50386.00;1;No;2012-05-20;No;10;8;9;10;Technology;Bachelors;Computer Science;Software Engineer
25;04D3-B8D3;Ann;Sivorn;Ann Sivorn;Female;24;Under 25;Frequent Traveller;23;NY;White;Single;158437.00;1;No;2022-10-03;No;0;0;0;0;Technology;Masters;Computer Science;Senior Software Engineer
26;04D7-C8F3;Scarlett;Elstob;Scarlett Elstob;Female;26;25-34;Some Travel;27;CA;White;Married;42052.00;1;No;2015-10-26;No;7;7;7;2;Technology;High School;Computer Science;Data Scientist
27;04E6-6B61;Rodd;Haddow;Rodd Haddow;Male;29;25-34;Some Travel;17;CA;White;Single;140158.00;0;No;2021-01-04;No;1;0;1;1;Sales;Masters;Marketing;Sales Executive
28;054A-0B94;Temp;Weyland;Temp Weyland;Male;20;Under 25;No Travel;11;IL;White;Married;26702.00;2;No;2021-11-14;No;1;1;1;0;Technology;Bachelors;Computer Science;Data Scientist
29;0592-D909;Jamill;Woolger;Jamill Woolger;Male;39;35-44;Frequent Traveller;42;NY;White;Married;495977.00;1;No;2020-04-30;No;2;2;2;0;Technology;Bachelors;Information Systems;Analytics Manager
30;05B0-755F;Sollie;Arnke;Sollie Arnke;Male;44;35-44;Some Travel;29;CA;Asian or Asian American;Married;57890.00;0;No;2013-05-24;No;9;8;8;8;Technology;Bachelors;Computer Science;Data Scientist
31;05CD-292D;Buddie;Desforges;Buddie Desforges;Male;24;Under 25;Some Travel;1;CA;White;Single;54501.00;0;No;2018-08-01;No;4;4;4;2;Technology;Bachelors;Other;Software Engineer
32;05DA-5423;Moira;Forsey;Moira Forsey;Female;26;25-34;Some Travel;16;CA;American Indian or Alaska Native;Married;34630.00;0;No;2016-07-30;No;6;2;6;0;Technology;High School;Business Studies;Software Engineer
33;05ED-92F1;Justus;MacCall;Justus MacCall;Non-Binary;27;25-34;Frequent Traveller;41;CA;Asian or Asian American;Single;28984.00;0;Yes;2016-10-10;Yes;3;1;1;0;Sales;Bachelors;Marketing;Sales Representative
34;05F0-6F7B;Ashlee;Mc Combe;Ashlee Mc Combe;Female;24;Under 25;Some Travel;5;NY;White;Single;100818.00;0;No;2017-12-24;No;5;1;3;0;Technology;No Formal Qualifications;Information Systems;Data Scientist
35;0602-02AB;Lynnet;Foord;Lynnet Foord;Female;35;35-44;Some Travel;36;CA;White;Married;487746.00;1;No;2022-01-12;No;0;0;0;0;Sales;High School;Marketing;Manager
36;0626-7020;Ketti;Carney;Ketti Carney;Female;24;Under 25;No Travel;7;CA;Black or African American;Married;126527.00;1;Yes;2017-10-01;No;5;1;5;3;Technology;High School;Information Systems;Senior Software Engineer
37;0678-748A;Maurits;Farmery;Maurits Farmery;Male;25;25-34;Some Travel;4;CA;Native Hawaiian;Divorced;57698.00;2;Yes;2015-05-11;Yes;6;5;6;2;Sales;High School;Economics;Sales Executive
38;0697-ADC3;Robert;Muffitt;Robert Muffitt;Male;38;35-44;No Travel;4;CA;White;Divorced;45942.00;1;Yes;2014-01-30;No;8;4;5;8;Technology;Bachelors;Information Systems;Software Engineer
39;06B1-2653;Montgomery;Galliford;Montgomery Galliford;Male;19;Under 25;Frequent Traveller;26;CA;Black or African American;Single;27474.00;0;No;2022-12-08;No;0;0;0;0;Technology;Bachelors;Information Systems;Software Engineer
40;06B9-B79D;Roseanne;Thrustle;Roseanne Thrustle;Female;21;Under 25;Some Travel;36;CA;White;Married;76057.00;2;No;2020-12-12;Yes;1;0;0;0;Sales;Bachelors;Marketing;Sales Executive
41;06DE-E772;Zechariah;Sturridge;Zechariah Sturridge;Male;34;25-34;Frequent Traveller;45;NY;White;Married;341971.00;0;No;2020-09-02;Yes;1;0;0;0;Sales;Bachelors;Marketing;Sales Executive
42;06E8-4FD4;Emilee;Wenham;Emilee Wenham;Female;20;Under 25;Some Travel;32;CA;Black or African American;Married;38532.00;3;Yes;2022-12-03;Yes;0;0;0;0;Sales;High School;Marketing;Sales Representative
43;0742-C802;Glennis;Miquelet;Glennis Miquelet;Female;24;Under 25;Frequent Traveller;30;NY;White;Married;66110.00;2;Yes;2019-07-24;No;3;2;2;0;Technology;Masters;Information Systems;Senior Software Engineer
44;076F-8AA3;Reese;Dibbert;Reese Dibbert;Male;39;35-44;Some Travel;5;CA;White;Single;58685.00;0;No;2012-03-08;Yes;9;6;6;2;Technology;High School;Computer Science;Data Scientist
45;078A-E0F5;Antonino;Gillcrist;Antonino Gillcrist;Male;18;Under 25;Some Travel;18;CA;White;Single;52198.00;0;No;2022-02-11;No;0;0;0;0;Sales;Masters;Marketing;Sales Executive
46;078D-B654;Cob;Cruikshank;Cob Cruikshank;Male;24;Under 25;Some Travel;1;CA;White;Single;113262.00;0;No;2022-06-30;No;0;0;0;0;Technology;Masters;Computer Science;Senior Software Engineer
47;07AF-3631;Ignazio;Bendixen;Ignazio Bendixen;Male;25;25-34;No Travel;35;NY;White;Divorced;149519.00;1;Yes;2016-02-03;No;6;2;4;3;Sales;Masters;Marketing;Sales Executive
48;07B2-D67A;Rossie;Everleigh;Rossie Everleigh;Male;44;35-44;Some Travel;40;NY;White;Divorced;285620.00;1;No;2012-01-30;No;10;6;8;4;Sales;High School;Economics;Manager
49;07C3-7429;Hendrik;Blenkharn;Hendrik Blenkharn;Male;26;25-34;Some Travel;18;CA;Asian or Asian American;Divorced;54470.00;1;No;2016-07-21;No;6;0;6;3;Technology;Bachelors;Information Systems;Machine Learning Engineer
50;07F1-62C3;Bertrand;Davidsen;Bertrand Davidsen;Male;27;25-34;Frequent Traveller;9;NY;Black or African American;Married;39001.00;0;Yes;2015-03-03;No;7;7;7;4;Technology;Masters;Computer Science;Software Engineer
51;07F5-A45D;Willdon;Spurgin;Willdon Spurgin;Male;24;Under 25;Frequent Traveller;23;CA;Asian or Asian American;Single;38448.00;0;Yes;2018-08-09;Yes;4;3;3;2;Sales;High School;Economics;Sales Representative
52;07F6-D61B;Jodee;Vala;Jodee Vala;Female;23;Under 25;Some Travel;5;NY;White;Divorced;23995.00;1;No;2018-04-27;No;4;4;4;0;Technology;Bachelors;Information Systems;Software Engineer
53;0846-2064;Hedvige;De Wolfe;Hedvige De Wolfe;Non-Binary;33;25-34;Some Travel;44;CA;White;Single;230945.00;0;No;2019-07-09;No;3;0;2;0;Technology;Bachelors;Information Systems;Analytics Manager
54;085C-7FC2;Emmerich;Wallicker;Emmerich Wallicker;Male;47;45-54;No Travel;17;NY;White;Married;176158.00;0;No;2012-04-13;No;10;9;10;2;Sales;Masters;Other;Sales Executive
55;0868-097F;Modesty;Kingescot;Modesty Kingescot;Non-Binary;33;25-34;Some Travel;26;CA;White;Single;267009.00;0;No;2013-09-23;No;9;0;1;7;Technology;Bachelors;Information Systems;Engineering Manager
56;08AC-30AB;Wolf;Sainsbury;Wolf Sainsbury;Male;51;45-54;Some Travel;30;NY;White;Divorced;232658.00;1;No;2021-01-17;No;1;1;1;1;Technology;Bachelors;Computer Science;Analytics Manager
57;08E4-D3D5;Olvan;Coatham;Olvan Coatham;Male;21;Under 25;Some Travel;25;NY;White;Single;34634.00;0;No;2019-12-11;Yes;1;1;1;1;Technology;Masters;Computer Science;Data Scientist
58;08FC-817E;Milka;Vinas;Milka Vinas;Female;26;25-34;Some Travel;43;NY;Black or African American;Married;30217.00;1;No;2015-09-04;No;7;2;4;0;Technology;Masters;Computer Science;Software Engineer
59;097B-A688;Hillard;Hulson;Hillard Hulson;Male;23;Under 25;Some Travel;33;NY;Native Hawaiian;Married;26198.00;1;Yes;2017-04-04;No;5;4;4;0;Technology;High School;Information Systems;Data Scientist
60;09D2-46BD;Karyl;Ponten;Karyl Ponten;Female;26;25-34;Some Travel;42;CA;White;Married;92364.00;1;Yes;2016-07-12;No;6;4;5;6;Sales;Bachelors;Marketing;Sales Executive
61;0A05-3943;Sherie;Pattington;Sherie Pattington;Female;26;25-34;Some Travel;20;CA;White;Single;33273.00;0;Yes;2015-01-20;Yes;2;1;1;0;Technology;Bachelors;Business Studies;Software Engineer
62;0A4E-1A4A;Aloysius;Holdren;Aloysius Holdren;Male;22;Under 25;No Travel;14;CA;Mixed or multiple ethnic groups;Single;53014.00;0;Yes;2019-02-04;No;3;3;3;0;Sales;Bachelors;Technical Degree;Sales Executive
63;0AA2-881A;Jeffrey;Mildmott;Jeffrey Mildmott;Male;25;25-34;Some Travel;28;NY;Other;Married;29126.00;2;No;2016-07-18;No;6;0;2;3;Technology;Masters;Information Systems;Software Engineer
64;0AE7-DDE2;Martyn;Rathke;Martyn Rathke;Male;23;Under 25;Some Travel;8;CA;White;Married;46850.00;1;No;2018-10-20;No;4;3;4;2;Technology;High School;Information Systems;Machine Learning Engineer
65;0AF4-EC15;Gwenore;Bernucci;Gwenore Bernucci;Female;24;Under 25;Some Travel;33;CA;Native Hawaiian;Single;91915.00;0;No;2018-07-23;No;4;0;4;4;Sales;Bachelors;Marketing;Sales Executive
66;0B19-EFB2;Ada;Bynold;Ada Bynold;Female;39;35-44;Frequent Traveller;25;CA;White;Single;300594.00;0;Yes;2018-04-24;No;4;1;4;2;Technology;Masters;Computer Science;Engineering Manager
67;0B49-32CD;Nettle;Manwaring;Nettle Manwaring;Female;20;Under 25;Some Travel;30;CA;White;Divorced;41179.00;1;No;2020-11-04;No;2;0;0;0;Technology;High School;Information Systems;Data Scientist
68;0B72-0EE6;Noll;Antoniottii;Noll Antoniottii;Male;24;Under 25;Some Travel;1;NY;White;Married;70849.00;2;No;2016-09-03;No;6;0;1;6;Technology;Masters;Computer Science;Senior Software Engineer
69;0B9A-B6DE;Mikol;Ortner;Mikol Ortner;Male;19;Under 25;Some Travel;4;CA;White;Single;60077.00;1;No;2021-07-11;No;1;1;1;0;Technology;Bachelors;Computer Science;Machine Learning Engineer
70;0BAF-7454;Ninnette;Braganza;Ninnette Braganza;Non-Binary;26;25-34;Some Travel;12;NY;White;Single;37530.00;0;No;2017-07-30;No;5;5;5;5;Technology;Masters;Computer Science;Software Engineer
71;0BEE-FC20;Sherill;Covotti;Sherill Covotti;Female;49;45-54;Some Travel;43;IL;White;Single;413946.00;0;No;2021-10-19;No;1;1;1;1;Sales;Masters;Marketing;Manager
72;0C23-26DD;Bathsheba;Ablewhite;Bathsheba Ablewhite;Female;35;35-44;Some Travel;23;NY;White;Married;81389.00;1;No;2013-03-11;No;9;3;7;5;Sales;Bachelors;Economics;Sales Representative
73;0C37-B7CF;Maximilien;Bodimeade;Maximilien Bodimeade;Male;22;Under 25;Some Travel;18;NY;White;Married;68743.00;0;No;2019-03-23;No;3;0;3;1;Technology;Masters;Information Systems;Senior Software Engineer
74;0C54-705D;Grata;Yannoni;Grata Yannoni;Female;50;45-54;Some Travel;37;NY;White;Married;291477.00;0;No;2021-12-10;No;1;0;0;1;Sales;High School;Marketing;Manager
75;0C5B-2EF4;Amery;Theunissen;Amery Theunissen;Male;20;Under 25;Some Travel;35;CA;White;Single;28506.00;0;No;2021-12-26;No;1;0;1;1;Technology;Bachelors;Information Systems;Software Engineer
76;0C6D-2825;Tann;Lettley;Tann Lettley;Male;21;Under 25;Some Travel;30;CA;White;Divorced;37164.00;1;Yes;2019-03-06;No;3;3;3;3;Technology;Bachelors;Computer Science;Software Engineer
77;0C7B-2EA6;Oswell;McCloid;Oswell McCloid;Male;34;25-34;Frequent Traveller;25;NY;Asian or Asian American;Married;39015.00;1;No;2013-09-15;No;9;5;6;4;Technology;High School;Other;Data Scientist
78;0CED-EE28;Ruthy;Pena;Ruthy Pena;Female;48;45-54;Some Travel;25;CA;White;Married;47464.00;0;No;2012-03-06;No;10;4;8;10;Technology;No Formal Qualifications;Computer Science;Data Scientist
79;0CF8-1EBD;Franciska;Cubbin;Franciska Cubbin;Female;28;25-34;Frequent Traveller;38;CA;Mixed or multiple ethnic groups;Married;87704.00;2;No;2015-03-28;No;7;1;3;6;Technology;Masters;Computer Science;Data Scientist
80;0CFA-28A3;Duff;Rioch;Duff Rioch;Male;21;Under 25;Frequent Traveller;42;CA;Black or African American;Married;42303.00;1;Yes;2019-08-13;No;3;2;2;2;Human Resources;Masters;Other;HR Executive
81;0D1B-DEC2;Celestine;Kyngdon;Celestine Kyngdon;Non-Binary;24;Under 25;Some Travel;23;CA;American Indian or Alaska Native;Single;100586.00;0;No;2017-04-23;Yes;4;4;4;4;Technology;Bachelors;Computer Science;Data Scientist
82;0D60-C312;Erica;Delany;Erica Delany;Female;32;25-34;Some Travel;16;IL;White;Married;228427.00;1;Yes;2021-06-06;No;1;1;1;1;Technology;Bachelors;Computer Science;Machine Learning Engineer
83;0D8F-C0F3;Cathrine;Lankford;Cathrine Lankford;Female;29;25-34;Some Travel;44;CA;Asian or Asian American;Divorced;67578.00;1;No;2013-06-10;Yes;1;0;0;0;Technology;Bachelors;Business Studies;Data Scientist
84;0D92-C1D0;Shandeigh;McCaster;Shandeigh McCaster;Female;26;25-34;Some Travel;43;IL;White;Single;125232.00;1;No;2022-07-07;No;0;0;0;0;Technology;Bachelors;Other;Machine Learning Engineer
85;0DBC-596E;Dita;Perch;Dita Perch;Non-Binary;44;35-44;Some Travel;14;CA;Black or African American;Single;92634.00;0;Yes;2013-04-06;No;9;8;9;9;Technology;High School;Computer Science;Data Scientist
86;0DC1-7EE4;Juliette;Nissle;Juliette Nissle;Female;25;25-34;No Travel;28;CA;White;Single;68762.00;0;Yes;2017-09-23;No;5;3;5;4;Technology;Masters;Other;Senior Software Engineer
87;0E79-8257;Noby;Lifton;Noby Lifton;Male;25;25-34;Frequent Traveller;35;NY;White;Single;28139.00;0;No;2016-05-23;No;6;1;1;5;Technology;High School;Information Systems;Data Scientist
88;0E85-1FC5;Pet;Dow;Pet Dow;Female;31;25-34;Some Travel;21;CA;White;Divorced;127182.00;1;No;2020-03-08;No;2;0;0;1;Technology;Bachelors;Computer Science;Senior Software Engineer
89;0EA5-3A95;Brooks;Lackeye;Brooks Lackeye;Female;25;25-34;Some Travel;22;NY;Mixed or multiple ethnic groups;Married;53271.00;1;No;2017-11-19;No;5;5;5;1;Technology;Bachelors;Business Studies;Software Engineer
90;0F2B-3457;Steven;Bucktrout;Steven Bucktrout;Male;19;Under 25;Frequent Traveller;14;NY;White;Single;74458.00;1;Yes;2021-01-10;No;1;0;0;1;Sales;High School;Marketing;Sales Executive
91;0F53-9877;Verina;Bottrell;Verina Bottrell;Female;24;Under 25;Some Travel;5;CA;White;Single;100576.00;0;No;2019-12-16;No;3;0;0;0;Technology;Masters;Computer Science;Data Scientist
92;0F83-39C1;Samantha;Beames;Samantha Beames;Female;30;25-34;Some Travel;33;CA;Black or African American;Single;55485.00;0;No;2013-12-25;No;9;8;9;2;Technology;High School;Information Systems;Software Engineer
93;0FBB-4ABE;Heywood;Westnage;Heywood Westnage;Male;24;Under 25;Some Travel;16;CA;American Indian or Alaska Native;Married;82174.00;2;No;2019-01-11;No;3;2;2;3;Technology;Masters;Computer Science;Senior Software Engineer
94;0FC3-2572;Bertie;Tarling;Bertie Tarling;Female;24;Under 25;No Travel;30;CA;White;Divorced;28898.00;2;No;2019-11-15;No;3;0;1;0;Sales;Masters;Marketing;Sales Representative
95;0FC8-561B;Caryl;Loving;Caryl Loving;Male;29;25-34;Frequent Traveller;14;IL;Asian or Asian American;Married;93591.00;1;No;2012-02-22;No;10;4;10;3;Technology;Bachelors;Computer Science;Senior Software Engineer
96;0FE8-B881;Rockie;Iseton;Rockie Iseton;Male;25;25-34;Some Travel;12;IL;Asian or Asian American;Divorced;118048.00;2;No;2018-09-14;No;4;4;4;3;Sales;Bachelors;Marketing;Sales Executive
97;0FEB-B474;Morten;Ridgley;Morten Ridgley;Male;44;35-44;Some Travel;35;NY;White;Divorced;223619.00;1;No;2020-04-24;No;2;0;2;1;Sales;Bachelors;Marketing;Sales Executive
98;1053-41B1;Andy;Lingwood;Andy Lingwood;Female;19;Under 25;Some Travel;24;CA;White;Single;31014.00;1;No;2021-06-16;No;1;1;1;0;Technology;High School;Computer Science;Data Scientist
99;1054-9C3B;Elizabeth;Babbe;Elizabeth Babbe;Female;30;25-34;Some Travel;1;IL;Asian or Asian American;Married;40285.00;0;Yes;2013-03-21;Yes;1;1;1;0;Technology;Masters;Other;Data Scientist
100;106F-F7C7;Amelia;Izard;Amelia Izard;Female;25;25-34;Some Travel;13;NY;Black or African American;Married;168483.00;0;Yes;2018-01-20;No;4;2;3;1;Technology;No Formal Qualifications;Information Systems;Analytics Manager
101;10C9-925C;Mechelle;Kyte;Mechelle Kyte;Female;22;Under 25;Some Travel;40;IL;White;Married;66266.00;1;No;2021-01-31;No;1;0;1;1;Technology;Masters;Computer Science;Senior Software Engineer
102;10CE-8403;Timmy;Reek;Timmy Reek;Female;27;25-34;Some Travel;31;CA;White;Divorced;120225.00;2;No;2015-11-08;No;7;2;5;4;Technology;Masters;Computer Science;Senior Software Engineer
103;10E9-4C86;Ignacius;Dockrill;Ignacius Dockrill;Non-Binary;34;25-34;Frequent Traveller;12;CA;White;Married;44057.00;1;Yes;2014-05-17;No;8;7;7;1;Technology;High School;Computer Science;Data Scientist
104;111D-E5EF;Edna;Alison;Edna Alison;Non-Binary;37;35-44;Some Travel;3;IL;White;Divorced;48395.00;1;No;2012-01-15;No;10;2;2;4;Technology;Bachelors;Computer Science;Software Engineer
105;1147-7E2F;Timotheus;Antowski;Timotheus Antowski;Male;22;Under 25;Some Travel;23;CA;Mixed or multiple ethnic groups;Single;37021.00;0;No;2018-07-15;Yes;3;0;1;2;Technology;Bachelors;Computer Science;Data Scientist
106;1158-9E23;Delly;Costerd;Delly Costerd;Female;41;35-44;Some Travel;22;CA;White;Single;235812.00;0;No;2019-05-27;No;3;1;2;2;Technology;Bachelors;Computer Science;Machine Learning Engineer
107;116F-33F1;Iain;MacNeilly;Iain MacNeilly;Male;19;Under 25;Frequent Traveller;43;NY;White;Single;65010.00;0;No;2022-08-15;No;0;0;0;0;Sales;No Formal Qualifications;Marketing;Sales Executive
108;1180-BEC9;Edgardo;McGeouch;Edgardo McGeouch;Male;43;35-44;Some Travel;17;CA;White;Married;50946.00;0;Yes;2014-03-15;Yes;8;6;7;3;Technology;Bachelors;Computer Science;Software Engineer
109;11AE-3E4D;Sheffie;Tonkin;Sheffie Tonkin;Male;39;35-44;Some Travel;38;CA;Mixed or multiple ethnic groups;Married;300299.00;1;Yes;2012-02-19;No;10;7;7;10;Sales;High School;Technical Degree;Manager
110;11C2-2B5B;Aurlie;Demeza;Aurlie Demeza;Female;26;25-34;Frequent Traveller;14;NY;Mixed or multiple ethnic groups;Divorced;92778.00;1;No;2016-11-09;No;6;6;6;1;Technology;Bachelors;Computer Science;Machine Learning Engineer
111;11F9-3526;Carolan;Pigny;Carolan Pigny;Female;30;25-34;Some Travel;12;IL;White;Married;264407.00;1;No;2021-11-14;No;1;1;1;0;Technology;High School;Computer Science;Senior Software Engineer
112;1217-CE30;Marchelle;Duffield;Marchelle Duffield;Female;45;45-54;Some Travel;34;CA;American Indian or Alaska Native;Divorced;173037.00;3;No;2013-03-26;No;9;4;9;3;Sales;Bachelors;Marketing;Sales Executive
113;1243-8B63;Jourdain;Kither;Jourdain Kither;Male;26;25-34;Some Travel;17;NY;Black or African American;Married;110761.00;1;No;2017-12-18;No;5;0;5;3;Technology;Masters;Business Studies;Senior Software Engineer
114;1268-3038;Christen;Hawtry;Christen Hawtry;Female;21;Under 25;Some Travel;22;CA;White;Single;32456.00;0;No;2022-08-24;No;0;0;0;0;Technology;Bachelors;Information Systems;Data Scientist
115;12A7-AFD6;Garrek;Riditch;Garrek Riditch;Non-Binary;24;Under 25;Some Travel;22;CA;Mixed or multiple ethnic groups;Married;53530.00;0;Yes;2018-09-19;No;4;3;3;1;Sales;Bachelors;Marketing;Sales Executive
116;12B5-11CC;Vitoria;MacVaugh;Vitoria MacVaugh;Female;30;25-34;Some Travel;8;IL;White;Married;70771.00;1;No;2012-03-08;No;10;9;9;2;Technology;Bachelors;Information Systems;Software Engineer
117;12E5-9BD1;Kessiah;Tallet;Kessiah Tallet;Female;36;35-44;Some Travel;10;CA;White;Divorced;297181.00;1;No;2020-12-24;No;2;2;2;2;Technology;Masters;Information Systems;Senior Software Engineer
118;12F7-BCBB;Clea;MacCartan;Clea MacCartan;Female;48;45-54;Frequent Traveller;2;CA;White;Single;37124.00;0;No;2013-12-06;Yes;9;8;8;7;Sales;No Formal Qualifications;Technical Degree;Sales Representative
119;130F-32AB;Lucretia;Leebeter;Lucretia Leebeter;Female;20;Under 25;Some Travel;6;CA;White;Single;30714.00;0;Yes;2020-06-05;Yes;2;0;1;1;Technology;No Formal Qualifications;Computer Science;Software Engineer
120;132B-F2B2;Erica;Dracksford;Erica Dracksford;Female;35;35-44;Some Travel;36;CA;White;Married;59086.00;1;Yes;2012-03-04;No;10;2;8;4;Technology;Masters;Computer Science;Software Engineer
121;134B-4157;Stearne;Axelbee;Stearne Axelbee;Male;37;35-44;Some Travel;29;IL;White;Married;513608.00;0;No;2013-09-03;No;9;4;7;3;Technology;Bachelors;Computer Science;Analytics Manager
122;1359-BEE3;Fawn;Pyke;Fawn Pyke;Female;41;35-44;No Travel;22;CA;Native Hawaiian;Married;52581.00;0;No;2013-12-09;No;9;8;8;7;Technology;Bachelors;Computer Science;Data Scientist
123;135D-DF79;Lew;Muzzall;Lew Muzzall;Male;18;Under 25;Frequent Traveller;41;CA;White;Single;72639.00;2;No;2022-02-07;No;0;0;0;0;Sales;Masters;Marketing;Sales Executive
124;1363-6BF9;Mikel;Worrall;Mikel Worrall;Male;36;35-44;Some Travel;10;CA;Other;Single;189405.00;0;No;2013-05-23;No;9;4;6;7;Technology;Bachelors;Business Studies;Senior Software Engineer
125;1368-8327;Nataniel;Garrattley;Nataniel Garrattley;Non-Binary;22;Under 25;Some Travel;16;NY;White;Married;78467.00;2;Yes;2021-01-25;No;1;0;1;0;Technology;No Formal Qualifications;Computer Science;Data Scientist
126;138C-2AEA;Susannah;Gorioli;Susannah Gorioli;Female;22;Under 25;No Travel;16;IL;White;Divorced;27053.00;3;No;2020-04-10;No;2;0;2;2;Sales;No Formal Qualifications;Marketing;Sales Representative
127;13E5-2F17;Vin;Wandless;Vin Wandless;Male;24;Under 25;Frequent Traveller;15;NY;White;Divorced;139627.00;3;No;2016-01-27;Yes;5;0;4;1;Technology;Bachelors;Computer Science;Senior Software Engineer
128;13E5-8466;Cody;Tipple;Cody Tipple;Female;47;45-54;Some Travel;14;NY;White;Single;410970.00;0;No;2014-12-06;No;8;2;5;8;Sales;Masters;Marketing;Manager
129;13FA-3559;Fionna;Wilkison;Fionna Wilkison;Female;38;35-44;Some Travel;13;CA;Black or African American;Divorced;240248.00;1;Yes;2014-12-14;No;8;4;8;0;Sales;Bachelors;Marketing;Sales Executive
130;141B-D354;Ezmeralda;Harbach;Ezmeralda Harbach;Prefer Not To Say;21;Under 25;Some Travel;43;NY;White;Single;33306.00;0;No;2022-02-14;No;0;0;0;0;Technology;Bachelors;Computer Science;Software Engineer
131;1424-0B0C;Annmaria;Keeler;Annmaria Keeler;Female;36;35-44;No Travel;35;IL;White;Divorced;356378.00;1;Yes;2018-05-30;No;4;2;4;4;Technology;No Formal Qualifications;Information Systems;Senior Software Engineer
132;1453-D3D8;Magnum;Dublin;Magnum Dublin;Non-Binary;27;25-34;Some Travel;4;NY;Asian or Asian American;Married;60967.00;2;No;2015-08-14;No;7;7;7;0;Technology;Bachelors;Computer Science;Machine Learning Engineer
133;1472-9F69;Algernon;Harder;Algernon Harder;Male;27;25-34;Some Travel;1;CA;Black or African American;Single;30870.00;0;No;2014-12-28;Yes;3;1;2;3;Sales;Masters;Marketing;Sales Representative
134;1480-131D;Marabel;Horney;Marabel Horney;Female;21;Under 25;Frequent Traveller;9;CA;White;Divorced;35770.00;1;No;2022-04-14;No;0;0;0;0;Sales;Bachelors;Marketing;Sales Representative
135;14CF-051D;Prent;Salkeld;Prent Salkeld;Male;19;Under 25;Some Travel;18;NY;White;Single;20778.00;0;No;2022-05-24;No;0;0;0;0;Human Resources;Masters;Economics;Recruiter
136;151D-1FF2;Kai;Lush;Kai Lush;Female;34;25-34;Frequent Traveller;15;CA;White;Single;173246.00;0;Yes;2012-02-20;Yes;9;4;7;7;Sales;High School;Marketing;Sales Executive
137;152E-8DB1;Beth;Kunz;Beth Kunz;Female;31;25-34;Some Travel;14;NY;Mixed or multiple ethnic groups;Single;63482.00;0;No;2012-04-23;Yes;1;0;1;1;Technology;No Formal Qualifications;Other;Software Engineer
138;155B-42BE;Tommi;Lapish;Tommi Lapish;Female;25;25-34;Some Travel;38;IL;Mixed or multiple ethnic groups;Single;57018.00;0;No;2015-02-21;Yes;1;0;0;0;Sales;High School;Marketing;Sales Executive
139;15B3-F392;Anthiathia;Streeting;Anthiathia Streeting;Female;39;35-44;Some Travel;37;IL;Asian or Asian American;Single;65612.00;0;No;2014-02-23;No;8;2;8;7;Sales;Bachelors;Economics;Sales Representative
140;15D4-53C2;Bella;Stearn;Bella Stearn;Prefer Not To Say;33;25-34;Some Travel;30;CA;Mixed or multiple ethnic groups;Married;90726.00;0;No;2014-09-17;No;8;0;5;1;Sales;Bachelors;Economics;Sales Executive
141;1609-65E1;Vita;Cicchelli;Vita Cicchelli;Female;33;25-34;Frequent Traveller;34;IL;Asian or Asian American;Single;91407.00;0;No;2013-04-17;No;9;9;9;4;Technology;High School;Computer Science;Machine Learning Engineer
142;16B6-9C29;Claribel;Hebron;Claribel Hebron;Female;26;25-34;Some Travel;18;CA;White;Single;62868.00;0;No;2017-10-09;No;5;2;4;0;Sales;High School;Marketing;Sales Executive
143;16FB-8835;Albina;Baston;Albina Baston;Female;46;45-54;Frequent Traveller;24;NY;White;Married;514945.00;0;Yes;2013-02-05;No;9;4;7;7;Technology;Bachelors;Computer Science;Engineering Manager
144;1705-0DE5;Lita;Bicker;Lita Bicker;Female;38;35-44;Some Travel;10;IL;White;Married;303360.00;0;No;2021-10-16;Yes;0;0;0;0;Technology;Bachelors;Business Studies;Engineering Manager
145;1749-81A2;Elora;Bentjens;Elora Bentjens;Female;48;45-54;Some Travel;17;CA;Black or African American;Single;65860.00;0;No;2012-02-01;No;10;6;7;1;Technology;Bachelors;Information Systems;Software Engineer
146;1787-DF90;Michail;Pimblotte;Michail Pimblotte;Male;26;25-34;Some Travel;36;IL;White;Married;70455.00;2;Yes;2021-03-30;No;1;1;1;1;Sales;Masters;Marketing;Sales Representative
147;1799-5B3F;Howey;Woolis;Howey Woolis;Male;24;Under 25;Some Travel;21;CA;Black or African American;Married;85118.00;3;No;2019-03-18;Yes;0;0;0;0;Sales;Masters;Marketing;Sales Executive
148;17AD-99F5;Ursa;O'Deegan;Ursa O'Deegan;Female;26;25-34;Some Travel;37;NY;Mixed or multiple ethnic groups;Single;26296.00;0;Yes;2014-08-01;Yes;5;2;2;2;Technology;Bachelors;Computer Science;Software Engineer
149;17AE-E715;Norbie;Mosdill;Norbie Mosdill;Male;31;25-34;Frequent Traveller;38;CA;White;Divorced;547204.00;1;Yes;2014-09-28;No;8;7;8;5;Technology;No Formal Qualifications;Computer Science;Analytics Manager
150;184D-06FF;Waly;McCoish;Waly McCoish;Female;26;25-34;Some Travel;24;CA;White;Divorced;35757.00;1;No;2017-07-25;No;5;3;4;0;Technology;Masters;Computer Science;Data Scientist
151;18CE-8F30;Wendy;Bootman;Wendy Bootman;Female;31;25-34;Some Travel;38;CA;Black or African American;Married;330940.00;1;No;2019-03-28;No;3;1;3;3;Sales;Doctorate;Marketing;Manager
152;1914-B934;Kinna;Gaythor;Kinna Gaythor;Female;22;Under 25;Frequent Traveller;19;NY;Mixed or multiple ethnic groups;Single;22122.00;0;Yes;2018-10-26;Yes;3;2;2;1;Sales;Bachelors;Marketing;Sales Representative
153;19C3-DAE4;Cristiano;Brugger;Cristiano Brugger;Male;30;25-34;Some Travel;19;CA;Black or African American;Married;53336.00;1;No;2014-06-11;No;8;3;3;7;Technology;Bachelors;Information Systems;Data Scientist
154;1A2D-52EC;Mag;Groves;Mag Groves;Female;25;25-34;Some Travel;9;NY;White;Single;39636.00;0;Yes;2016-07-21;No;6;0;5;1;Technology;Bachelors;Information Systems;Software Engineer
155;1A38-1D62;Maurise;Shaxby;Maurise Shaxby;Female;24;Under 25;Some Travel;21;CA;Mixed or multiple ethnic groups;Divorced;36862.00;1;Yes;2018-03-29;No;4;2;4;0;Technology;Bachelors;Information Systems;Data Scientist
156;1A6D-AF5D;Clair;Muldownie;Clair Muldownie;Male;25;25-34;Some Travel;9;NY;White;Single;243908.00;0;No;2017-05-15;No;5;4;4;1;Technology;Bachelors;Information Systems;Engineering Manager
157;1A7C-19DB;Randi;Oswick;Randi Oswick;Female;39;35-44;Some Travel;42;CA;White;Single;539998.00;0;Yes;2020-11-22;Yes;1;0;0;0;Technology;Masters;Computer Science;Engineering Manager
158;1A82-AF2C;Keriann;Umbers;Keriann Umbers;Female;40;35-44;Some Travel;38;CA;White;Married;380248.00;0;Yes;2021-06-09;No;1;0;1;1;Technology;High School;Information Systems;Senior Software Engineer
159;1A9A-17A3;Fifi;Stabler;Fifi Stabler;Female;22;Under 25;No Travel;7;CA;White;Married;46546.00;1;No;2021-09-29;No;1;0;1;1;Sales;Masters;Marketing;Sales Executive
160;1AC8-361F;Selig;Draysey;Selig Draysey;Male;26;25-34;Some Travel;22;CA;Mixed or multiple ethnic groups;Married;87142.00;1;No;2015-11-11;Yes;2;1;1;0;Sales;No Formal Qualifications;Marketing;Sales Executive
161;1B4A-5D80;April;Carstairs;April Carstairs;Female;26;25-34;Some Travel;37;CA;American Indian or Alaska Native;Married;107863.00;2;Yes;2016-01-03;No;6;3;6;0;Technology;Masters;Information Systems;Analytics Manager
162;1B7F-73A9;Jacques;Verne;Jacques Verne;Male;34;25-34;Some Travel;24;CA;Asian or Asian American;Married;42721.00;1;No;2014-12-10;No;8;3;3;7;Technology;Bachelors;Computer Science;Software Engineer
163;1BAE-4DA1;Jessalin;Macrow;Jessalin Macrow;Female;25;25-34;No Travel;27;NY;Mixed or multiple ethnic groups;Married;28288.00;2;No;2017-03-01;No;5;5;5;0;Technology;Masters;Business Studies;Software Engineer
164;1BCC-100B;Virgil;Howat;Virgil Howat;Male;49;45-54;Frequent Traveller;43;NY;Other;Divorced;248115.00;2;No;2019-02-12;No;3;2;3;3;Technology;High School;Computer Science;Machine Learning Engineer
165;1BEA-3835;Hymie;Aseef;Hymie Aseef;Male;21;Under 25;Some Travel;4;CA;White;Married;21158.00;0;Yes;2020-06-26;No;2;1;1;0;Technology;High School;Computer Science;Software Engineer
166;1C24-233B;Mendy;Beran;Mendy Beran;Non-Binary;40;35-44;Some Travel;30;IL;Mixed or multiple ethnic groups;Married;145328.00;1;No;2013-12-09;No;9;0;9;9;Technology;Masters;Computer Science;Machine Learning Engineer
167;1C57-5F2A;Persis;Vineall;Persis Vineall;Female;27;25-34;Some Travel;42;CA;White;Married;33606.00;2;No;2015-05-07;No;7;0;0;2;Technology;Bachelors;Computer Science;Software Engineer
168;1C6C-3B67;Emilie;Panter;Emilie Panter;Non-Binary;41;35-44;Frequent Traveller;7;NY;American Indian or Alaska Native;Married;96632.00;1;No;2014-12-31;No;8;2;8;0;Technology;Bachelors;Computer Science;Software Engineer
169;1C6F-87AA;Jolene;Stenet;Jolene Stenet;Non-Binary;26;25-34;Some Travel;5;NY;White;Married;107966.00;2;No;2016-06-23;No;6;6;6;6;Sales;Bachelors;Marketing;Sales Executive
170;1C86-C072;Janifer;Ancliffe;Janifer Ancliffe;Female;38;35-44;Some Travel;27;IL;White;Married;301332.00;2;No;2021-11-25;No;1;1;1;1;Technology;Masters;Other;Engineering Manager
171;1C87-44CB;Darlene;Mansbridge;Darlene Mansbridge;Female;28;25-34;Frequent Traveller;9;CA;Black or African American;Married;48930.00;1;Yes;2012-03-14;Yes;7;4;6;2;Technology;Bachelors;Computer Science;Software Engineer
172;1CB3-F7D7;Janot;Cicchillo;Janot Cicchillo;Female;21;Under 25;No Travel;6;CA;Black or African American;Married;43259.00;0;No;2022-11-03;Yes;0;0;0;0;Sales;Masters;Other;Sales Executive
173;1D32-9620;Eldredge;Probyn;Eldredge Probyn;Male;23;Under 25;Some Travel;39;CA;Other;Married;55805.00;1;No;2017-10-29;No;5;3;3;1;Human Resources;High School;Human Resources;HR Executive
174;1D35-190A;Carena;Devita;Carena Devita;Female;35;35-44;Some Travel;18;CA;Asian or Asian American;Single;132563.00;0;Yes;2013-09-22;No;9;1;6;9;Human Resources;Masters;Marketing;HR Executive
175;1D74-2661;Renaud;Gigg;Renaud Gigg;Male;23;Under 25;Frequent Traveller;34;NY;American Indian or Alaska Native;Married;43009.00;0;No;2019-07-24;No;3;2;2;1;Technology;Bachelors;Computer Science;Software Engineer
176;1D87-3372;Cynthea;Manilove;Cynthea Manilove;Prefer Not To Say;34;25-34;Some Travel;18;CA;White;Divorced;323488.00;1;No;2017-02-01;No;5;0;1;1;Technology;Bachelors;Computer Science;Engineering Manager
177;1DC4-97CF;Karee;Cristofvao;Karee Cristofvao;Female;25;25-34;Some Travel;28;CA;White;Single;167051.00;0;No;2018-04-24;No;4;3;4;1;Sales;Masters;Marketing;Sales Executive
178;1E20-2FFF;Addison;McCormack;Addison McCormack;Male;28;25-34;Frequent Traveller;29;CA;White;Married;327674.00;3;No;2020-06-05;No;2;2;2;1;Sales;Bachelors;Marketing;Sales Executive
179;1E2C-A267;Gerick;Archibould;Gerick Archibould;Male;23;Under 25;Some Travel;1;CA;White;Married;65489.00;1;No;2020-07-12;No;2;0;1;1;Sales;High School;Other;Sales Executive
180;1E4A-5810;Eryn;Fern;Eryn Fern;Female;35;35-44;Frequent Traveller;28;CA;Mixed or multiple ethnic groups;Single;222303.00;0;No;2019-04-08;No;3;0;2;2;Technology;Bachelors;Computer Science;Machine Learning Engineer
181;1E61-70EC;Addison;Elfe;Addison Elfe;Male;46;45-54;Some Travel;11;CA;Black or African American;Married;56608.00;3;Yes;2012-03-31;No;10;3;5;9;Technology;Masters;Information Systems;Software Engineer
182;1E61-B76A;Wilie;Northfield;Wilie Northfield;Female;24;Under 25;Some Travel;26;NY;Asian or Asian American;Single;39048.00;0;No;2016-04-05;No;6;1;4;1;Technology;High School;Other;Data Scientist
183;1EA5-85A8;Lovell;Clee;Lovell Clee;Male;21;Under 25;Some Travel;18;NY;White;Married;71821.00;0;No;2022-02-21;No;0;0;0;0;Technology;High School;Information Systems;Machine Learning Engineer
184;1EEB-ABF7;Stephenie;Cronkshaw;Stephenie Cronkshaw;Female;22;Under 25;Some Travel;31;IL;Asian or Asian American;Divorced;43588.00;2;No;2019-01-07;No;3;2;3;2;Technology;No Formal Qualifications;Computer Science;Software Engineer
185;1F0F-458C;Carrie;Scroyton;Carrie Scroyton;Female;29;25-34;Some Travel;3;NY;White;Divorced;60388.00;2;Yes;2013-04-11;Yes;5;1;3;1;Technology;Bachelors;Business Studies;Data Scientist
186;1F12-DDDA;Farly;Drinan;Farly Drinan;Male;32;25-34;No Travel;12;NY;White;Married;111294.00;1;No;2013-07-19;No;9;2;9;4;Technology;Masters;Information Systems;Software Engineer
187;1FAC-768D;Elton;Hyrons;Elton Hyrons;Male;24;Under 25;Frequent Traveller;44;CA;White;Divorced;61230.00;1;No;2019-08-17;No;3;2;3;3;Technology;Masters;Computer Science;Software Engineer
188;1FE3-22BF;Jinny;Vannet;Jinny Vannet;Female;25;25-34;Some Travel;20;NY;Mixed or multiple ethnic groups;Married;65642.00;1;No;2018-11-25;No;4;4;4;0;Technology;Bachelors;Computer Science;Machine Learning Engineer
189;200B-1979;Jamie;Sarll;Jamie Sarll;Male;50;45-54;Frequent Traveller;43;CA;White;Divorced;339245.00;2;No;2019-08-26;No;3;0;0;1;Technology;Bachelors;Information Systems;Engineering Manager
190;205B-4D34;Cris;Jeram;Cris Jeram;Male;41;35-44;Frequent Traveller;39;CA;Mixed or multiple ethnic groups;Single;79990.00;0;No;2014-06-29;No;8;5;5;8;Human Resources;No Formal Qualifications;Human Resources;HR Executive
191;20BA-5868;Mallissa;Buzine;Mallissa Buzine;Non-Binary;19;Under 25;Some Travel;29;CA;White;Single;29673.00;1;No;2021-03-27;Yes;0;0;0;0;Sales;No Formal Qualifications;Marketing;Sales Representative
192;20CA-404E;Kali;Jeppe;Kali Jeppe;Female;25;25-34;Some Travel;13;IL;White;Married;211401.00;0;No;2016-07-17;No;6;1;1;3;Technology;Bachelors;Information Systems;Analytics Manager
193;2114-EC1F;Elliott;Franciskiewicz;Elliott Franciskiewicz;Male;32;25-34;Some Travel;21;NY;White;Married;106476.00;2;No;2022-05-01;No;0;0;0;0;Sales;Masters;Marketing;Sales Executive
194;211E-BC82;Britt;Ritchley;Britt Ritchley;Female;28;25-34;Frequent Traveller;6;CA;White;Divorced;47148.00;2;No;2013-11-09;No;9;3;8;8;Technology;No Formal Qualifications;Information Systems;Software Engineer
195;217C-7180;Hale;Patty;Hale Patty;Male;20;Under 25;Some Travel;27;IL;White;Single;27141.00;0;No;2021-05-15;No;1;1;1;1;Technology;No Formal Qualifications;Business Studies;Data Scientist
196;218E-AB6F;Mickie;D'Abbot-Doyle;Mickie D'Abbot-Doyle;Male;42;35-44;Some Travel;28;CA;White;Single;380905.00;0;No;2021-02-06;No;1;0;1;1;Technology;Bachelors;Computer Science;Engineering Manager
197;21B3-8491;Nicky;Janssens;Nicky Janssens;Male;42;35-44;Some Travel;37;CA;Black or African American;Married;244114.00;1;No;2013-05-28;No;9;6;7;0;Technology;Masters;Computer Science;Analytics Manager
198;21C8-00EC;Geoff;Veschambre;Geoff Veschambre;Male;22;Under 25;Some Travel;37;IL;Asian or Asian American;Divorced;52314.00;2;No;2018-05-25;No;4;0;3;0;Technology;High School;Information Systems;Senior Software Engineer
199;21CB-EF3E;Eleanora;Thornbarrow;Eleanora Thornbarrow;Female;36;35-44;Some Travel;4;CA;White;Single;208338.00;0;No;2012-04-07;No;10;10;10;1;Technology;Bachelors;Information Systems;Senior Software Engineer
200;2219-56CA;Sloane;Shera;Sloane Shera;Non-Binary;28;25-34;Some Travel;38;IL;Mixed or multiple ethnic groups;Divorced;185380.00;1;No;2015-09-21;Yes;5;2;5;3;Sales;Bachelors;Marketing;Sales Executive
201;2250-86C5;Desmond;O'Fallone;Desmond O'Fallone;Prefer Not To Say;41;35-44;Some Travel;33;NY;American Indian or Alaska Native;Divorced;119592.00;1;Yes;2014-05-06;No;8;7;8;2;Sales;No Formal Qualifications;Marketing;Sales Executive
202;22C9-83A6;Chick;Ballach;Chick Ballach;Non-Binary;20;Under 25;Frequent Traveller;16;CA;White;Married;38717.00;1;No;2022-02-19;No;0;0;0;0;Technology;Bachelors;Information Systems;Software Engineer
203;22FF-9076;Eleanore;Attenbrough;Eleanore Attenbrough;Female;27;25-34;Some Travel;36;CA;Asian or Asian American;Divorced;173994.00;1;No;2016-07-23;No;6;1;5;6;Sales;Bachelors;Technical Degree;Sales Executive
204;2374-7581;Brian;Josskovitz;Brian Josskovitz;Male;25;25-34;Some Travel;1;NY;Asian or Asian American;Married;72840.00;0;No;2015-04-23;No;7;6;6;0;Technology;Masters;Information Systems;Senior Software Engineer
205;23B5-93C9;Carlita;Ivanenko;Carlita Ivanenko;Prefer Not To Say;31;25-34;Frequent Traveller;12;NY;Black or African American;Divorced;103429.00;1;No;2022-11-20;No;0;0;0;0;Technology;High School;Computer Science;Software Engineer
206;23E6-A67A;Faun;Gosson;Faun Gosson;Non-Binary;19;Under 25;Some Travel;25;CA;White;Single;50352.00;0;Yes;2021-01-02;No;1;1;1;1;Technology;High School;Other;Machine Learning Engineer
207;23FC-93A5;Marinna;Snalham;Marinna Snalham;Female;26;25-34;Some Travel;2;CA;White;Single;55565.00;0;No;2016-02-22;No;6;6;6;4;Technology;Masters;Information Systems;Software Engineer
208;2407-5A4E;Butch;Quinby;Butch Quinby;Male;40;35-44;Some Travel;22;CA;Black or African American;Married;38849.00;1;No;2014-06-06;No;8;6;6;3;Technology;No Formal Qualifications;Business Studies;Data Scientist
209;242A-4FA0;Nowell;Prettyjohns;Nowell Prettyjohns;Male;25;25-34;Some Travel;2;CA;Black or African American;Divorced;73825.00;1;Yes;2016-11-02;No;6;1;4;4;Technology;Masters;Computer Science;Software Engineer
210;246E-3383;Jamesy;Barnardo;Jamesy Barnardo;Male;26;25-34;Some Travel;16;CA;Black or African American;Single;113512.00;0;No;2015-12-25;No;7;3;7;6;Sales;High School;Marketing;Sales Executive
211;24DD-6D7C;Leshia;Jenking;Leshia Jenking;Female;24;Under 25;Some Travel;34;IL;Mixed or multiple ethnic groups;Married;78242.00;1;No;2019-03-07;No;3;0;3;2;Technology;Bachelors;Computer Science;Machine Learning Engineer
212;24FA-A637;Giordano;Baum;Giordano Baum;Non-Binary;22;Under 25;Some Travel;10;NY;Asian or Asian American;Married;28953.00;1;No;2019-08-01;No;3;1;1;1;Technology;Masters;Computer Science;Data Scientist
213;2523-EFD4;Vanny;Ruggen;Vanny Ruggen;Female;34;25-34;Some Travel;14;NY;White;Single;154405.00;0;No;2013-05-27;No;9;7;7;1;Technology;High School;Information Systems;Senior Software Engineer
214;2546-1312;Carlos;Galia;Carlos Galia;Male;25;25-34;Frequent Traveller;20;NY;American Indian or Alaska Native;Single;61054.00;0;No;2017-06-24;No;5;0;1;0;Technology;Bachelors;Information Systems;Data Scientist
215;2551-DD9B;Quintana;Di Franceshci;Quintana Di Franceshci;Female;33;25-34;Some Travel;40;IL;Black or African American;Single;181244.00;0;No;2014-01-15;No;8;4;8;8;Technology;Masters;Computer Science;Senior Software Engineer
216;257B-8130;Erastus;Pennings;Erastus Pennings;Male;26;25-34;Some Travel;41;NY;Mixed or multiple ethnic groups;Divorced;47676.00;1;No;2015-07-20;No;7;4;6;1;Technology;Bachelors;Computer Science;Senior Software Engineer
217;259B-6C50;Raddie;Ballance;Raddie Ballance;Male;27;25-34;Some Travel;27;CA;Other;Divorced;45880.00;1;Yes;2016-02-03;No;6;1;4;0;Sales;Doctorate;Marketing;Sales Executive
218;25F5-0EAF;Amargo;Briddock;Amargo Briddock;Non-Binary;26;25-34;Some Travel;38;CA;Mixed or multiple ethnic groups;Divorced;104898.00;1;No;2016-10-16;No;6;5;5;1;Sales;Bachelors;Technical Degree;Sales Executive
219;2637-BDCD;Davin;Nutley;Davin Nutley;Male;21;Under 25;Some Travel;35;IL;Black or African American;Divorced;51682.00;1;No;2019-06-15;No;3;1;3;0;Technology;Bachelors;Computer Science;Data Scientist
220;267F-F71D;Liuka;Attenbrough;Liuka Attenbrough;Female;27;25-34;Some Travel;40;CA;Asian or Asian American;Married;112728.00;1;No;2015-02-18;No;7;5;6;4;Technology;Masters;Information Systems;Senior Software Engineer
221;2698-A448;Linoel;Rambadt;Linoel Rambadt;Male;43;35-44;Some Travel;40;CA;Black or African American;Single;63511.00;0;No;2014-12-31;No;8;5;7;4;Technology;Bachelors;Information Systems;Software Engineer
222;26A0-5791;Hayden;Yokelman;Hayden Yokelman;Male;21;Under 25;Some Travel;19;NY;White;Married;22696.00;1;Yes;2022-06-08;No;0;0;0;0;Sales;Masters;Marketing;Sales Representative
223;26DF-1241;Hebert;Drewes;Hebert Drewes;Male;23;Under 25;Some Travel;33;NY;White;Married;30477.00;1;No;2018-02-20;No;4;2;3;3;Sales;Bachelors;Economics;Sales Representative
224;277A-A6FA;Annabela;Pablos;Annabela Pablos;Female;35;35-44;Some Travel;8;NY;Other;Single;272175.00;0;No;2012-01-12;No;10;7;8;2;Technology;Masters;Information Systems;Machine Learning Engineer
225;278C-D482;Flora;Flounders;Flora Flounders;Female;26;25-34;No Travel;20;NY;Mixed or multiple ethnic groups;Divorced;28751.00;2;No;2015-06-15;No;7;6;6;2;Technology;Bachelors;Business Studies;Software Engineer
226;2796-828F;Bar;Dunphy;Bar Dunphy;Male;22;Under 25;No Travel;17;CA;Mixed or multiple ethnic groups;Married;58270.00;1;No;2019-02-02;No;3;1;1;1;Sales;Bachelors;Marketing;Sales Executive
227;279C-7342;Amelita;Liveley;Amelita Liveley;Non-Binary;29;25-34;Frequent Traveller;31;CA;White;Married;100925.00;1;Yes;2013-08-08;Yes;3;1;1;1;Sales;Masters;Marketing;Sales Executive
228;27CD-A6BF;Fabiano;Edkins;Fabiano Edkins;Male;27;25-34;Some Travel;44;CA;Mixed or multiple ethnic groups;Single;45276.00;0;Yes;2015-12-12;No;7;6;6;2;Technology;Bachelors;Computer Science;Software Engineer
229;284C-8CB0;Dennison;Mouncey;Dennison Mouncey;Male;22;Under 25;Frequent Traveller;15;NY;American Indian or Alaska Native;Single;40115.00;0;No;2019-02-01;No;3;3;3;0;Technology;Masters;Computer Science;Software Engineer
230;2857-A950;Chauncey;Golt;Chauncey Golt;Male;24;Under 25;Some Travel;13;CA;Mixed or multiple ethnic groups;Married;64852.00;1;No;2017-03-05;No;5;1;5;2;Sales;High School;Economics;Sales Executive
231;28CA-379D;Adorne;Beatens;Adorne Beatens;Female;19;Under 25;Some Travel;9;CA;White;Single;21506.00;2;No;2022-03-14;No;0;0;0;0;Sales;Bachelors;Marketing;Sales Representative
232;28EA-A010;Meara;Mahony;Meara Mahony;Female;26;25-34;Some Travel;2;CA;Asian or Asian American;Single;149390.00;0;Yes;2016-08-15;Yes;3;1;1;2;Sales;High School;Marketing;Sales Executive
233;28F4-8367;Conny;Iveans;Conny Iveans;Non-Binary;25;25-34;Some Travel;4;CA;Mixed or multiple ethnic groups;Divorced;39456.00;2;No;2017-04-15;No;5;1;5;4;Technology;Bachelors;Business Studies;Machine Learning Engineer
234;291F-B604;Sebastien;Lanmeid;Sebastien Lanmeid;Male;26;25-34;Some Travel;3;NY;Black or African American;Divorced;28952.00;1;Yes;2016-10-22;Yes;0;0;0;0;Technology;Masters;Information Systems;Data Scientist
235;2926-D386;Son;Crowther;Son Crowther;Male;24;Under 25;Some Travel;36;IL;Black or African American;Single;93015.00;0;Yes;2019-08-14;No;3;0;2;2;Technology;Bachelors;Information Systems;Machine Learning Engineer
236;2937-EB65;Jarred;Stoddard;Jarred Stoddard;Male;24;Under 25;Some Travel;16;CA;Mixed or multiple ethnic groups;Single;116132.00;0;No;2018-08-20;No;4;1;4;1;Sales;Bachelors;Marketing;Sales Executive
237;2962-039F;Darice;Excell;Darice Excell;Female;47;45-54;Some Travel;5;NY;Mixed or multiple ethnic groups;Single;133616.00;0;Yes;2012-04-06;No;10;9;9;0;Technology;Doctorate;Information Systems;Data Scientist
238;296A-A685;Dina;Paice;Dina Paice;Female;27;25-34;No Travel;34;CA;Asian or Asian American;Single;30783.00;0;No;2015-02-03;No;7;7;7;2;Technology;High School;Business Studies;Data Scientist
239;29AC-099C;Boy;Greenall;Boy Greenall;Male;24;Under 25;No Travel;19;NY;White;Married;115110.00;2;No;2019-11-19;No;3;3;3;3;Technology;No Formal Qualifications;Information Systems;Engineering Manager
240;29C2-1A3F;Wilone;Vautrey;Wilone Vautrey;Female;30;25-34;Some Travel;32;CA;White;Married;158656.00;1;No;2019-12-25;Yes;2;1;1;2;Technology;Bachelors;Information Systems;Senior Software Engineer
241;29F6-C6CA;Micky;Beville;Micky Beville;Female;35;35-44;Frequent Traveller;43;CA;Black or African American;Married;46112.00;1;No;2014-04-11;No;8;6;7;2;Sales;High School;Economics;Sales Representative
242;2A04-49D1;Tallie;Le Pine;Tallie Le Pine;Non-Binary;41;35-44;Some Travel;11;CA;Black or African American;Divorced;372980.00;1;No;2013-08-22;No;9;1;2;3;Technology;Doctorate;Information Systems;Engineering Manager
243;2A20-28CD;Dody;Stiggles;Dody Stiggles;Female;38;35-44;Frequent Traveller;2;CA;White;Single;58828.00;0;No;2014-08-11;No;8;7;8;0;Technology;Masters;Computer Science;Data Scientist
244;2A89-93B6;Lissy;Schimek;Lissy Schimek;Female;24;Under 25;Some Travel;13;NY;White;Single;30117.00;0;No;2018-08-21;Yes;3;1;1;2;Technology;Masters;Computer Science;Data Scientist
245;2A9F-6BD2;Murdock;Shayes;Murdock Shayes;Male;29;25-34;Some Travel;39;NY;White;Divorced;183768.00;1;Yes;2019-02-25;No;3;3;3;0;Sales;No Formal Qualifications;Marketing;Sales Executive
246;2B08-7D3D;Roderic;Daddow;Roderic Daddow;Male;45;45-54;Some Travel;19;IL;White;Married;47326.00;1;No;2012-02-29;No;10;10;10;10;Sales;Masters;Marketing;Sales Representative
247;2B5B-7A52;Matti;Liversley;Matti Liversley;Female;23;Under 25;Some Travel;35;CA;White;Divorced;45518.00;1;Yes;2019-12-12;No;3;3;3;2;Sales;Bachelors;Economics;Sales Executive
248;2B70-5A31;Justinian;Ladell;Justinian Ladell;Male;25;25-34;Some Travel;17;NY;Mixed or multiple ethnic groups;Married;44082.00;0;No;2017-07-25;No;5;1;3;0;Technology;Bachelors;Computer Science;Software Engineer
249;2B7A-9C73;Bryanty;Wickersley;Bryanty Wickersley;Non-Binary;45;45-54;Frequent Traveller;17;CA;White;Single;123619.00;0;Yes;2013-05-01;No;9;7;9;2;Technology;Masters;Computer Science;Machine Learning Engineer
250;2BCE-F73C;Mort;Alliston;Mort Alliston;Male;23;Under 25;Frequent Traveller;26;CA;Asian or Asian American;Single;68046.00;0;No;2018-06-01;No;4;4;4;2;Sales;Masters;Marketing;Sales Executive
251;2BD8-20A6;Berna;Patnelli;Berna Patnelli;Female;35;35-44;Frequent Traveller;38;NY;Mixed or multiple ethnic groups;Single;310285.00;0;Yes;2017-11-30;No;5;4;4;3;Technology;Doctorate;Information Systems;Engineering Manager
252;2BE9-93DB;Walden;Hartigan;Walden Hartigan;Male;19;Under 25;Some Travel;5;CA;White;Single;53387.00;0;No;2021-08-09;No;1;0;1;1;Sales;No Formal Qualifications;Marketing;Sales Executive
253;2BEA-43B2;Clay;Carabine;Clay Carabine;Male;48;45-54;Some Travel;44;IL;White;Single;103198.00;0;No;2013-04-03;No;9;7;9;2;Technology;No Formal Qualifications;Computer Science;Software Engineer
254;2BF6-ACD3;Kimmy;Waples;Kimmy Waples;Female;19;Under 25;Some Travel;15;CA;White;Single;47707.00;0;No;2022-10-07;No;0;0;0;0;Technology;Bachelors;Information Systems;Software Engineer
255;2C0F-AAE2;Norton;Rigolle;Norton Rigolle;Non-Binary;35;35-44;Some Travel;19;CA;American Indian or Alaska Native;Married;187372.00;0;Yes;2019-05-16;No;3;1;1;2;Technology;High School;Information Systems;Senior Software Engineer
256;2C7D-F9F1;Jaye;Coxhell;Jaye Coxhell;Male;30;25-34;Some Travel;45;CA;White;Single;262409.00;0;No;2013-12-20;No;9;8;9;8;Technology;High School;Business Studies;Machine Learning Engineer
257;2CA8-4E1B;Nicoline;Pote;Nicoline Pote;Non-Binary;23;Under 25;Some Travel;7;NY;Asian or Asian American;Single;28753.00;0;No;2017-05-02;Yes;2;1;1;0;Technology;Bachelors;Business Studies;Software Engineer
258;2D04-D0A5;Rosaline;Ferrieri;Rosaline Ferrieri;Female;29;25-34;Frequent Traveller;13;CA;White;Married;126008.00;1;No;2020-12-16;No;2;2;2;1;Sales;Bachelors;Marketing;Sales Executive
259;2D25-CAE8;Marcos;Bowkett;Marcos Bowkett;Male;22;Under 25;Some Travel;29;IL;Mixed or multiple ethnic groups;Divorced;58992.00;1;Yes;2019-07-02;No;3;3;3;2;Sales;High School;Economics;Sales Executive
260;2D85-ABDD;Myrtie;Tythe;Myrtie Tythe;Female;33;25-34;No Travel;29;IL;White;Married;65094.00;0;No;2014-06-20;No;8;8;8;0;Sales;Bachelors;Economics;Sales Executive
261;2DD1-FD7F;Godart;Burgwin;Godart Burgwin;Male;22;Under 25;Some Travel;3;CA;Other;Single;34753.00;0;Yes;2018-07-18;Yes;1;0;0;0;Technology;Bachelors;Computer Science;Data Scientist
262;2E25-987F;Roseann;Blueman;Roseann Blueman;Female;24;Under 25;Some Travel;45;CA;Asian or Asian American;Married;30390.00;1;No;2019-06-14;No;3;0;2;2;Technology;Bachelors;Information Systems;Software Engineer
263;2E72-4BF1;Grace;Gohier;Grace Gohier;Male;44;35-44;Some Travel;21;CA;White;Married;426142.00;0;No;2012-02-07;No;10;4;5;4;Sales;Bachelors;Marketing;Manager
264;2E7B-43F0;Arnaldo;Balling;Arnaldo Balling;Male;26;25-34;Some Travel;31;CA;White;Married;148211.00;3;Yes;2015-02-11;No;7;1;6;0;Technology;High School;Computer Science;Engineering Manager
265;2E9A-BD2E;Blake;Metheringham;Blake Metheringham;Male;36;35-44;Some Travel;13;CA;Asian or Asian American;Married;432191.00;1;No;2013-09-27;No;9;1;8;0;Sales;Doctorate;Marketing;Manager
266;2EB9-9D31;Cybill;Mitkin;Cybill Mitkin;Female;27;25-34;No Travel;4;CA;White;Married;78265.00;1;No;2021-07-10;No;1;1;1;1;Human Resources;Bachelors;Human Resources;HR Executive
267;2EC6-E2E0;Ferne;Humbell;Ferne Humbell;Female;36;35-44;Frequent Traveller;29;CA;White;Single;144071.00;1;No;2022-02-15;No;0;0;0;0;Technology;Bachelors;Information Systems;Software Engineer
268;2ED2-2CEC;Kendricks;Durtnell;Kendricks Durtnell;Male;44;35-44;Frequent Traveller;18;CA;Black or African American;Single;102708.00;0;Yes;2014-11-03;No;8;3;4;7;Technology;Bachelors;Computer Science;Senior Software Engineer
269;2EF6-8D96;Lelia;Giles;Lelia Giles;Female;24;Under 25;Some Travel;12;CA;White;Married;22965.00;3;No;2018-06-12;No;4;4;4;4;Technology;Masters;Information Systems;Software Engineer
270;2F04-931F;Carlyle;Catt;Carlyle Catt;Male;23;Under 25;Some Travel;25;CA;Mixed or multiple ethnic groups;Single;37121.00;0;Yes;2018-10-02;Yes;1;0;0;0;Technology;Bachelors;Business Studies;Data Scientist
271;2F85-AF81;Cassandre;Joubert;Cassandre Joubert;Non-Binary;42;35-44;Some Travel;12;CA;White;Married;167089.00;1;No;2012-05-24;No;10;7;9;8;Technology;Masters;Business Studies;Senior Software Engineer
272;2F98-E645;Monah;Fivey;Monah Fivey;Female;29;25-34;Frequent Traveller;17;CA;Black or African American;Married;105554.00;1;Yes;2014-02-25;Yes;5;2;5;2;Technology;Bachelors;Computer Science;Data Scientist
273;2FAE-9278;Ettore;Gorusso;Ettore Gorusso;Male;24;Under 25;Some Travel;23;NY;White;Single;92798.00;0;Yes;2016-05-23;No;6;4;4;1;Technology;Doctorate;Computer Science;Senior Software Engineer
274;2FC6-7ED5;Deena;Deegan;Deena Deegan;Female;44;35-44;Frequent Traveller;29;CA;Mixed or multiple ethnic groups;Married;303779.00;1;No;2018-08-24;No;4;0;0;0;Technology;No Formal Qualifications;Computer Science;Machine Learning Engineer
275;2FC8-999D;Terrie;Barnish;Terrie Barnish;Female;27;25-34;Some Travel;30;CA;Mixed or multiple ethnic groups;Divorced;240633.00;1;No;2015-01-22;No;7;1;6;7;Technology;High School;Information Systems;Analytics Manager
276;3012-1A41;Leonelle;Simco;Leonelle Simco;Female;30;25-34;Some Travel;27;IL;White;Divorced;102059.00;1;No;2012-01-03;No;10;4;9;7;Sales;Doctorate;Marketing;Sales Executive
277;3044-EB49;Rolando;Pioch;Rolando Pioch;Male;23;Under 25;Some Travel;44;NY;White;Married;100314.00;3;Yes;2019-09-25;No;3;2;3;3;Sales;High School;Economics;Sales Executive
278;3051-927B;Gisella;McRannell;Gisella McRannell;Female;39;35-44;Some Travel;28;NY;White;Single;443218.00;1;No;2022-02-21;No;0;0;0;0;Human Resources;Bachelors;Human Resources;HR Business Partner
279;307F-9BFA;Elly;Kennan;Elly Kennan;Female;43;35-44;Some Travel;21;NY;White;Married;94499.00;1;No;2013-06-22;No;9;0;1;7;Technology;High School;Computer Science;Software Engineer
280;30CB-BCD0;Saraann;Justice;Saraann Justice;Female;38;35-44;Frequent Traveller;31;NY;Black or African American;Married;90187.00;1;Yes;2014-06-27;No;8;4;5;2;Technology;Bachelors;Computer Science;Data Scientist
281;30CC-0FDE;Ilyssa;Jacks;Ilyssa Jacks;Female;19;Under 25;Some Travel;15;NY;White;Single;44782.00;0;No;2022-09-06;No;0;0;0;0;Sales;No Formal Qualifications;Marketing;Sales Representative
282;30CC-9AD8;Maximo;Poundford;Maximo Poundford;Male;22;Under 25;Some Travel;20;IL;White;Married;54899.00;1;Yes;2020-12-18;No;2;0;1;0;Technology;High School;Information Systems;Senior Software Engineer
283;3120-B11F;Allister;Noads;Allister Noads;Male;28;25-34;Frequent Traveller;7;CA;White;Married;140538.00;1;No;2015-01-21;No;7;3;5;0;Technology;Masters;Business Studies;Senior Software Engineer
284;3182-7F44;Bethany;Dawks;Bethany Dawks;Female;21;Under 25;Some Travel;19;NY;White;Single;25114.00;0;No;2021-01-16;No;1;1;1;1;Technology;Masters;Information Systems;Software Engineer
285;31E1-001F;Stevy;McArthur;Stevy McArthur;Male;21;Under 25;Frequent Traveller;33;CA;White;Married;37954.00;1;Yes;2021-06-07;No;1;0;0;1;Technology;High School;Information Systems;Software Engineer
286;31FB-D496;Rakel;Ruston;Rakel Ruston;Female;25;25-34;Some Travel;5;CA;Mixed or multiple ethnic groups;Single;51454.00;0;No;2015-04-17;No;7;1;6;7;Technology;Masters;Other;Software Engineer
287;324B-F4DF;Hestia;Fishlee;Hestia Fishlee;Female;20;Under 25;No Travel;13;CA;Black or African American;Married;42097.00;1;No;2022-12-18;No;0;0;0;0;Technology;Masters;Business Studies;Software Engineer
288;3261-373A;Dorey;Arpur;Dorey Arpur;Female;26;25-34;Frequent Traveller;5;IL;White;Married;99203.00;1;Yes;2016-12-28;No;6;3;3;4;Technology;Bachelors;Computer Science;Senior Software Engineer
289;327B-F6D3;Codee;Jean;Codee Jean;Female;37;35-44;Some Travel;6;CA;Mixed or multiple ethnic groups;Married;42188.00;1;No;2013-10-04;Yes;8;3;5;6;Technology;High School;Computer Science;Data Scientist
290;32AE-C02F;Hilly;Giocannoni;Hilly Giocannoni;Male;24;Under 25;No Travel;8;CA;White;Single;82405.00;0;Yes;2016-06-19;Yes;5;1;4;1;Sales;Bachelors;Marketing;Sales Executive
291;32F1-6903;Mariya;Mattheus;Mariya Mattheus;Female;18;Under 25;Frequent Traveller;10;IL;White;Single;26960.00;3;No;2022-05-17;No;0;0;0;0;Technology;Bachelors;Computer Science;Software Engineer
292;3412-9077;Grenville;Freckleton;Grenville Freckleton;Male;21;Under 25;Some Travel;43;NY;White;Married;38749.00;1;No;2021-07-21;No;1;0;0;0;Technology;Masters;Computer Science;Data Scientist
293;342B-0932;Giorgio;Ginger;Giorgio Ginger;Male;21;Under 25;Some Travel;18;CA;Asian or Asian American;Married;29558.00;1;Yes;2019-06-17;No;3;2;3;2;Technology;High School;Computer Science;Software Engineer
294;3476-CA56;Minette;Florey;Minette Florey;Female;24;Under 25;Some Travel;16;CA;White;Single;25102.00;0;No;2019-06-05;Yes;1;0;0;0;Sales;Bachelors;Economics;Sales Representative
295;34FB-D8F3;Sheffie;McCrum;Sheffie McCrum;Male;25;25-34;Some Travel;11;NY;White;Married;285138.00;1;No;2018-03-21;No;4;0;3;4;Technology;High School;Computer Science;Engineering Manager
296;354B-3BC6;Luci;Penburton;Luci Penburton;Female;21;Under 25;Some Travel;4;NY;White;Single;67900.00;0;No;2019-06-24;No;3;3;3;2;Technology;Bachelors;Business Studies;Software Engineer
297;3560-C117;Allyson;Kordas;Allyson Kordas;Female;28;25-34;Frequent Traveller;4;CA;Mixed or multiple ethnic groups;Married;65659.00;1;Yes;2012-05-09;Yes;2;0;0;0;Technology;Bachelors;Computer Science;Data Scientist
298;35D2-818A;Sonja;Crone;Sonja Crone;Female;26;25-34;Frequent Traveller;16;CA;White;Married;62602.00;0;Yes;2017-11-24;No;5;2;3;2;Technology;Masters;Other;Software Engineer
299;3642-EEAE;Eleanore;Gundrey;Eleanore Gundrey;Female;48;45-54;Some Travel;43;CA;White;Married;56053.00;1;No;2014-06-27;No;8;6;8;4;Technology;Bachelors;Information Systems;Data Scientist
300;3653-D544;Adria;Smurfit;Adria Smurfit;Female;25;25-34;Frequent Traveller;21;IL;Black or African American;Married;91332.00;1;No;2018-01-03;No;4;3;3;3;Sales;High School;Technical Degree;Sales Executive
301;36A3-F0A5;Hirsch;Broadnicke;Hirsch Broadnicke;Male;23;Under 25;Frequent Traveller;40;CA;White;Divorced;79724.00;1;No;2020-09-23;No;2;0;2;0;Technology;Bachelors;Computer Science;Senior Software Engineer
302;36E1-3DDF;Connie;Widocks;Connie Widocks;Non-Binary;24;Under 25;Some Travel;26;CA;Black or African American;Single;34657.00;0;No;2017-11-21;No;5;5;5;2;Technology;High School;Computer Science;Software Engineer
303;372C-E204;Doralia;Vassie;Doralia Vassie;Female;35;35-44;Some Travel;44;NY;White;Single;455643.00;1;Yes;2022-09-21;No;0;0;0;0;Technology;Masters;Computer Science;Data Scientist
304;3747-3110;Sarge;Antowski;Sarge Antowski;Male;23;Under 25;Some Travel;12;NY;Black or African American;Married;35776.00;2;Yes;2017-12-22;No;5;0;3;4;Technology;Bachelors;Computer Science;Software Engineer
305;37D7-54B9;Kimberli;Porritt;Kimberli Porritt;Female;37;35-44;Some Travel;20;IL;White;Married;195447.00;1;Yes;2019-10-22;No;3;3;3;3;Sales;Bachelors;Economics;Sales Executive
306;37DA-C03F;Wanids;Riggert;Wanids Riggert;Female;19;Under 25;No Travel;8;CA;White;Single;54502.00;1;No;2021-12-22;No;1;0;1;1;Technology;High School;Computer Science;Software Engineer
307;37EE-004B;Dyan;Boud;Dyan Boud;Female;22;Under 25;Some Travel;29;CA;White;Divorced;28790.00;1;No;2019-01-09;Yes;3;1;1;2;Technology;Bachelors;Information Systems;Data Scientist
308;380E-44B4;Esdras;Hallitt;Esdras Hallitt;Male;21;Under 25;Some Travel;19;IL;White;Single;25255.00;0;No;2022-08-01;Yes;0;0;0;0;Technology;Masters;Computer Science;Data Scientist
309;380F-A08A;Evvy;Labbez;Evvy Labbez;Female;32;25-34;Frequent Traveller;22;NY;White;Married;142488.00;1;No;2014-11-22;No;8;0;6;7;Sales;Bachelors;Marketing;Sales Executive
310;388D-DB68;Maybelle;Hurler;Maybelle Hurler;Female;27;25-34;Some Travel;40;CA;White;Married;34320.00;1;No;2015-06-07;No;7;5;6;5;Human Resources;Bachelors;Human Resources;Recruiter
311;38D7-6BB9;Amory;Gaskall;Amory Gaskall;Male;49;45-54;Frequent Traveller;43;CA;White;Divorced;368010.00;1;No;2022-03-13;No;0;0;0;0;Technology;Bachelors;Computer Science;Analytics Manager
312;38EB-ADBD;Berton;Jorissen;Berton Jorissen;Male;48;45-54;Some Travel;20;CA;White;Married;56546.00;1;No;2013-11-01;No;9;4;6;3;Technology;Bachelors;Information Systems;Software Engineer
313;3992-22AD;Kristal;le Keux;Kristal le Keux;Female;25;25-34;Some Travel;4;CA;Other;Single;48917.00;0;No;2017-08-19;No;5;2;4;3;Sales;Bachelors;Marketing;Sales Executive
314;3994-472A;Rolf;Cunah;Rolf Cunah;Male;29;25-34;Some Travel;33;CA;White;Divorced;153909.00;1;No;2012-04-23;No;10;10;10;2;Technology;Bachelors;Computer Science;Software Engineer
315;39A2-9B0A;Leesa;Wittke;Leesa Wittke;Female;19;Under 25;Frequent Traveller;35;CA;White;Single;24959.00;1;No;2022-10-25;Yes;0;0;0;0;Sales;Masters;Marketing;Sales Representative
316;39FC-7149;Kathye;Balden;Kathye Balden;Female;27;25-34;Some Travel;1;CA;White;Single;31450.00;0;No;2015-01-10;No;7;3;5;7;Technology;Bachelors;Computer Science;Software Engineer
317;3A0A-B70A;Matteo;Bonallack;Matteo Bonallack;Male;18;Under 25;No Travel;4;CA;White;Single;32191.00;1;No;2022-03-07;No;0;0;0;0;Technology;Bachelors;Information Systems;Software Engineer
318;3A20-7C3E;Jerrie;Carlos;Jerrie Carlos;Male;25;25-34;Some Travel;44;CA;White;Divorced;52210.00;3;No;2016-07-01;No;6;0;1;0;Technology;Masters;Other;Software Engineer
319;3A2C-ABB8;Gawain;Dewdney;Gawain Dewdney;Male;25;25-34;Some Travel;5;CA;White;Married;28646.00;1;No;2015-07-02;No;7;6;6;3;Technology;Bachelors;Computer Science;Software Engineer
320;3A36-DA50;Leia;Jackes;Leia Jackes;Female;24;Under 25;Some Travel;26;CA;White;Married;80374.00;2;No;2017-10-14;No;5;4;4;4;Technology;Bachelors;Information Systems;Senior Software Engineer
321;3A96-07A5;Teena;Nassey;Teena Nassey;Female;24;Under 25;No Travel;14;CA;Black or African American;Divorced;52975.00;1;Yes;2019-04-18;No;3;1;3;3;Sales;Bachelors;Marketing;Sales Executive
322;3B11-DF28;Helge;Exley;Helge Exley;Female;23;Under 25;Frequent Traveller;28;CA;White;Single;57133.00;0;No;2019-08-23;Yes;3;0;0;1;Technology;High School;Computer Science;Data Scientist
323;3B2D-9E60;Flora;Kowalski;Flora Kowalski;Female;37;35-44;Some Travel;33;CA;White;Married;236732.00;1;No;2020-06-30;No;2;2;2;2;Technology;No Formal Qualifications;Information Systems;Senior Software Engineer
324;3B90-B998;Giffy;Rofe;Giffy Rofe;Male;33;25-34;No Travel;26;CA;White;Divorced;43998.00;3;No;2014-09-29;No;8;6;7;2;Technology;Bachelors;Computer Science;Data Scientist
325;3BAB-C57E;Hashim;Payn;Hashim Payn;Male;19;Under 25;Some Travel;28;CA;White;Single;26062.00;3;Yes;2021-06-30;No;1;1;1;1;Technology;Bachelors;Information Systems;Data Scientist
326;3C31-30CB;Roxy;Firpi;Roxy Firpi;Female;24;Under 25;Some Travel;3;CA;White;Married;41664.00;1;No;2016-06-08;No;6;3;4;2;Technology;Bachelors;Business Studies;Software Engineer
327;3C73-12A0;Andee;Kenen;Andee Kenen;Female;22;Under 25;Some Travel;6;CA;White;Single;70766.00;0;No;2020-02-15;No;2;0;2;1;Technology;High School;Information Systems;Senior Software Engineer
328;3C78-06E7;Konstantin;Muldownie;Konstantin Muldownie;Male;24;Under 25;Some Travel;7;CA;Asian or Asian American;Married;85074.00;1;No;2018-01-15;No;4;1;2;4;Technology;Masters;Information Systems;Software Engineer
329;3C7D-86ED;Joyan;Brason;Joyan Brason;Female;40;35-44;Some Travel;3;CA;Native Hawaiian;Divorced;104426.00;1;No;2012-01-11;No;10;3;4;6;Sales;High School;Other;Sales Executive
330;3CCD-CF5F;Stesha;McCay;Stesha McCay;Female;31;25-34;Some Travel;13;CA;White;Married;183057.00;2;No;2021-11-23;No;1;1;1;1;Sales;Doctorate;Marketing;Sales Executive
331;3CD6-5587;Dorise;Klishin;Dorise Klishin;Female;31;25-34;Some Travel;20;CA;White;Single;59697.00;0;Yes;2012-02-02;Yes;7;5;6;0;Technology;High School;Computer Science;Software Engineer
332;3CFD-6622;Adelina;Bittlestone;Adelina Bittlestone;Female;40;35-44;Frequent Traveller;19;CA;Black or African American;Single;513325.00;0;No;2019-03-10;No;3;0;0;1;Technology;Bachelors;Information Systems;Analytics Manager
333;3D47-6A75;Burch;Albers;Burch Albers;Male;45;45-54;Some Travel;20;CA;White;Married;374781.00;1;No;2021-04-30;No;1;1;1;1;Sales;Bachelors;Marketing;Manager
334;3D71-8DC2;Alix;Blazejewski;Alix Blazejewski;Male;38;35-44;Some Travel;20;IL;Black or African American;Married;147098.00;1;No;2012-01-11;No;10;5;8;2;Sales;Masters;Marketing;Sales Executive
335;3D9E-FB05;Raynor;Deane;Raynor Deane;Male;25;25-34;Some Travel;2;CA;Black or African American;Married;75555.00;1;No;2016-11-08;No;6;5;6;4;Sales;Masters;Economics;Sales Executive
336;3DB7-2942;Cordula;Upjohn;Cordula Upjohn;Female;27;25-34;Some Travel;3;CA;Asian or Asian American;Married;137012.00;1;No;2015-08-16;No;7;6;7;7;Technology;High School;Computer Science;Engineering Manager
337;3DBF-E552;Stavro;Aird;Stavro Aird;Male;49;45-54;No Travel;22;NY;White;Married;509261.00;1;No;2021-10-12;No;1;1;1;0;Human Resources;Masters;Human Resources;HR Manager
338;3DCC-7FA4;Sherrie;Chantler;Sherrie Chantler;Female;34;25-34;Frequent Traveller;30;CA;Mixed or multiple ethnic groups;Married;311448.00;2;Yes;2019-04-12;No;3;1;2;2;Sales;High School;Marketing;Manager
339;3E3B-681D;Franz;Brighouse;Franz Brighouse;Male;23;Under 25;Some Travel;30;CA;White;Single;24518.00;0;No;2019-04-25;No;3;2;2;3;Technology;High School;Information Systems;Data Scientist
340;3E42-57C8;Quinton;McAllister;Quinton McAllister;Male;23;Under 25;Some Travel;12;IL;White;Single;84985.00;0;No;2020-05-01;Yes;1;0;0;0;Sales;Bachelors;Marketing;Sales Executive
341;3E4A-F28F;Rubi;Hawkwood;Rubi Hawkwood;Female;20;Under 25;Some Travel;45;IL;Black or African American;Married;41877.00;0;No;2022-11-02;Yes;0;0;0;0;Technology;High School;Information Systems;Senior Software Engineer
342;3E50-011E;Carol;Burgill;Carol Burgill;Female;24;Under 25;No Travel;29;CA;White;Married;158330.00;3;Yes;2017-08-18;No;5;1;3;0;Technology;Masters;Information Systems;Machine Learning Engineer
343;3EAA-95E5;Beatrix;Epelett;Beatrix Epelett;Non-Binary;40;35-44;Some Travel;40;CA;White;Divorced;265523.00;1;No;2018-07-20;No;4;1;3;1;Technology;Masters;Computer Science;Machine Learning Engineer
344;3EB2-9111;Ginger;Blinde;Ginger Blinde;Male;48;45-54;Some Travel;26;IL;White;Divorced;35749.00;2;No;2012-05-17;No;10;7;7;8;Technology;Masters;Information Systems;Data Scientist
345;3EDA-3BDE;Raynard;Revie;Raynard Revie;Male;31;25-34;Some Travel;19;CA;White;Single;371727.00;0;No;2019-04-09;No;3;2;3;2;Technology;No Formal Qualifications;Information Systems;Engineering Manager
346;3F0C-41A7;Mendie;Readie;Mendie Readie;Male;24;Under 25;Some Travel;27;CA;Mixed or multiple ethnic groups;Single;79828.00;0;No;2016-01-27;No;6;2;3;0;Sales;Masters;Marketing;Sales Executive
347;3F19-FC5A;Hy;Trevance;Hy Trevance;Male;35;35-44;Some Travel;29;NY;White;Divorced;182764.00;2;Yes;2012-03-10;No;10;7;9;9;Sales;Doctorate;Marketing;Sales Executive
348;3F25-EF5E;Tybalt;Horlick;Tybalt Horlick;Male;23;Under 25;Some Travel;9;NY;White;Married;33750.00;1;No;2020-07-10;No;2;0;2;0;Sales;High School;Marketing;Sales Representative
349;3F3F-E438;Kathleen;Wanjek;Kathleen Wanjek;Female;21;Under 25;No Travel;24;CA;White;Married;53912.00;2;Yes;2021-04-02;No;1;1;1;0;Technology;Doctorate;Information Systems;Software Engineer
350;3F5B-6277;Katerine;Fredi;Katerine Fredi;Female;19;Under 25;Some Travel;36;CA;White;Single;23385.00;2;No;2021-01-06;No;1;0;1;1;Technology;High School;Information Systems;Software Engineer
351;3F9D-8094;Denys;Ponten;Denys Ponten;Male;19;Under 25;Frequent Traveller;13;CA;White;Single;65960.00;3;No;2021-11-16;No;1;0;1;0;Sales;High School;Economics;Sales Executive
352;401F-CC71;Ezekiel;Phipps;Ezekiel Phipps;Male;31;25-34;Some Travel;36;NY;White;Single;139882.00;0;No;2022-02-11;No;0;0;0;0;Sales;Bachelors;Marketing;Sales Executive
353;4044-F6D4;Erny;Waywell;Erny Waywell;Male;40;35-44;Some Travel;33;CA;White;Single;271683.00;1;Yes;2022-07-26;No;0;0;0;0;Technology;Bachelors;Business Studies;Senior Software Engineer
354;4049-CF88;Jose;Davydzenko;Jose Davydzenko;Male;20;Under 25;Some Travel;25;NY;White;Married;40341.00;1;Yes;2020-04-18;No;2;1;1;2;Technology;Masters;Information Systems;Data Scientist
355;40A9-8EB0;Joannes;McFadden;Joannes McFadden;Female;39;35-44;Some Travel;31;CA;White;Single;90017.00;0;Yes;2012-02-07;No;10;7;7;3;Technology;Bachelors;Information Systems;Software Engineer
356;40BE-EEAF;Adriano;Purselowe;Adriano Purselowe;Male;24;Under 25;Frequent Traveller;45;CA;White;Single;85422.00;0;Yes;2021-03-28;Yes;1;0;0;0;Technology;Bachelors;Computer Science;Data Scientist
357;40CC-6231;Rodi;McGerraghty;Rodi McGerraghty;Female;25;25-34;Frequent Traveller;17;CA;Native Hawaiian;Married;54566.00;1;No;2016-06-15;No;6;3;6;5;Technology;Bachelors;Computer Science;Software Engineer
358;411F-6325;Fabio;Metham;Fabio Metham;Male;27;25-34;Frequent Traveller;45;CA;White;Single;34579.00;0;No;2016-06-17;No;6;4;4;4;Technology;High School;Information Systems;Data Scientist
359;4188-C61D;Fanny;Yoell;Fanny Yoell;Female;22;Under 25;No Travel;27;CA;White;Single;23039.00;0;No;2018-03-08;Yes;0;0;0;0;Technology;No Formal Qualifications;Information Systems;Data Scientist
360;41A7-9C19;Ginevra;Edson;Ginevra Edson;Female;23;Under 25;Some Travel;8;NY;Mixed or multiple ethnic groups;Married;78937.00;1;No;2018-04-10;No;4;0;3;0;Sales;Masters;Economics;Sales Executive
361;41DC-E8B5;Ware;Casbon;Ware Casbon;Male;47;45-54;Some Travel;17;CA;White;Single;106840.00;0;No;2014-12-06;No;8;3;4;8;Sales;Bachelors;Other;Sales Executive
362;41EC-F2AA;Antoinette;Dreamer;Antoinette Dreamer;Female;26;25-34;Frequent Traveller;42;CA;Asian or Asian American;Married;56966.00;1;No;2015-05-04;No;7;4;5;2;Technology;No Formal Qualifications;Computer Science;Data Scientist
363;41FE-D257;Murdock;Heinsius;Murdock Heinsius;Male;23;Under 25;Frequent Traveller;31;CA;Mixed or multiple ethnic groups;Single;23505.00;0;No;2017-07-12;Yes;1;0;0;0;Sales;Bachelors;Technical Degree;Sales Representative
364;422B-53AC;Otis;Liquorish;Otis Liquorish;Non-Binary;29;25-34;Some Travel;29;CA;White;Single;134537.00;0;Yes;2022-06-16;No;0;0;0;0;Sales;High School;Marketing;Sales Executive
365;4236-4F51;Nico;Playden;Nico Playden;Male;21;Under 25;No Travel;42;CA;White;Married;57118.00;3;No;2019-03-05;No;3;1;3;0;Technology;Bachelors;Computer Science;Data Scientist
366;425F-4D2D;Kimberlyn;Preston;Kimberlyn Preston;Female;25;25-34;Some Travel;30;CA;Mixed or multiple ethnic groups;Divorced;57742.00;2;Yes;2018-05-10;No;4;3;4;1;Sales;Masters;Marketing;Sales Executive
367;4268-9EAD;Hymie;Jedryka;Hymie Jedryka;Male;24;Under 25;Some Travel;9;NY;White;Single;108352.00;0;Yes;2022-01-26;No;0;0;0;0;Technology;Bachelors;Information Systems;Machine Learning Engineer
368;427A-8C69;Pasquale;Abreheart;Pasquale Abreheart;Male;32;25-34;Some Travel;15;CA;Mixed or multiple ethnic groups;Married;393294.00;1;No;2012-02-04;No;10;2;2;2;Technology;Bachelors;Other;Analytics Manager
369;4294-03D1;Lettie;D'Emanuele;Lettie D'Emanuele;Female;43;35-44;Some Travel;12;CA;White;Married;513262.00;0;No;2016-06-30;No;6;1;3;1;Sales;Masters;Marketing;Manager
370;42CC-040A;Stace;Savege;Stace Savege;Female;29;25-34;Some Travel;29;CA;White;Single;49606.00;0;No;2012-01-05;Yes;6;1;1;6;Human Resources;High School;Technical Degree;Recruiter
371;42F5-707F;Wilburt;Feldhuhn;Wilburt Feldhuhn;Male;23;Under 25;Some Travel;44;NY;White;Married;81034.00;2;Yes;2018-03-25;No;4;1;1;0;Technology;Bachelors;Information Systems;Senior Software Engineer
372;4304-4B4E;Lonni;McConnel;Lonni McConnel;Female;29;25-34;Some Travel;8;NY;White;Married;163950.00;1;No;2019-04-30;No;3;3;3;0;Sales;Bachelors;Marketing;Sales Executive
373;4316-C080;Padraig;Carnell;Padraig Carnell;Male;34;25-34;No Travel;25;CA;Mixed or multiple ethnic groups;Married;238630.00;1;No;2013-08-05;No;9;0;3;6;Technology;No Formal Qualifications;Computer Science;Senior Software Engineer
374;437C-4AD0;Cosmo;Viney;Cosmo Viney;Male;40;35-44;Frequent Traveller;2;NY;White;Married;260835.00;2;No;2020-05-14;No;2;1;2;0;Technology;Masters;Computer Science;Analytics Manager
375;43DD-6998;Angelia;Letrange;Angelia Letrange;Female;48;45-54;Some Travel;9;CA;White;Divorced;517695.00;1;No;2019-10-29;No;3;2;2;3;Technology;Masters;Business Studies;Analytics Manager
376;4404-DE5A;Karina;Weddup;Karina Weddup;Female;32;25-34;Some Travel;39;CA;Asian or Asian American;Single;68256.00;0;No;2012-05-10;No;10;7;9;6;Technology;No Formal Qualifications;Computer Science;Software Engineer
377;4467-6B8F;Shandeigh;Plott;Shandeigh Plott;Female;26;25-34;Frequent Traveller;28;NY;Mixed or multiple ethnic groups;Divorced;79324.00;0;Yes;2017-09-29;No;5;2;3;5;Technology;Masters;Information Systems;Machine Learning Engineer
378;449E-0EB7;Dniren;Muddiman;Dniren Muddiman;Female;23;Under 25;Frequent Traveller;26;NY;White;Married;44646.00;1;No;2019-11-15;No;3;1;2;2;Sales;No Formal Qualifications;Marketing;Sales Executive
379;4500-37EB;Haydon;Bastable;Haydon Bastable;Male;30;25-34;Frequent Traveller;40;CA;Mixed or multiple ethnic groups;Divorced;44632.00;1;No;2013-03-26;Yes;1;0;0;0;Sales;High School;Marketing;Sales Representative
380;450D-13A9;Arlene;Warstall;Arlene Warstall;Female;26;25-34;Some Travel;29;NY;Black or African American;Single;28024.00;0;No;2015-11-30;No;7;0;7;5;Sales;Bachelors;Economics;Sales Representative
381;4563-8637;Vernor;Farrell;Vernor Farrell;Male;25;25-34;Some Travel;44;CA;Mixed or multiple ethnic groups;Married;75635.00;2;No;2017-06-07;No;5;2;2;5;Sales;High School;Marketing;Sales Executive
382;4565-62DE;Travis;Janota;Travis Janota;Male;37;35-44;Some Travel;29;IL;Mixed or multiple ethnic groups;Single;155506.00;0;No;2014-03-18;No;8;8;8;8;Technology;Bachelors;Computer Science;Machine Learning Engineer
383;45A4-C1D0;Baxy;Goodliff;Baxy Goodliff;Male;22;Under 25;Some Travel;11;IL;Mixed or multiple ethnic groups;Divorced;74314.00;1;No;2018-03-14;No;4;0;1;3;Technology;Bachelors;Computer Science;Software Engineer
384;45BA-6683;Hort;Rawstron;Hort Rawstron;Male;23;Under 25;Some Travel;1;IL;Black or African American;Divorced;47648.00;1;Yes;2017-08-29;No;5;2;4;5;Technology;No Formal Qualifications;Other;Data Scientist
385;45D2-369E;Melvin;McGeneay;Melvin McGeneay;Male;30;25-34;Some Travel;7;CA;White;Married;70182.00;1;No;2013-06-07;No;9;8;9;8;Technology;No Formal Qualifications;Information Systems;Data Scientist
386;45D7-5C8A;Artemus;Boyet;Artemus Boyet;Male;26;25-34;Some Travel;45;CA;Black or African American;Married;20650.00;1;No;2014-05-10;Yes;2;0;0;1;Sales;Bachelors;Technical Degree;Sales Representative
387;45F9-3A37;Talbot;Sturgess;Talbot Sturgess;Male;21;Under 25;Some Travel;34;CA;Black or African American;Single;61758.00;0;No;2022-11-22;Yes;0;0;0;0;Technology;Masters;Information Systems;Software Engineer
388;45FF-ACE6;Korrie;Plampin;Korrie Plampin;Female;28;25-34;Some Travel;13;CA;White;Married;207479.00;3;No;2020-07-19;Yes;1;0;0;0;Sales;Bachelors;Marketing;Sales Executive
389;4626-5168;Tades;Haggith;Tades Haggith;Male;18;Under 25;Some Travel;37;CA;White;Single;32480.00;0;No;2022-03-25;No;0;0;0;0;Sales;Masters;Marketing;Sales Representative
390;462E-03DF;Muffin;Ellcome;Muffin Ellcome;Female;45;45-54;Some Travel;20;NY;White;Married;90264.00;0;Yes;2012-03-19;No;10;2;4;4;Technology;No Formal Qualifications;Computer Science;Software Engineer
391;4657-FE18;Staford;Perrins;Staford Perrins;Non-Binary;29;25-34;Some Travel;25;CA;American Indian or Alaska Native;Married;145716.00;1;No;2018-02-22;Yes;1;0;1;1;Technology;High School;Information Systems;Senior Software Engineer
392;465A-91D1;Ranna;Crosbie;Ranna Crosbie;Female;42;35-44;Some Travel;36;NY;Other;Single;43753.00;0;No;2013-05-01;No;9;0;1;1;Sales;No Formal Qualifications;Marketing;Sales Representative
393;4673-EBEC;Ollie;Chellam;Ollie Chellam;Male;28;25-34;Some Travel;24;NY;Mixed or multiple ethnic groups;Married;78735.00;1;No;2015-07-23;No;7;0;2;4;Sales;High School;Marketing;Sales Executive
394;467E-977A;Jud;Melanaphy;Jud Melanaphy;Male;20;Under 25;Some Travel;28;CA;Black or African American;Single;38508.00;0;No;2022-12-26;No;0;0;0;0;Technology;High School;Computer Science;Software Engineer
395;468A-E249;Ninon;Leathwood;Ninon Leathwood;Female;26;25-34;Some Travel;22;CA;Mixed or multiple ethnic groups;Married;206137.00;1;No;2015-06-27;No;7;1;1;5;Technology;Bachelors;Business Studies;Engineering Manager
396;469A-8121;Baxie;Rising;Baxie Rising;Male;30;25-34;Some Travel;36;CA;American Indian or Alaska Native;Married;328415.00;0;No;2012-01-20;No;10;1;10;1;Technology;Masters;Information Systems;Engineering Manager
397;46C8-1E24;Anjela;Berns;Anjela Berns;Female;47;45-54;Some Travel;32;CA;White;Single;243869.00;0;No;2020-10-04;No;2;1;1;0;Technology;Bachelors;Information Systems;Machine Learning Engineer
398;46D6-CA7A;Vanya;Gittoes;Vanya Gittoes;Male;27;25-34;Frequent Traveller;16;CA;Mixed or multiple ethnic groups;Single;75275.00;0;No;2016-01-19;No;6;4;5;5;Technology;Masters;Information Systems;Senior Software Engineer
399;46E1-5086;Herculie;Wasielewicz;Herculie Wasielewicz;Non-Binary;18;Under 25;Some Travel;4;NY;White;Single;74515.00;3;Yes;2022-03-23;No;0;0;0;0;Sales;Masters;Marketing;Sales Executive
400;46ED-4007;Ulysses;Wathan;Ulysses Wathan;Male;34;25-34;Frequent Traveller;40;IL;Asian or Asian American;Married;140097.00;0;No;2013-09-27;No;9;2;8;6;Sales;Bachelors;Economics;Sales Executive
401;473C-EA4E;Myron;Millard;Myron Millard;Male;26;25-34;Some Travel;28;CA;Mixed or multiple ethnic groups;Married;246505.00;1;No;2017-09-04;No;5;1;3;2;Technology;Doctorate;Computer Science;Engineering Manager
402;4795-4D3F;Tammy;Flaws;Tammy Flaws;Male;20;Under 25;Some Travel;18;CA;White;Married;28544.00;1;Yes;2022-04-27;No;0;0;0;0;Technology;Masters;Computer Science;Data Scientist
403;47A0-559B;Ermentrude;Berrie;Ermentrude Berrie;Non-Binary;39;35-44;Some Travel;12;IL;White;Married;293132.00;0;No;2012-01-05;No;10;10;10;0;Technology;Bachelors;Computer Science;Engineering Manager
404;47C9-BD11;Conrad;Soule;Conrad Soule;Prefer Not To Say;43;35-44;Frequent Traveller;37;CA;White;Married;199718.00;0;No;2020-08-03;No;2;1;2;2;Technology;No Formal Qualifications;Information Systems;Senior Software Engineer
405;4846-2EC2;Luise;Ornillos;Luise Ornillos;Female;26;25-34;Some Travel;31;CA;White;Married;56187.00;1;No;2020-05-26;No;2;2;2;2;Technology;High School;Information Systems;Software Engineer
406;4862-E40F;Cob;Stewart;Cob Stewart;Male;46;45-54;Some Travel;39;CA;Mixed or multiple ethnic groups;Single;381759.00;0;No;2018-06-15;No;4;2;4;4;Technology;Bachelors;Computer Science;Analytics Manager
407;4875-109B;Molly;Lawdham;Molly Lawdham;Female;23;Under 25;Some Travel;40;IL;White;Married;52039.00;0;Yes;2018-09-03;No;4;1;1;0;Sales;Masters;Marketing;Sales Executive
408;4886-62DF;Gabey;Trethowan;Gabey Trethowan;Female;48;45-54;Some Travel;45;IL;White;Single;207456.00;0;No;2013-10-18;No;9;2;6;4;Technology;Bachelors;Other;Senior Software Engineer
409;489B-14EC;Harley;Angelini;Harley Angelini;Female;21;Under 25;Some Travel;15;IL;White;Married;62882.00;0;Yes;2021-01-09;Yes;0;0;0;0;Technology;High School;Computer Science;Machine Learning Engineer
410;48B9-8A61;Clarita;Chetter;Clarita Chetter;Female;19;Under 25;Some Travel;44;CA;White;Single;42900.00;2;Yes;2021-02-28;No;1;0;1;0;Technology;Masters;Computer Science;Machine Learning Engineer
411;4938-402A;Gherardo;Stratiff;Gherardo Stratiff;Male;24;Under 25;No Travel;6;CA;Black or African American;Divorced;135407.00;1;No;2018-07-05;No;4;2;4;2;Sales;Bachelors;Economics;Manager
412;494B-7047;Nicolina;Cordelle;Nicolina Cordelle;Non-Binary;22;Under 25;No Travel;32;NY;White;Single;38358.00;0;No;2019-07-05;No;3;2;2;3;Technology;High School;Computer Science;Software Engineer
413;4969-9A35;Thekla;Flintuff;Thekla Flintuff;Non-Binary;39;35-44;Frequent Traveller;8;CA;Asian or Asian American;Single;137427.00;0;Yes;2012-03-04;No;10;9;10;8;Technology;Masters;Information Systems;Software Engineer
414;4971-33F9;Fremont;Ackenson;Fremont Ackenson;Male;41;35-44;Some Travel;28;NY;American Indian or Alaska Native;Divorced;184411.00;3;No;2017-10-17;No;5;5;5;4;Technology;Masters;Business Studies;Senior Software Engineer
415;49B2-0364;Husain;Frizzell;Husain Frizzell;Male;45;45-54;Frequent Traveller;1;NY;Black or African American;Married;70487.00;1;No;2012-05-09;No;10;0;7;3;Sales;Bachelors;Marketing;Sales Representative
416;4A0E-3728;Nancy;Summerton;Nancy Summerton;Female;28;25-34;No Travel;4;IL;White;Married;152909.00;1;No;2019-02-15;No;3;1;3;2;Human Resources;Doctorate;Economics;HR Executive
417;4A0E-9958;Axel;Aicheson;Axel Aicheson;Male;26;25-34;Some Travel;6;CA;Black or African American;Married;89771.00;2;Yes;2016-10-04;Yes;1;0;0;0;Technology;Masters;Information Systems;Machine Learning Engineer
418;4A39-E8E6;Hernando;Larkings;Hernando Larkings;Male;35;35-44;Some Travel;26;CA;White;Married;311475.00;0;No;2014-04-15;No;8;0;0;2;Technology;Bachelors;Information Systems;Engineering Manager
419;4A5B-6102;Gabby;Gartsyde;Gabby Gartsyde;Male;19;Under 25;Some Travel;23;CA;White;Single;67873.00;0;Yes;2022-10-15;No;0;0;0;0;Technology;Bachelors;Computer Science;Senior Software Engineer
420;4B6E-3C21;Heidie;McCrone;Heidie McCrone;Female;32;25-34;Some Travel;29;CA;White;Divorced;68043.00;0;No;2013-09-25;Yes;8;0;1;6;Sales;Masters;Economics;Sales Executive
421;4B7E-9DE5;Tanner;Syplus;Tanner Syplus;Male;21;Under 25;Some Travel;5;NY;White;Married;25060.00;1;No;2021-03-22;No;1;1;1;1;Technology;Bachelors;Computer Science;Software Engineer
422;4BE1-4A7B;Alexander;Winstone;Alexander Winstone;Male;23;Under 25;Frequent Traveller;10;NY;White;Divorced;44566.00;0;Yes;2020-01-29;Yes;1;0;0;0;Technology;Bachelors;Information Systems;Software Engineer
423;4BED-C7C2;Kahlil;Kelso;Kahlil Kelso;Male;24;Under 25;Some Travel;18;CA;White;Married;29722.00;1;No;2019-11-06;No;3;1;3;2;Technology;Bachelors;Information Systems;Software Engineer
424;4C06-7031;Jaine;Pashan;Jaine Pashan;Female;43;35-44;Some Travel;35;CA;White;Single;286660.00;0;No;2021-04-26;No;1;0;0;1;Technology;Doctorate;Computer Science;Engineering Manager
425;4C41-7F73;Libby;Mustoe;Libby Mustoe;Female;24;Under 25;Some Travel;30;CA;White;Divorced;94318.00;1;Yes;2016-09-21;No;6;3;6;5;Technology;Bachelors;Computer Science;Machine Learning Engineer
426;4C62-5BE8;Cristine;Lambdon;Cristine Lambdon;Non-Binary;39;35-44;Frequent Traveller;4;CA;White;Single;87879.00;0;Yes;2013-05-25;No;9;6;8;9;Technology;No Formal Qualifications;Business Studies;Software Engineer
427;4C66-6E16;Niki;Boseley;Niki Boseley;Male;33;25-34;Some Travel;4;CA;Black or African American;Single;335261.00;0;No;2017-08-03;No;5;5;5;0;Technology;Masters;Information Systems;Engineering Manager
428;4C72-E72F;Sharlene;MacGuffog;Sharlene MacGuffog;Female;24;Under 25;Some Travel;43;CA;White;Divorced;54841.00;3;Yes;2018-05-31;No;4;3;4;0;Sales;High School;Economics;Sales Executive
429;4C88-27A1;Eleonora;Grosier;Eleonora Grosier;Female;21;Under 25;Some Travel;38;CA;White;Married;63049.00;0;Yes;2021-03-01;Yes;0;0;0;0;Technology;No Formal Qualifications;Information Systems;Senior Software Engineer
430;4C99-E626;Friederike;Wandrey;Friederike Wandrey;Female;25;25-34;No Travel;11;CA;Black or African American;Single;96779.00;0;No;2018-05-14;No;4;0;0;3;Technology;Bachelors;Computer Science;Data Scientist
431;4CA1-F139;Rockwell;Draysay;Rockwell Draysay;Male;24;Under 25;Frequent Traveller;34;NY;Black or African American;Single;28484.00;0;Yes;2019-05-01;Yes;1;1;1;1;Technology;High School;Computer Science;Software Engineer
432;4CCA-B1E6;Dolf;Featenby;Dolf Featenby;Male;43;35-44;Some Travel;39;CA;White;Divorced;176705.00;1;No;2012-05-05;No;10;5;7;7;Sales;High School;Marketing;Sales Executive
433;4CD7-B91C;Jaime;Luca;Jaime Luca;Male;21;Under 25;Some Travel;43;CA;White;Single;71698.00;0;No;2019-06-05;No;3;0;3;3;Technology;High School;Computer Science;Machine Learning Engineer
434;4D07-1452;Duke;Whittenbury;Duke Whittenbury;Male;21;Under 25;Frequent Traveller;42;NY;White;Single;46750.00;0;No;2020-03-23;No;2;0;0;0;Sales;High School;Marketing;Sales Executive
435;4D59-B831;Nell;Teague;Nell Teague;Female;25;25-34;Some Travel;14;CA;Other;Married;22150.00;1;No;2018-06-25;Yes;2;0;1;1;Human Resources;No Formal Qualifications;Human Resources;Recruiter
436;4D7E-BDA4;Asher;Esson;Asher Esson;Male;34;25-34;Some Travel;19;CA;Asian or Asian American;Single;46740.00;0;No;2014-03-06;No;8;1;6;1;Sales;Bachelors;Marketing;Sales Representative
437;4D95-ECAD;Daffy;Borlease;Daffy Borlease;Female;23;Under 25;Some Travel;32;CA;White;Divorced;47294.00;3;No;2019-12-18;No;3;0;2;0;Technology;Masters;Computer Science;Data Scientist
438;4DA0-81D7;Cole;Vost;Cole Vost;Male;28;25-34;Some Travel;34;CA;Asian or Asian American;Single;94534.00;0;No;2013-05-11;No;9;3;3;1;Human Resources;High School;Marketing;HR Executive
439;4DDB-A84D;Nevins;Quick;Nevins Quick;Male;46;45-54;Some Travel;38;IL;White;Married;325452.00;1;No;2018-12-16;No;4;3;4;3;Sales;Bachelors;Marketing;Sales Executive
440;4DE2-9EB3;Isacco;Origan;Isacco Origan;Non-Binary;22;Under 25;No Travel;7;CA;White;Married;27782.00;3;No;2021-12-13;No;1;1;1;1;Technology;Bachelors;Information Systems;Software Engineer
441;4E65-CCD0;Billie;Sanday;Billie Sanday;Non-Binary;26;25-34;Some Travel;16;CA;White;Married;54746.00;1;Yes;2015-01-27;No;7;2;4;4;Technology;No Formal Qualifications;Computer Science;Senior Software Engineer
442;4F1D-6F75;Corry;Redwall;Corry Redwall;Female;19;Under 25;Some Travel;33;NY;White;Married;49005.00;0;No;2021-08-04;No;1;0;1;0;Technology;Bachelors;Other;Senior Software Engineer
443;4F22-FF67;Care;Ireland;Care Ireland;Male;24;Under 25;Some Travel;24;NY;White;Single;28156.00;0;Yes;2016-11-18;No;6;6;6;5;Technology;Bachelors;Computer Science;Software Engineer
444;4F28-CFAF;Juditha;Burdell;Juditha Burdell;Female;25;25-34;Some Travel;11;IL;Black or African American;Single;53930.00;0;Yes;2018-09-13;Yes;3;2;3;1;Sales;Bachelors;Marketing;Sales Executive
445;4F64-A0E2;Baird;Trays;Baird Trays;Non-Binary;48;45-54;Frequent Traveller;9;NY;Native Hawaiian;Divorced;288450.00;2;Yes;2014-05-24;No;8;2;6;4;Sales;Bachelors;Economics;Sales Executive
446;4FA9-D343;Consolata;Risom;Consolata Risom;Female;21;Under 25;Frequent Traveller;33;NY;White;Divorced;60810.00;1;No;2021-05-18;No;1;0;1;1;Sales;Bachelors;Marketing;Sales Executive
447;4FAC-96CB;Dwayne;Sturror;Dwayne Sturror;Male;24;Under 25;Some Travel;9;CA;White;Divorced;110542.00;1;No;2019-08-23;No;3;3;3;2;Sales;Masters;Marketing;Sales Executive
448;4FBA-4591;Sib;Coughan;Sib Coughan;Female;42;35-44;Some Travel;20;CA;Black or African American;Married;241646.00;3;Yes;2019-01-07;No;3;0;1;3;Sales;Masters;Marketing;Sales Executive
449;4FC2-A40D;Gayle;Riseley;Gayle Riseley;Female;32;25-34;No Travel;12;NY;Black or African American;Married;316725.00;1;No;2012-02-02;No;10;6;10;2;Technology;Bachelors;Computer Science;Engineering Manager
450;4FCD-7D65;Frannie;Dunrige;Frannie Dunrige;Female;24;Under 25;No Travel;26;CA;Asian or Asian American;Divorced;77358.00;1;Yes;2017-05-30;No;5;0;0;4;Technology;Masters;Computer Science;Senior Software Engineer
451;4FD5-CC71;Sibley;Jeans;Sibley Jeans;Female;22;Under 25;Some Travel;31;CA;Black or African American;Married;75738.00;3;Yes;2019-02-23;Yes;3;1;2;0;Technology;Masters;Information Systems;Software Engineer
452;5000-8203;Otha;Lehrmann;Otha Lehrmann;Female;38;35-44;Some Travel;10;CA;White;Divorced;445906.00;2;Yes;2020-01-13;No;2;0;1;2;Technology;Masters;Information Systems;Analytics Manager
453;5021-423E;Standford;Dodshun;Standford Dodshun;Male;18;Under 25;Frequent Traveller;25;NY;White;Single;72639.00;0;No;2022-09-28;No;0;0;0;0;Technology;Masters;Information Systems;Data Scientist
454;5021-95FC;Louie;Trowsdall;Louie Trowsdall;Male;29;25-34;Some Travel;44;CA;White;Single;377203.00;0;Yes;2013-07-16;Yes;5;4;4;0;Sales;Bachelors;Marketing;Manager
455;503B-AACE;Cherilynn;Swafford;Cherilynn Swafford;Female;25;25-34;Some Travel;10;CA;Mixed or multiple ethnic groups;Single;23198.00;0;No;2018-07-26;No;4;0;3;0;Technology;Bachelors;Information Systems;Data Scientist
456;5060-A677;Zebulen;Rubrow;Zebulen Rubrow;Male;26;25-34;Frequent Traveller;45;CA;Mixed or multiple ethnic groups;Divorced;108865.00;2;No;2016-01-21;Yes;1;0;0;1;Technology;Bachelors;Information Systems;Machine Learning Engineer
457;50FB-5702;Betty;Greetland;Betty Greetland;Female;31;25-34;No Travel;7;NY;White;Married;186215.00;1;No;2021-01-04;No;1;0;1;1;Sales;High School;Marketing;Sales Executive
458;5154-0F13;Hilary;Easlea;Hilary Easlea;Male;19;Under 25;Frequent Traveller;44;CA;White;Single;37645.00;1;No;2022-08-27;No;0;0;0;0;Sales;Bachelors;Marketing;Sales Executive
459;5160-53BD;Conrado;Tomaini;Conrado Tomaini;Non-Binary;29;25-34;Some Travel;24;NY;Black or African American;Single;41307.00;0;No;2014-08-19;Yes;0;0;0;0;Technology;Bachelors;Computer Science;Software Engineer
460;51A4-EA6E;Jo;Medlar;Jo Medlar;Non-Binary;46;45-54;Some Travel;17;CA;White;Married;223874.00;1;No;2021-07-19;Yes;1;0;0;0;Sales;Bachelors;Marketing;Sales Executive
461;5222-EBE1;Saxe;Theodoris;Saxe Theodoris;Male;30;25-34;Some Travel;14;CA;Asian or Asian American;Married;194823.00;1;No;2012-04-01;No;10;4;9;8;Technology;Masters;Computer Science;Machine Learning Engineer
462;5237-1B85;Faydra;Losbie;Faydra Losbie;Female;28;25-34;Some Travel;9;NY;Asian or Asian American;Single;43578.00;0;Yes;2012-04-27;Yes;5;3;5;5;Technology;Masters;Computer Science;Software Engineer
463;528C-3E0D;Giffer;Raspin;Giffer Raspin;Male;30;25-34;Some Travel;4;CA;Native Hawaiian;Married;42045.00;0;Yes;2013-10-15;Yes;6;0;3;3;Technology;No Formal Qualifications;Information Systems;Data Scientist
464;5293-AC5C;Sydney;Metham;Sydney Metham;Male;44;35-44;Some Travel;27;NY;Asian or Asian American;Single;101906.00;0;No;2014-03-15;No;8;3;4;7;Sales;Bachelors;Economics;Sales Executive
465;52CC-3E9E;Ogdon;Madsen;Ogdon Madsen;Male;30;25-34;Frequent Traveller;13;CA;Mixed or multiple ethnic groups;Divorced;40321.00;1;Yes;2013-08-26;Yes;5;0;0;3;Technology;Masters;Computer Science;Software Engineer
466;52DD-757F;Danielle;Viste;Danielle Viste;Female;48;45-54;No Travel;40;CA;White;Divorced;92884.00;1;No;2012-05-30;No;10;5;9;2;Technology;High School;Information Systems;Machine Learning Engineer
467;531D-788E;Durand;Boord;Durand Boord;Male;21;Under 25;Frequent Traveller;16;CA;White;Single;42569.00;0;No;2022-04-13;Yes;0;0;0;0;Technology;High School;Computer Science;Data Scientist
468;533B-938D;Morris;Bente;Morris Bente;Male;28;25-34;Some Travel;43;NY;Mixed or multiple ethnic groups;Divorced;157549.00;1;No;2015-10-20;No;7;0;0;3;Sales;Masters;Marketing;Sales Executive
469;5381-86E4;Walker;Tribble;Walker Tribble;Male;24;Under 25;Some Travel;11;CA;White;Single;57054.00;0;No;2018-11-28;No;4;4;4;4;Technology;Bachelors;Computer Science;Senior Software Engineer
470;5395-75A1;Ludwig;Ferrara;Ludwig Ferrara;Male;26;25-34;Some Travel;41;NY;Asian or Asian American;Single;61238.00;0;No;2016-04-11;No;6;4;6;3;Sales;Masters;Marketing;Sales Executive
471;5416-F925;John;Tempest;John Tempest;Male;43;35-44;No Travel;14;NY;White;Married;76331.00;0;No;2014-06-18;No;8;2;4;3;Technology;No Formal Qualifications;Computer Science;Data Scientist
472;541F-3E19;Dot;Aherne;Dot Aherne;Female;27;25-34;Some Travel;30;CA;White;Single;49374.00;0;Yes;2014-04-02;Yes;1;0;0;1;Technology;No Formal Qualifications;Information Systems;Data Scientist
473;542E-321D;Spencer;Gabitis;Spencer Gabitis;Male;30;25-34;No Travel;25;CA;Black or African American;Single;248259.00;0;No;2022-11-24;No;0;0;0;0;Technology;Bachelors;Information Systems;Machine Learning Engineer
474;543B-0EE5;Theodore;Parrington;Theodore Parrington;Male;20;Under 25;Some Travel;39;NY;White;Married;20418.00;0;No;2022-04-24;No;0;0;0;0;Technology;Bachelors;Other;Software Engineer
475;5468-EEE1;Forbes;Toretta;Forbes Toretta;Male;28;25-34;No Travel;44;NY;White;Married;218406.00;1;No;2012-02-17;No;10;10;10;10;Technology;High School;Computer Science;Senior Software Engineer
476;5476-CA0D;Kayley;Snoad;Kayley Snoad;Female;31;25-34;Frequent Traveller;4;NY;Native Hawaiian;Single;69747.00;0;No;2012-01-12;Yes;6;5;5;1;Technology;High School;Information Systems;Data Scientist
477;549F-B3E7;Arlyne;Paylie;Arlyne Paylie;Female;41;35-44;No Travel;34;NY;White;Married;109747.00;1;No;2013-07-20;No;9;8;9;5;Sales;High School;Marketing;Sales Executive
478;54D0-5A71;Dur;Lebarree;Dur Lebarree;Male;24;Under 25;Some Travel;9;CA;White;Married;33443.00;1;Yes;2019-09-24;No;3;3;3;0;Technology;Bachelors;Business Studies;Software Engineer
479;5544-4583;Jennee;Proske;Jennee Proske;Female;41;35-44;Some Travel;42;CA;Asian or Asian American;Married;142853.00;1;No;2014-05-27;No;8;7;8;7;Sales;Bachelors;Technical Degree;Sales Executive
480;556B-374A;Ralf;Moulton;Ralf Moulton;Male;30;25-34;Some Travel;43;NY;White;Married;135160.00;1;No;2021-07-10;No;1;1;1;0;Sales;Bachelors;Technical Degree;Sales Executive
481;55A7-8D82;Allyn;Glyde;Allyn Glyde;Non-Binary;23;Under 25;Frequent Traveller;34;NY;White;Married;75948.00;0;No;2020-09-26;No;2;0;0;2;Human Resources;Masters;Human Resources;HR Executive
482;55B1-3712;Katine;Fielder;Katine Fielder;Female;26;25-34;Some Travel;36;CA;White;Married;22162.00;1;Yes;2016-10-15;No;6;4;5;6;Technology;Masters;Information Systems;Data Scientist
483;55D6-1423;Benyamin;Wasielewicz;Benyamin Wasielewicz;Male;43;35-44;No Travel;15;CA;Asian or Asian American;Divorced;76826.00;1;No;2012-04-14;No;10;9;9;7;Technology;High School;Other;Machine Learning Engineer
484;55DC-C0F0;Marysa;Stannislawski;Marysa Stannislawski;Female;23;Under 25;Some Travel;26;NY;White;Single;67718.00;0;No;2020-08-07;No;2;1;2;1;Sales;Bachelors;Economics;Sales Executive
485;55FD-42E9;Johnna;Knotton;Johnna Knotton;Female;42;35-44;Some Travel;13;CA;White;Single;293303.00;0;No;2021-04-25;No;1;0;0;1;Technology;Bachelors;Computer Science;Machine Learning Engineer
486;5605-237E;Linell;Lack;Linell Lack;Female;26;25-34;Some Travel;7;NY;Black or African American;Married;34047.00;1;Yes;2015-12-03;No;7;4;4;2;Technology;Bachelors;Computer Science;Data Scientist
487;5609-8585;Matthieu;Oulet;Matthieu Oulet;Male;24;Under 25;No Travel;2;CA;American Indian or Alaska Native;Single;64277.00;0;No;2017-10-15;No;5;4;4;5;Sales;Masters;Marketing;Sales Executive
488;5634-9D10;Estelle;Chung;Estelle Chung;Female;25;25-34;Some Travel;23;CA;Mixed or multiple ethnic groups;Single;42656.00;0;No;2018-07-15;No;4;1;4;2;Technology;No Formal Qualifications;Information Systems;Software Engineer
489;5639-70C0;Trudi;Evens;Trudi Evens;Female;36;35-44;Some Travel;31;IL;Black or African American;Divorced;509940.00;3;No;2018-01-15;No;4;4;4;2;Human Resources;Masters;Human Resources;HR Manager
490;5642-6F1E;Lisette;Govett;Lisette Govett;Non-Binary;26;25-34;No Travel;18;IL;White;Single;65194.00;0;No;2017-08-22;No;5;3;4;5;Sales;High School;Economics;Sales Executive
491;565B-C207;Seline;Ganny;Seline Ganny;Female;30;25-34;No Travel;3;IL;White;Married;47338.00;1;No;2013-05-08;No;9;4;9;1;Technology;Bachelors;Information Systems;Data Scientist
492;566A-FC64;Loria;Pursey;Loria Pursey;Female;27;25-34;Some Travel;4;CA;Asian or Asian American;Divorced;255718.00;3;No;2016-10-15;No;6;0;5;4;Sales;Masters;Marketing;Manager
493;56A5-271B;Chadwick;Buist;Chadwick Buist;Non-Binary;33;25-34;Some Travel;15;CA;White;Married;108095.00;0;Yes;2013-10-10;No;9;8;9;9;Technology;Masters;Other;Senior Software Engineer
494;56D1-790E;Richmound;Chisnall;Richmound Chisnall;Male;39;35-44;Frequent Traveller;29;NY;White;Divorced;273739.00;3;Yes;2022-04-12;No;0;0;0;0;Technology;Bachelors;Other;Engineering Manager
495;56FC-5C6E;Donovan;Sycamore;Donovan Sycamore;Male;28;25-34;Some Travel;42;CA;White;Married;128192.00;1;No;2021-02-05;No;1;1;1;0;Sales;Bachelors;Marketing;Sales Executive
496;5731-90E6;Leonidas;Clarke-Williams;Leonidas Clarke-Williams;Non-Binary;35;35-44;No Travel;27;CA;Asian or Asian American;Single;542695.00;0;No;2012-03-02;No;10;5;5;1;Technology;Bachelors;Computer Science;Analytics Manager
497;5741-0022;Rosene;Larmett;Rosene Larmett;Female;25;25-34;Some Travel;43;CA;Asian or Asian American;Divorced;190198.00;2;No;2015-05-18;No;7;0;2;3;Technology;No Formal Qualifications;Computer Science;Engineering Manager
498;576B-6628;Bing;O'Heyne;Bing O'Heyne;Male;22;Under 25;Some Travel;41;CA;White;Married;22778.00;1;No;2020-06-27;No;2;0;2;2;Sales;Masters;Economics;Sales Representative
499;5795-08D3;Staffard;Ramard;Staffard Ramard;Male;21;Under 25;Some Travel;23;CA;White;Divorced;56541.00;2;No;2020-12-10;No;2;0;1;0;Technology;High School;Information Systems;Machine Learning Engineer
500;5802-2A7E;Martyn;Watt;Martyn Watt;Prefer Not To Say;27;25-34;Some Travel;37;NY;White;Single;130012.00;0;No;2016-07-25;No;6;6;6;0;Technology;Bachelors;Information Systems;Analytics Manager
501;5818-560C;Donny;Tosh;Donny Tosh;Female;30;25-34;Some Travel;26;CA;Black or African American;Divorced;159438.00;2;No;2013-05-22;No;9;4;4;7;Technology;No Formal Qualifications;Computer Science;Senior Software Engineer
502;5839-7AE2;Maxwell;Labrone;Maxwell Labrone;Male;25;25-34;Some Travel;24;NY;Black or African American;Single;175342.00;0;Yes;2018-09-04;No;4;3;4;3;Technology;High School;Business Studies;Senior Software Engineer
503;586E-5C14;Gunther;Keays;Gunther Keays;Male;40;35-44;Some Travel;9;NY;Black or African American;Single;58551.00;0;No;2012-02-27;No;10;6;7;3;Technology;No Formal Qualifications;Computer Science;Software Engineer
504;58C8-63FA;Pierce;Birkby;Pierce Birkby;Male;38;35-44;Some Travel;40;CA;White;Divorced;126505.00;1;No;2012-04-15;No;10;1;5;8;Technology;Masters;Computer Science;Senior Software Engineer
505;58F5-C8FC;Julina;Coatsworth;Julina Coatsworth;Female;37;35-44;Some Travel;19;NY;White;Married;230381.00;1;No;2014-12-19;No;8;3;3;7;Sales;Bachelors;Marketing;Sales Executive
506;58FA-C451;Wayne;Beekmann;Wayne Beekmann;Non-Binary;48;45-54;Some Travel;26;NY;Mixed or multiple ethnic groups;Married;42008.00;2;No;2014-03-24;No;8;7;7;0;Technology;No Formal Qualifications;Information Systems;Software Engineer
507;5919-4ADE;Lelah;Blackney;Lelah Blackney;Female;24;Under 25;Some Travel;11;CA;White;Married;65486.00;1;No;2018-08-14;No;4;4;4;0;Technology;Bachelors;Computer Science;Senior Software Engineer
508;596B-33F4;Shell;McPeck;Shell McPeck;Male;26;25-34;Some Travel;2;IL;White;Divorced;30207.00;1;Yes;2016-09-01;Yes;5;1;3;0;Technology;Bachelors;Computer Science;Data Scientist
509;5982-CF7A;Haley;Macilhench;Haley Macilhench;Non-Binary;21;Under 25;Some Travel;2;CA;White;Single;69344.00;0;No;2022-10-08;No;0;0;0;0;Technology;Masters;Computer Science;Machine Learning Engineer
510;5988-3855;Marthe;Mattisson;Marthe Mattisson;Female;43;35-44;Some Travel;31;CA;Black or African American;Single;98693.00;0;No;2014-07-04;No;8;5;8;6;Technology;No Formal Qualifications;Information Systems;Software Engineer
511;598D-E3B4;Karlis;Brisard;Karlis Brisard;Male;19;Under 25;No Travel;9;CA;White;Single;29798.00;0;Yes;2022-03-19;Yes;0;0;0;0;Technology;Bachelors;Information Systems;Software Engineer
512;59DB-8465;Nancey;Luetkemeyers;Nancey Luetkemeyers;Female;47;45-54;Frequent Traveller;3;CA;White;Married;85744.00;2;No;2013-03-02;No;9;0;9;8;Human Resources;Bachelors;Marketing;HR Executive
513;59F5-F57D;Lilly;Nancarrow;Lilly Nancarrow;Female;26;25-34;Frequent Traveller;17;CA;White;Married;59981.00;1;Yes;2015-05-25;No;7;1;5;2;Technology;High School;Information Systems;Senior Software Engineer
514;5A04-0EB4;Debbie;Martinho;Debbie Martinho;Female;27;25-34;Frequent Traveller;43;CA;Mixed or multiple ethnic groups;Single;24583.00;0;Yes;2014-08-16;Yes;7;0;1;6;Sales;Bachelors;Marketing;Sales Representative
515;5A0B-7F31;Nevil;Callaby;Nevil Callaby;Male;26;25-34;Some Travel;24;CA;White;Single;85982.00;0;No;2015-03-13;Yes;5;1;1;0;Sales;Bachelors;Marketing;Sales Executive
516;5A29-B9F4;Nicoli;Shavel;Nicoli Shavel;Female;28;25-34;Some Travel;14;CA;White;Single;149734.00;0;No;2020-01-02;No;2;0;1;1;Human Resources;Masters;Marketing;HR Executive
517;5A65-768A;Felicity;Hayler;Felicity Hayler;Female;43;35-44;Frequent Traveller;40;CA;White;Married;86038.00;3;No;2014-07-06;No;8;1;3;3;Sales;Masters;Economics;Sales Executive
518;5A78-0F17;Wilfred;Jasik;Wilfred Jasik;Male;26;25-34;Some Travel;39;CA;Black or African American;Married;104176.00;1;No;2017-11-03;No;5;2;3;3;Sales;Bachelors;Marketing;Sales Executive
519;5A8A-1547;Nora;Gittoes;Nora Gittoes;Non-Binary;19;Under 25;Frequent Traveller;15;CA;White;Single;77905.00;0;No;2022-04-19;No;0;0;0;0;Technology;Masters;Business Studies;Software Engineer
520;5AA7-C7BA;Reggis;Greenset;Reggis Greenset;Male;26;25-34;Some Travel;35;CA;American Indian or Alaska Native;Divorced;292386.00;2;No;2017-08-14;No;5;2;2;5;Technology;Masters;Information Systems;Engineering Manager
521;5AC6-91D4;Terese;Burdess;Terese Burdess;Female;23;Under 25;Some Travel;16;CA;White;Married;56946.00;1;No;2018-11-22;No;4;2;4;4;Technology;High School;Information Systems;Machine Learning Engineer
522;5AD2-3B02;Bourke;Laird-Craig;Bourke Laird-Craig;Male;25;25-34;Frequent Traveller;40;NY;White;Married;67200.00;3;No;2020-04-05;No;2;2;2;2;Technology;Masters;Business Studies;Senior Software Engineer
523;5B08-EF96;Karlen;Gulston;Karlen Gulston;Female;36;35-44;No Travel;28;CA;Asian or Asian American;Divorced;77136.00;2;No;2012-05-28;No;10;10;10;10;Technology;Masters;Other;Data Scientist
524;5B0B-B105;Richard;Titchen;Richard Titchen;Male;35;35-44;Some Travel;30;CA;White;Married;360384.00;1;No;2020-07-04;No;2;2;2;2;Sales;High School;Marketing;Manager
525;5B0E-31FB;Hasheem;Mance;Hasheem Mance;Male;37;35-44;Some Travel;22;NY;White;Single;45927.00;0;No;2013-08-26;No;9;5;6;6;Technology;High School;Information Systems;Software Engineer
526;5B11-3DB3;Melicent;Papworth;Melicent Papworth;Female;24;Under 25;Some Travel;43;CA;Asian or Asian American;Married;144335.00;0;No;2018-10-11;Yes;0;0;0;0;Sales;Masters;Economics;Sales Executive
527;5B38-57D2;Dennie;Morrel;Dennie Morrel;Male;20;Under 25;Frequent Traveller;28;CA;White;Married;29835.00;3;Yes;2020-07-05;No;2;0;0;0;Technology;Bachelors;Information Systems;Software Engineer
528;5BDE-7102;Rafaela;Smurfit;Rafaela Smurfit;Female;25;25-34;Some Travel;16;CA;Black or African American;Married;184441.00;1;No;2016-11-13;No;6;6;6;3;Technology;High School;Computer Science;Engineering Manager
529;5C03-1009;Willetta;Lurriman;Willetta Lurriman;Female;42;35-44;Some Travel;21;IL;Black or African American;Married;316208.00;1;No;2012-01-17;No;10;8;8;7;Technology;Bachelors;Information Systems;Engineering Manager
530;5C28-D944;Kaine;Izak;Kaine Izak;Male;18;Under 25;Some Travel;21;CA;White;Married;42946.00;0;No;2022-03-02;No;0;0;0;0;Technology;Bachelors;Computer Science;Software Engineer
531;5C48-9106;Darwin;Capelle;Darwin Capelle;Male;37;35-44;Frequent Traveller;15;NY;Black or African American;Married;53929.00;2;No;2014-11-15;No;8;7;7;5;Technology;Masters;Computer Science;Data Scientist
532;5C56-DA86;Basilius;MacAlpin;Basilius MacAlpin;Male;22;Under 25;No Travel;6;CA;White;Single;68302.00;0;Yes;2021-12-08;No;1;1;1;0;Technology;High School;Information Systems;Machine Learning Engineer
533;5C61-8F3A;Dyana;Gallie;Dyana Gallie;Female;34;25-34;Some Travel;5;CA;White;Single;127432.00;0;Yes;2012-02-06;No;10;8;9;9;Technology;No Formal Qualifications;Information Systems;Data Scientist
534;5C7B-86C0;Jeanie;Geater;Jeanie Geater;Female;32;25-34;Some Travel;31;NY;White;Married;186169.00;0;No;2014-07-26;No;8;2;6;0;Technology;Masters;Business Studies;Senior Software Engineer
535;5C87-D7BB;Malory;Dumbelton;Malory Dumbelton;Female;25;25-34;Frequent Traveller;5;CA;Mixed or multiple ethnic groups;Single;67151.00;0;Yes;2017-04-22;No;5;4;5;4;Technology;Masters;Computer Science;Software Engineer
536;5D69-D350;Lyle;Waby;Lyle Waby;Male;24;Under 25;Frequent Traveller;7;IL;White;Divorced;104649.00;2;No;2016-09-23;Yes;4;4;4;3;Technology;Bachelors;Information Systems;Data Scientist
537;5D73-961A;Padraig;Pabel;Padraig Pabel;Male;27;25-34;Some Travel;1;CA;Other;Divorced;90487.00;1;No;2016-05-25;No;6;4;4;4;Technology;High School;Computer Science;Senior Software Engineer
538;5DBA-93C9;Allys;Bourdice;Allys Bourdice;Prefer Not To Say;21;Under 25;Some Travel;26;CA;White;Married;21202.00;1;No;2022-05-11;No;0;0;0;0;Technology;Masters;Computer Science;Data Scientist
539;5E53-1897;Hamish;Carlsen;Hamish Carlsen;Male;23;Under 25;Some Travel;6;CA;Mixed or multiple ethnic groups;Married;87483.00;1;Yes;2017-03-06;No;5;1;2;0;Technology;Masters;Other;Software Engineer
540;5E73-CE19;Gus;Dyos;Gus Dyos;Female;29;25-34;Some Travel;3;CA;White;Single;314181.00;1;Yes;2022-09-13;No;0;0;0;0;Technology;High School;Other;Software Engineer
541;5E9A-FE30;Lindy;Carratt;Lindy Carratt;Female;30;25-34;Some Travel;38;CA;White;Married;88609.00;1;Yes;2014-11-24;No;8;4;4;1;Technology;Masters;Computer Science;Data Scientist
542;5EB3-47F6;Cthrine;Harg;Cthrine Harg;Female;24;Under 25;Some Travel;41;NY;White;Married;73498.00;0;Yes;2019-10-28;No;3;2;2;0;Sales;No Formal Qualifications;Economics;Sales Executive
543;5EE9-CFCF;April;Brunicke;April Brunicke;Female;48;45-54;Frequent Traveller;15;CA;White;Married;309371.00;0;Yes;2020-05-18;No;2;1;1;1;Technology;Masters;Computer Science;Engineering Manager
544;5F06-D3F6;Calv;Pearcehouse;Calv Pearcehouse;Male;28;25-34;No Travel;24;NY;White;Divorced;193347.00;2;Yes;2018-05-09;No;4;4;4;0;Technology;Masters;Computer Science;Machine Learning Engineer
545;5F2E-A68B;Evangelin;Desantis;Evangelin Desantis;Prefer Not To Say;26;25-34;Some Travel;16;CA;White;Single;60834.00;0;No;2015-06-01;No;7;0;0;5;Technology;Masters;Other;Software Engineer
546;5F4E-EE5A;Mamie;Neagle;Mamie Neagle;Prefer Not To Say;28;25-34;No Travel;45;IL;Mixed or multiple ethnic groups;Married;87762.00;0;No;2015-10-02;No;7;2;7;2;Technology;Masters;Information Systems;Machine Learning Engineer
547;5F5B-83B1;Michelina;Chester;Michelina Chester;Female;38;35-44;Frequent Traveller;44;CA;White;Single;293425.00;0;Yes;2017-09-05;No;5;4;4;4;Technology;High School;Computer Science;Engineering Manager
548;5F95-70A3;Shalna;Ibotson;Shalna Ibotson;Female;22;Under 25;Some Travel;19;NY;White;Married;60515.00;2;No;2021-11-21;No;1;1;1;1;Technology;High School;Information Systems;Software Engineer
549;5F99-4E0B;Marcos;Bowcher;Marcos Bowcher;Non-Binary;21;Under 25;Some Travel;33;NY;White;Divorced;70809.00;1;Yes;2021-11-07;No;1;0;0;1;Human Resources;High School;Economics;HR Executive
550;6010-A052;Florry;Pohlak;Florry Pohlak;Female;20;Under 25;Some Travel;26;NY;White;Single;37094.00;0;No;2020-03-02;Yes;1;0;0;0;Technology;Masters;Business Studies;Software Engineer
551;6051-1F41;Selestina;Ferrarello;Selestina Ferrarello;Female;32;25-34;Some Travel;31;NY;White;Married;161538.00;2;Yes;2022-10-10;No;0;0;0;0;Sales;Masters;Marketing;Sales Executive
552;6064-D1F0;Hatty;Noades;Hatty Noades;Female;21;Under 25;Some Travel;6;CA;White;Divorced;65743.00;2;Yes;2021-11-27;No;1;0;1;0;Technology;Bachelors;Information Systems;Software Engineer
553;606E-A262;Parke;Loxton;Parke Loxton;Male;28;25-34;Some Travel;27;CA;White;Married;277344.00;0;Yes;2013-07-02;Yes;3;1;1;1;Technology;No Formal Qualifications;Information Systems;Analytics Manager
554;60A3-AFA2;Gracie;Horley;Gracie Horley;Female;23;Under 25;Some Travel;20;NY;White;Divorced;85006.00;2;No;2019-08-18;No;3;2;3;0;Technology;Bachelors;Information Systems;Software Engineer
555;60B5-48ED;Hayden;Jacox;Hayden Jacox;Male;30;25-34;Frequent Traveller;25;CA;White;Divorced;135919.00;1;No;2013-11-08;No;9;6;6;0;Sales;High School;Marketing;Sales Executive
556;60E6-B1D9;Merill;Agg;Merill Agg;Male;21;Under 25;Some Travel;7;CA;Black or African American;Married;46521.00;0;No;2022-12-30;No;0;0;0;0;Technology;Bachelors;Information Systems;Data Scientist
557;6112-8476;Kore;Munn;Kore Munn;Female;43;35-44;Some Travel;18;IL;Other;Married;49882.00;1;No;2014-02-02;No;8;3;8;2;Technology;No Formal Qualifications;Computer Science;Software Engineer
558;611A-F218;Kenna;Dougary;Kenna Dougary;Female;20;Under 25;Some Travel;32;IL;White;Divorced;24504.00;1;No;2022-10-19;No;0;0;0;0;Technology;High School;Information Systems;Data Scientist
559;6125-FEC8;Myrtie;Corbie;Myrtie Corbie;Non-Binary;27;25-34;No Travel;36;CA;Native Hawaiian;Married;50046.00;1;No;2015-12-20;No;7;1;6;2;Technology;Masters;Business Studies;Software Engineer
560;6135-885F;Edeline;Knevett;Edeline Knevett;Female;18;Under 25;Frequent Traveller;8;CA;White;Single;31894.00;0;Yes;2022-08-31;Yes;0;0;0;0;Technology;Bachelors;Computer Science;Software Engineer
561;6151-4A92;Milicent;Kiossel;Milicent Kiossel;Non-Binary;25;25-34;No Travel;29;CA;White;Single;105411.00;0;No;2018-04-01;No;4;2;4;2;Technology;Masters;Computer Science;Machine Learning Engineer
562;6163-2BE8;Tracey;Joynson;Tracey Joynson;Female;32;25-34;Some Travel;14;NY;White;Single;181293.00;0;No;2022-10-08;No;0;0;0;0;Sales;Bachelors;Marketing;Sales Executive
563;6176-3BEE;Trumaine;Nevett;Trumaine Nevett;Male;29;25-34;Some Travel;20;NY;Black or African American;Single;149688.00;0;Yes;2013-02-04;Yes;2;2;2;2;Sales;Bachelors;Marketing;Sales Executive
564;617A-5092;Arnoldo;Lerer;Arnoldo Lerer;Male;39;35-44;No Travel;30;CA;White;Single;152771.00;1;No;2021-04-24;No;1;1;1;1;Technology;Masters;Computer Science;Senior Software Engineer
565;618D-7685;Maridel;O'Hederscoll;Maridel O'Hederscoll;Female;30;25-34;Some Travel;26;CA;White;Single;96170.00;0;No;2013-04-15;No;9;4;9;1;Technology;Bachelors;Information Systems;Data Scientist
566;619D-D78F;Leesa;Gauford;Leesa Gauford;Female;20;Under 25;Some Travel;24;NY;White;Single;38138.00;0;No;2020-08-29;No;2;2;2;1;Technology;High School;Business Studies;Data Scientist
567;61CC-2C1D;Jayme;Desseine;Jayme Desseine;Male;25;25-34;Some Travel;2;CA;White;Married;217544.00;0;No;2016-04-25;No;6;5;6;6;Technology;Bachelors;Computer Science;Engineering Manager
568;61E2-6540;Holmes;Disdel;Holmes Disdel;Non-Binary;24;Under 25;Some Travel;7;CA;Black or African American;Married;44256.00;2;No;2018-05-18;No;4;2;4;3;Technology;Masters;Computer Science;Senior Software Engineer
569;61E5-836E;Frederigo;Wichard;Frederigo Wichard;Non-Binary;24;Under 25;Some Travel;1;CA;White;Divorced;35199.00;1;No;2018-08-16;No;4;0;0;1;Technology;Bachelors;Business Studies;Software Engineer
570;61F3-DE78;Dehlia;Fullerton;Dehlia Fullerton;Female;23;Under 25;Some Travel;40;CA;White;Single;23632.00;0;No;2020-08-24;No;2;2;2;0;Technology;Bachelors;Computer Science;Data Scientist
571;6227-9D9E;Malina;Chivrall;Malina Chivrall;Female;26;25-34;Some Travel;5;CA;Mixed or multiple ethnic groups;Married;315071.00;1;Yes;2015-01-25;No;7;7;7;1;Human Resources;Masters;Human Resources;HR Manager
572;626A-9377;Blaire;Dinneen;Blaire Dinneen;Female;27;25-34;No Travel;19;NY;Black or African American;Single;89785.00;0;No;2015-12-19;Yes;0;0;0;0;Technology;High School;Business Studies;Senior Software Engineer
573;626D-4669;Gerardo;Geggus;Gerardo Geggus;Male;23;Under 25;Frequent Traveller;35;CA;White;Single;51906.00;0;No;2020-01-14;No;2;1;1;1;Technology;Masters;Information Systems;Senior Software Engineer
574;6280-B47F;Durward;Buzek;Durward Buzek;Male;25;25-34;Frequent Traveller;39;NY;White;Single;26545.00;1;Yes;2022-06-21;Yes;0;0;0;0;Technology;Masters;Computer Science;Software Engineer
575;62A3-DEA7;Meade;Quinnelly;Meade Quinnelly;Male;25;25-34;Some Travel;8;CA;Mixed or multiple ethnic groups;Single;30931.00;0;Yes;2015-08-13;Yes;1;0;0;1;Technology;No Formal Qualifications;Information Systems;Software Engineer
576;6313-8E62;Addy;Shambrook;Addy Shambrook;Male;23;Under 25;Frequent Traveller;41;NY;White;Single;26508.00;0;Yes;2020-05-01;Yes;1;0;0;0;Sales;No Formal Qualifications;Marketing;Sales Representative
577;6345-2F33;Ignacius;Streeter;Ignacius Streeter;Non-Binary;46;45-54;Some Travel;36;NY;Black or African American;Married;102964.00;2;No;2012-03-17;No;10;10;10;2;Technology;High School;Computer Science;Machine Learning Engineer
578;6376-F58F;Ashil;Kenwrick;Ashil Kenwrick;Female;22;Under 25;Some Travel;4;CA;White;Single;73653.00;0;No;2018-12-19;No;4;2;3;3;Technology;High School;Computer Science;Senior Software Engineer
579;637B-DBAD;Lovell;Larmor;Lovell Larmor;Male;44;35-44;Some Travel;31;CA;White;Divorced;81297.00;2;Yes;2013-12-14;No;9;1;8;9;Technology;High School;Computer Science;Software Engineer
580;63B0-1036;Persis;Christon;Persis Christon;Female;25;25-34;Some Travel;12;NY;Mixed or multiple ethnic groups;Divorced;52957.00;1;No;2017-07-10;No;5;3;5;4;Technology;Bachelors;Business Studies;Software Engineer
581;63B8-CCC0;Rafaela;Hadigate;Rafaela Hadigate;Female;25;25-34;Some Travel;34;CA;White;Single;37053.00;0;No;2016-02-05;No;6;5;5;0;Technology;Bachelors;Information Systems;Data Scientist
582;63BF-A86A;Ava;Galland;Ava Galland;Female;39;35-44;Frequent Traveller;16;CA;White;Single;201564.00;3;Yes;2022-10-12;Yes;0;0;0;0;Human Resources;Bachelors;Human Resources;HR Executive
583;63D2-F412;Bab;Antonelli;Bab Antonelli;Female;25;25-34;Some Travel;3;CA;White;Married;58631.00;3;Yes;2017-09-26;No;5;4;4;3;Sales;No Formal Qualifications;Marketing;Sales Executive
584;63DA-AA21;Diannne;Choules;Diannne Choules;Female;43;35-44;Some Travel;35;CA;White;Divorced;436813.00;2;No;2012-03-07;No;10;8;9;7;Technology;Bachelors;Computer Science;Engineering Manager
585;63E0-439B;Kirbee;Pawelek;Kirbee Pawelek;Female;22;Under 25;Some Travel;36;CA;White;Single;31072.00;0;No;2020-09-15;No;2;2;2;1;Technology;Masters;Computer Science;Software Engineer
586;63E9-F74A;Amos;Simcox;Amos Simcox;Male;25;25-34;Frequent Traveller;11;NY;Mixed or multiple ethnic groups;Married;67708.00;1;No;2015-11-02;No;7;7;7;0;Technology;No Formal Qualifications;Business Studies;Machine Learning Engineer
587;6413-42F1;Gui;Olivello;Gui Olivello;Female;27;25-34;Some Travel;24;CA;Mixed or multiple ethnic groups;Divorced;55206.00;0;No;2016-07-13;No;6;1;3;4;Human Resources;High School;Other;HR Executive
588;648E-FE5F;Tabb;McInnes;Tabb McInnes;Male;25;25-34;Some Travel;11;CA;Black or African American;Single;58914.00;0;No;2018-07-11;No;4;0;1;0;Sales;Bachelors;Marketing;Sales Executive
589;64BA-99F0;Kristina;Chanson;Kristina Chanson;Female;43;35-44;Some Travel;14;CA;White;Married;309141.00;0;No;2013-10-19;No;9;6;6;9;Technology;Bachelors;Computer Science;Engineering Manager
590;64C2-2806;Gareth;Oleksiak;Gareth Oleksiak;Male;18;Under 25;Some Travel;35;CA;White;Single;36353.00;0;No;2022-03-20;No;0;0;0;0;Technology;Doctorate;Other;Data Scientist
591;64D6-0D5F;Sherwood;Furlow;Sherwood Furlow;Non-Binary;37;35-44;Some Travel;28;CA;Black or African American;Single;368494.00;0;Yes;2012-05-14;No;10;8;9;6;Technology;Bachelors;Information Systems;Analytics Manager
592;6542-3E93;Kelley;Yakovl;Kelley Yakovl;Male;25;25-34;No Travel;44;CA;American Indian or Alaska Native;Married;57765.00;0;No;2018-10-25;No;4;1;3;2;Technology;Masters;Information Systems;Machine Learning Engineer
593;6543-091E;Balduin;Vonasek;Balduin Vonasek;Male;24;Under 25;No Travel;42;CA;White;Married;58717.00;1;No;2019-05-20;No;3;0;2;1;Technology;Masters;Computer Science;Senior Software Engineer
594;656C-09EA;Anna-maria;Diegan;Anna-maria Diegan;Female;24;Under 25;Some Travel;20;NY;Black or African American;Married;52850.00;1;No;2019-01-20;No;3;3;3;0;Technology;Bachelors;Information Systems;Senior Software Engineer
595;6576-8773;Ash;Slamaker;Ash Slamaker;Male;33;25-34;Frequent Traveller;24;NY;White;Divorced;283171.00;1;No;2022-05-24;No;0;0;0;0;Technology;Masters;Computer Science;Machine Learning Engineer
596;65A0-5D04;Ginnifer;Grigoletti;Ginnifer Grigoletti;Female;28;25-34;Frequent Traveller;20;CA;Black or African American;Married;62016.00;3;No;2015-06-02;No;7;6;6;4;Technology;No Formal Qualifications;Computer Science;Data Scientist
597;65C9-0885;Kain;Libero;Kain Libero;Male;25;25-34;Frequent Traveller;24;CA;White;Divorced;121373.00;1;No;2018-03-21;No;4;0;2;1;Technology;No Formal Qualifications;Computer Science;Senior Software Engineer
598;6614-06D8;Cullin;Uzzell;Cullin Uzzell;Male;20;Under 25;Frequent Traveller;25;CA;White;Divorced;29872.00;1;No;2022-09-16;No;0;0;0;0;Sales;Masters;Marketing;Sales Representative
599;6653-BD41;Selle;Barrington;Selle Barrington;Female;27;25-34;Some Travel;5;NY;Black or African American;Married;238435.00;1;No;2015-08-07;No;7;2;4;1;Technology;Bachelors;Computer Science;Engineering Manager
600;6661-FA04;Clive;Sherwen;Clive Sherwen;Male;44;35-44;Some Travel;28;CA;Mixed or multiple ethnic groups;Married;49447.00;1;No;2014-10-09;No;8;7;7;8;Technology;Bachelors;Computer Science;Software Engineer
601;666A-B076;Huberto;Coppins;Huberto Coppins;Male;26;25-34;No Travel;10;NY;White;Single;62828.00;0;No;2020-02-28;No;2;0;2;1;Technology;High School;Computer Science;Software Engineer
602;66BC-7AC0;Maynord;Trinke;Maynord Trinke;Male;22;Under 25;Frequent Traveller;33;NY;White;Married;33657.00;1;No;2018-07-23;Yes;3;0;2;0;Sales;Bachelors;Marketing;Sales Representative
603;66D5-3142;Rivi;Salkild;Rivi Salkild;Female;30;25-34;Frequent Traveller;7;NY;White;Married;175692.00;1;No;2019-12-16;No;3;0;3;3;Technology;Bachelors;Business Studies;Data Scientist
604;6725-A678;Gus;Redhouse;Gus Redhouse;Male;19;Under 25;Some Travel;43;CA;White;Single;61811.00;1;No;2022-08-26;No;0;0;0;0;Sales;High School;Marketing;Sales Executive
605;6731-1425;Robyn;Takis;Robyn Takis;Female;43;35-44;Frequent Traveller;4;CA;White;Single;262392.00;0;Yes;2021-06-08;No;1;1;1;1;Technology;Bachelors;Information Systems;Machine Learning Engineer
606;676C-C884;Ettie;Watt;Ettie Watt;Female;24;Under 25;Some Travel;17;IL;Mixed or multiple ethnic groups;Married;26937.00;1;No;2019-03-31;No;3;2;2;1;Technology;Bachelors;Information Systems;Software Engineer
607;67D7-9785;Corinne;Andreaccio;Corinne Andreaccio;Female;38;35-44;Frequent Traveller;6;CA;Black or African American;Single;126515.00;0;No;2013-02-27;No;9;7;9;4;Technology;Bachelors;Information Systems;Senior Software Engineer
608;67ED-A630;Adan;Fradgley;Adan Fradgley;Male;29;25-34;Some Travel;38;CA;Asian or Asian American;Married;102061.00;1;No;2013-01-17;No;9;5;9;5;Sales;Masters;Marketing;Sales Executive
609;6819-65F3;Derward;Darco;Derward Darco;Male;21;Under 25;Some Travel;34;NY;White;Married;26137.00;1;No;2021-06-26;No;1;0;0;1;Technology;High School;Computer Science;Software Engineer
610;6828-1F30;Filide;Summerlie;Filide Summerlie;Female;46;45-54;Some Travel;8;CA;Mixed or multiple ethnic groups;Married;249505.00;3;Yes;2019-08-14;No;3;2;2;1;Sales;Bachelors;Marketing;Sales Executive
611;682D-8FD8;Maridel;Valentin;Maridel Valentin;Female;25;25-34;Some Travel;37;NY;Mixed or multiple ethnic groups;Married;188516.00;1;No;2018-07-20;No;4;1;3;1;Technology;High School;Information Systems;Engineering Manager
612;68C4-272C;Torey;Emanueli;Torey Emanueli;Female;21;Under 25;No Travel;22;NY;Black or African American;Married;25208.00;0;Yes;2019-07-19;No;3;0;0;1;Technology;High School;Other;Software Engineer
613;68D1-F434;Alick;Heasley;Alick Heasley;Male;40;35-44;Frequent Traveller;1;CA;White;Divorced;314668.00;1;No;2020-03-23;No;2;0;2;2;Technology;Masters;Information Systems;Engineering Manager
614;68FB-06A7;Elle;Balcombe;Elle Balcombe;Female;43;35-44;Frequent Traveller;1;NY;Mixed or multiple ethnic groups;Single;180996.00;0;No;2012-04-10;No;10;8;10;9;Sales;Bachelors;Marketing;Sales Executive
615;6925-864E;Lilith;Cargen;Lilith Cargen;Female;25;25-34;No Travel;30;CA;White;Divorced;43644.00;2;No;2017-06-02;No;5;3;3;5;Technology;High School;Computer Science;Senior Software Engineer
616;692B-7152;Murry;Dominici;Murry Dominici;Male;47;45-54;Some Travel;42;CA;Asian or Asian American;Married;249553.00;1;No;2012-05-20;No;10;3;4;9;Sales;Bachelors;Marketing;Sales Executive
617;6957-5180;Ania;Osboldstone;Ania Osboldstone;Female;28;25-34;Some Travel;18;IL;White;Married;113501.00;1;Yes;2020-09-22;No;2;2;2;2;Sales;Bachelors;Economics;Sales Executive
618;6965-C170;Joya;Hefford;Joya Hefford;Female;48;45-54;Some Travel;32;NY;White;Married;354336.00;1;Yes;2013-04-18;No;9;1;2;9;Sales;Bachelors;Technical Degree;Manager
619;6987-6124;Virgil;Lippini;Virgil Lippini;Male;25;25-34;Frequent Traveller;21;CA;White;Single;182961.00;0;No;2016-11-15;No;6;3;5;1;Technology;Masters;Information Systems;Engineering Manager
620;69EC-7B13;Mariska;Iashvili;Mariska Iashvili;Female;27;25-34;Some Travel;1;CA;Other;Single;62496.00;0;No;2015-10-27;No;7;6;6;1;Sales;High School;Technical Degree;Sales Representative
621;6A09-C910;Arri;Brooking;Arri Brooking;Male;24;Under 25;Some Travel;19;CA;Mixed or multiple ethnic groups;Divorced;35270.00;1;No;2016-08-16;No;6;0;5;2;Technology;Masters;Computer Science;Software Engineer
622;6A0D-9C4D;Sarge;Dikels;Sarge Dikels;Male;34;25-34;Frequent Traveller;34;IL;White;Married;265922.00;1;Yes;2014-03-06;No;8;3;3;5;Technology;High School;Information Systems;Machine Learning Engineer
623;6A2B-42DB;Catrina;Cufflin;Catrina Cufflin;Female;21;Under 25;Frequent Traveller;41;CA;White;Married;23612.00;1;Yes;2022-09-28;Yes;0;0;0;0;Technology;High School;Information Systems;Software Engineer
624;6A3B-A838;Moss;Standeven;Moss Standeven;Non-Binary;19;Under 25;Some Travel;16;CA;White;Single;41092.00;1;No;2021-08-20;No;1;1;1;0;Technology;Masters;Information Systems;Data Scientist
625;6A67-EC2C;Fionnula;Charsley;Fionnula Charsley;Female;23;Under 25;Some Travel;21;CA;White;Single;37626.00;0;No;2017-02-04;No;5;4;4;2;Sales;Masters;Marketing;Sales Executive
626;6A8B-EC82;Averill;Dwyr;Averill Dwyr;Male;26;25-34;Some Travel;24;CA;American Indian or Alaska Native;Single;82312.00;0;Yes;2015-04-11;No;7;2;7;6;Sales;No Formal Qualifications;Marketing;Sales Executive
627;6AD1-5EE8;Donetta;Duberry;Donetta Duberry;Female;24;Under 25;Some Travel;12;CA;White;Married;47183.00;1;No;2016-10-04;No;6;6;6;6;Technology;Bachelors;Information Systems;Data Scientist
628;6B20-FFDF;Cloris;Orgee;Cloris Orgee;Female;24;Under 25;No Travel;39;CA;Mixed or multiple ethnic groups;Married;151986.00;1;Yes;2016-07-09;No;6;5;6;3;Sales;High School;Marketing;Sales Executive
629;6B5B-8080;Maxie;Housego;Maxie Housego;Female;24;Under 25;Frequent Traveller;26;CA;Native Hawaiian;Divorced;35885.00;2;No;2019-04-03;No;3;1;2;2;Technology;Masters;Other;Software Engineer
630;6B7D-82DB;Niko;Purvess;Niko Purvess;Male;40;35-44;No Travel;15;NY;White;Single;465219.00;0;No;2020-08-17;No;2;2;2;0;Technology;No Formal Qualifications;Information Systems;Analytics Manager
631;6BAB-8D77;Josh;Tomczykowski;Josh Tomczykowski;Male;35;35-44;Some Travel;8;CA;Black or African American;Married;405965.00;1;No;2019-06-07;No;3;1;2;0;Technology;Masters;Computer Science;Analytics Manager
632;6BC3-7371;Gussi;Rodrig;Gussi Rodrig;Female;18;Under 25;No Travel;34;IL;White;Single;49100.00;0;No;2022-03-21;No;0;0;0;0;Sales;Bachelors;Marketing;Sales Executive
633;6BE1-09FB;Dino;Bragge;Dino Bragge;Male;25;25-34;Some Travel;29;CA;White;Married;95643.00;1;No;2018-05-14;No;4;0;3;1;Sales;Masters;Marketing;Sales Executive
634;6C42-A719;Bird;Libbey;Bird Libbey;Female;22;Under 25;Some Travel;37;NY;White;Single;30442.00;0;Yes;2020-03-11;Yes;0;0;0;0;Technology;Bachelors;Computer Science;Data Scientist
635;6C7E-91CB;Jamie;Blazejewski;Jamie Blazejewski;Male;28;25-34;No Travel;37;IL;White;Single;95591.00;0;No;2020-03-19;No;2;2;2;2;Sales;Masters;Marketing;Sales Executive
636;6C86-3DC0;Benton;Irdale;Benton Irdale;Male;31;25-34;Some Travel;20;CA;Black or African American;Divorced;149482.00;1;Yes;2014-08-22;No;8;3;7;2;Technology;High School;Computer Science;Senior Software Engineer
637;6CAD-47F0;Tommy;Cawthorn;Tommy Cawthorn;Male;39;35-44;Some Travel;33;NY;Mixed or multiple ethnic groups;Married;99602.00;0;No;2013-10-29;No;9;5;8;4;Technology;High School;Information Systems;Machine Learning Engineer
638;6CC9-81FC;Anatollo;Dake;Anatollo Dake;Male;25;25-34;No Travel;43;CA;White;Single;33086.00;0;No;2018-03-15;No;4;4;4;2;Technology;Bachelors;Computer Science;Data Scientist
639;6D1C-BAF1;Hans;Yewman;Hans Yewman;Male;19;Under 25;Some Travel;29;IL;White;Single;54824.00;0;Yes;2022-10-12;No;0;0;0;0;Technology;Masters;Other;Senior Software Engineer
640;6D3B-AD28;Zsa zsa;Valentin;Zsa zsa Valentin;Female;25;25-34;Frequent Traveller;33;CA;White;Single;94810.00;0;No;2017-01-18;No;5;0;0;3;Sales;Bachelors;Marketing;Sales Executive
641;6DEB-F440;Viviene;Vanezis;Viviene Vanezis;Non-Binary;21;Under 25;Some Travel;41;CA;Black or African American;Single;29793.00;0;Yes;2019-06-22;Yes;3;0;0;2;Technology;Bachelors;Computer Science;Data Scientist
642;6E61-A2BA;Adelaide;Somner;Adelaide Somner;Non-Binary;24;Under 25;Some Travel;41;CA;Mixed or multiple ethnic groups;Divorced;111750.00;1;No;2016-06-10;No;6;4;6;2;Sales;High School;Marketing;Sales Executive
643;6E64-8D30;Libbey;McCreary;Libbey McCreary;Female;32;25-34;Some Travel;42;CA;Mixed or multiple ethnic groups;Married;108213.00;0;No;2014-03-10;No;8;6;6;4;Sales;Bachelors;Marketing;Sales Executive
644;6E7B-D50D;Anet;Dublin;Anet Dublin;Female;38;35-44;Some Travel;12;CA;White;Married;253077.00;1;No;2013-06-15;No;9;3;3;8;Technology;No Formal Qualifications;Other;Senior Software Engineer
645;6EB1-8442;Mellie;Ivie;Mellie Ivie;Female;30;25-34;Frequent Traveller;32;CA;White;Single;145589.00;1;Yes;2021-07-30;No;1;1;1;1;Technology;Masters;Other;Senior Software Engineer
646;6EDB-94B7;Earle;Willowby;Earle Willowby;Male;25;25-34;Some Travel;6;NY;White;Single;195911.00;0;No;2015-07-09;No;7;0;3;4;Technology;Bachelors;Computer Science;Engineering Manager
647;6EEF-5B17;Bo;Readitt;Bo Readitt;Non-Binary;28;25-34;Some Travel;1;CA;Mixed or multiple ethnic groups;Single;339731.00;0;No;2015-07-14;No;7;5;7;0;Technology;High School;Business Studies;Engineering Manager
648;6F3E-2A75;Ruby;Gurrado;Ruby Gurrado;Male;28;25-34;Frequent Traveller;4;CA;Black or African American;Single;110839.00;0;No;2013-11-12;No;9;8;8;4;Sales;Masters;Other;Sales Executive
649;6F50-08B6;Mick;Tomaschke;Mick Tomaschke;Male;25;25-34;Frequent Traveller;25;NY;White;Single;57030.00;0;No;2015-03-20;No;7;5;7;6;Sales;No Formal Qualifications;Marketing;Sales Executive
650;6FA6-DBB9;Darya;Itzkovsky;Darya Itzkovsky;Female;42;35-44;Some Travel;2;NY;White;Divorced;260021.00;1;No;2021-03-22;No;1;1;1;0;Sales;Bachelors;Economics;Sales Executive
651;6FB9-A624;Marc;Calver;Marc Calver;Non-Binary;27;25-34;Some Travel;8;CA;Black or African American;Single;92995.00;3;No;2022-12-30;No;0;0;0;0;Technology;Bachelors;Business Studies;Senior Software Engineer
652;6FE1-C8A8;Marchall;Burnes;Marchall Burnes;Male;29;25-34;Some Travel;35;NY;Black or African American;Married;140962.00;0;Yes;2013-06-13;Yes;4;0;2;4;Sales;High School;Economics;Sales Executive
653;6FE3-2270;Danita;Paal;Danita Paal;Non-Binary;31;25-34;Frequent Traveller;35;CA;White;Married;115982.00;1;No;2014-04-03;No;8;7;7;4;Sales;Bachelors;Marketing;Sales Executive
654;7054-B62C;Kain;Scoates;Kain Scoates;Male;33;25-34;Frequent Traveller;32;CA;Black or African American;Married;188180.00;0;No;2019-04-27;No;3;1;3;3;Technology;No Formal Qualifications;Computer Science;Machine Learning Engineer
655;70CB-4A9B;Rivkah;Hurdle;Rivkah Hurdle;Non-Binary;24;Under 25;Some Travel;2;CA;Black or African American;Married;28797.00;3;Yes;2019-03-04;No;3;0;2;1;Technology;No Formal Qualifications;Information Systems;Data Scientist
656;71CC-7412;Issi;Early;Issi Early;Prefer Not To Say;25;25-34;Some Travel;4;NY;White;Single;179602.00;0;No;2015-03-01;No;7;6;6;6;Technology;High School;Computer Science;Engineering Manager
657;7269-88EC;Cristi;Belchem;Cristi Belchem;Female;28;25-34;Frequent Traveller;31;CA;White;Single;176282.00;0;Yes;2019-04-23;Yes;2;0;1;0;Technology;No Formal Qualifications;Other;Senior Software Engineer
658;7279-6591;Bradan;Rozzier;Bradan Rozzier;Male;41;35-44;Some Travel;25;CA;American Indian or Alaska Native;Single;231843.00;0;Yes;2017-06-01;Yes;1;1;1;0;Sales;Bachelors;Marketing;Sales Executive
659;72A2-1105;Mollee;Hartop;Mollee Hartop;Female;22;Under 25;Some Travel;36;NY;Black or African American;Single;60699.00;0;No;2018-03-21;No;4;0;3;0;Sales;Bachelors;Marketing;Sales Executive
660;72D8-2284;Othelia;Tumber;Othelia Tumber;Female;20;Under 25;Some Travel;41;IL;White;Divorced;40701.00;1;No;2020-10-11;No;2;1;1;1;Technology;Bachelors;Computer Science;Data Scientist
661;7335-4656;Cristy;Dumbarton;Cristy Dumbarton;Female;45;45-54;Some Travel;14;CA;White;Divorced;223124.00;1;No;2013-10-02;No;9;2;3;2;Technology;High School;Computer Science;Machine Learning Engineer
662;7349-CCE0;Elisabeth;Pettyfar;Elisabeth Pettyfar;Female;32;25-34;Some Travel;7;CA;Mixed or multiple ethnic groups;Divorced;85568.00;1;No;2013-07-31;No;9;7;9;1;Technology;Masters;Computer Science;Software Engineer
663;7378-5351;Alika;Karlik;Alika Karlik;Female;35;35-44;Some Travel;43;NY;Black or African American;Divorced;243863.00;1;Yes;2014-02-04;No;8;1;6;6;Technology;No Formal Qualifications;Business Studies;Engineering Manager
664;73CF-4956;Hannis;Waslin;Hannis Waslin;Female;32;25-34;Some Travel;42;CA;White;Single;102022.00;0;No;2012-01-12;No;10;4;5;8;Technology;Masters;Computer Science;Data Scientist
665;7486-A1B6;Ripley;Woodvine;Ripley Woodvine;Male;23;Under 25;Some Travel;25;CA;White;Married;50570.00;1;No;2017-03-01;No;5;2;3;2;Technology;High School;Information Systems;Data Scientist
666;74B4-CB7A;Eddi;Holywell;Eddi Holywell;Non-Binary;26;25-34;No Travel;23;CA;White;Single;240035.00;0;Yes;2017-08-03;No;5;5;5;3;Human Resources;Bachelors;Human Resources;HR Business Partner
667;74F2-5C55;Skipper;Sambles;Skipper Sambles;Male;47;45-54;Some Travel;40;NY;White;Single;108798.00;0;No;2012-04-12;No;10;0;4;7;Technology;High School;Computer Science;Data Scientist
668;74F3-DF3D;Lian;Ouslem;Lian Ouslem;Female;25;25-34;Some Travel;22;NY;Black or African American;Divorced;49131.00;1;No;2015-05-30;No;7;2;6;2;Human Resources;High School;Economics;HR Executive
669;7563-AFCC;Charlot;Shoorbrooke;Charlot Shoorbrooke;Non-Binary;23;Under 25;Some Travel;30;NY;Black or African American;Single;96942.00;1;No;2022-11-11;No;0;0;0;0;Technology;Masters;Information Systems;Machine Learning Engineer
670;757F-78FE;Timotheus;Esland;Timotheus Esland;Male;25;25-34;No Travel;32;NY;Mixed or multiple ethnic groups;Married;52614.00;1;No;2016-05-08;No;6;4;5;1;Technology;Masters;Information Systems;Machine Learning Engineer
671;7589-66E3;Rickey;Colafate;Rickey Colafate;Male;47;45-54;Frequent Traveller;42;NY;White;Married;232155.00;0;No;2014-10-30;No;8;7;7;3;Sales;Bachelors;Marketing;Sales Executive
672;75CF-67E0;Andra;Stickney;Andra Stickney;Female;25;25-34;No Travel;12;NY;Black or African American;Divorced;28926.00;2;Yes;2018-03-06;No;4;1;3;4;Technology;High School;Information Systems;Data Scientist
673;7623-9AF1;Sosanna;Armstrong;Sosanna Armstrong;Female;26;25-34;Some Travel;18;CA;Mixed or multiple ethnic groups;Married;46809.00;1;No;2017-06-29;No;5;0;0;2;Technology;Bachelors;Information Systems;Data Scientist
674;763B-DE6E;Nat;Fettes;Nat Fettes;Prefer Not To Say;23;Under 25;Some Travel;32;CA;White;Divorced;23041.00;1;Yes;2017-06-30;No;5;1;5;3;Technology;Masters;Computer Science;Software Engineer
675;7696-E50D;Mignonne;Dalton;Mignonne Dalton;Female;21;Under 25;Some Travel;1;NY;White;Married;34133.00;0;Yes;2020-05-30;No;2;2;2;1;Technology;Masters;Information Systems;Software Engineer
676;76ED-1CF5;Spenser;Pyzer;Spenser Pyzer;Male;47;45-54;Some Travel;12;CA;White;Single;105126.00;0;No;2014-11-21;No;8;0;7;1;Technology;Masters;Information Systems;Software Engineer
677;76FD-F574;Chucho;Herries;Chucho Herries;Male;35;35-44;Some Travel;19;NY;White;Married;286432.00;1;No;2021-03-03;No;1;0;1;0;Technology;Masters;Computer Science;Machine Learning Engineer
678;7749-B277;Caryl;Roycroft;Caryl Roycroft;Male;24;Under 25;Some Travel;1;IL;Mixed or multiple ethnic groups;Married;44634.00;0;No;2017-04-25;Yes;4;3;3;2;Human Resources;Doctorate;Human Resources;HR Executive
679;774E-685D;Joachim;Popplestone;Joachim Popplestone;Male;30;25-34;Some Travel;42;CA;White;Single;148862.00;0;Yes;2013-11-03;Yes;2;0;1;1;Sales;Masters;Marketing;Sales Executive
680;776A-CDBC;Catharina;Sandle;Catharina Sandle;Female;26;25-34;Some Travel;4;NY;Black or African American;Married;82147.00;2;No;2016-12-05;No;6;2;4;3;Sales;High School;Economics;Sales Executive
681;7805-8A7C;Agna;Grinnov;Agna Grinnov;Non-Binary;28;25-34;Some Travel;15;CA;Native Hawaiian;Single;337046.00;0;No;2018-07-08;No;4;3;4;0;Technology;Masters;Computer Science;Engineering Manager
682;7815-7CAF;Moore;Ingleson;Moore Ingleson;Male;21;Under 25;Some Travel;40;IL;White;Single;65642.00;0;No;2021-10-22;No;1;1;1;0;Technology;Masters;Information Systems;Software Engineer
683;7816-BF57;Noak;Pointing;Noak Pointing;Male;37;35-44;Some Travel;22;CA;White;Divorced;92483.00;1;Yes;2014-06-23;No;8;5;5;3;Sales;Masters;Marketing;Sales Executive
684;781E-4257;Pepi;Clift;Pepi Clift;Female;21;Under 25;Some Travel;39;NY;White;Single;63201.00;0;No;2020-12-13;No;2;2;2;2;Technology;High School;Information Systems;Machine Learning Engineer
685;781F-6C21;Eugenio;Sempill;Eugenio Sempill;Male;43;35-44;Frequent Traveller;21;NY;White;Divorced;327587.00;1;Yes;2020-02-25;No;2;1;1;1;Sales;Bachelors;Marketing;Manager
686;7823-0217;Germaine;Clubley;Germaine Clubley;Non-Binary;25;25-34;Frequent Traveller;43;CA;White;Married;81889.00;0;Yes;2018-11-02;Yes;0;0;0;0;Sales;Masters;Marketing;Sales Executive
687;7839-CA12;Orella;Chappelle;Orella Chappelle;Female;23;Under 25;Some Travel;16;CA;White;Single;23794.00;0;No;2017-03-25;Yes;1;0;0;0;Sales;Bachelors;Marketing;Sales Representative
688;7845-EF8F;Marshal;Goodbur;Marshal Goodbur;Male;27;25-34;Some Travel;6;CA;Mixed or multiple ethnic groups;Married;292500.00;3;No;2016-09-25;No;6;5;6;2;Technology;Bachelors;Information Systems;Engineering Manager
689;78C8-02B8;Josepha;Revey;Josepha Revey;Female;22;Under 25;Some Travel;26;CA;Mixed or multiple ethnic groups;Single;24208.00;0;No;2019-01-09;No;3;1;3;2;Technology;Bachelors;Information Systems;Software Engineer
690;7961-A93B;Jerome;Maden;Jerome Maden;Male;29;25-34;Some Travel;3;CA;White;Single;393103.00;0;Yes;2016-03-30;No;6;4;4;5;Technology;Bachelors;Computer Science;Analytics Manager
691;7985-EB3D;Mathew;O'Dougherty;Mathew O'Dougherty;Male;19;Under 25;Some Travel;2;IL;White;Single;52260.00;1;No;2021-12-09;No;1;1;1;0;Technology;High School;Information Systems;Data Scientist
692;79C5-FE9D;Kerstin;Sponton;Kerstin Sponton;Non-Binary;28;25-34;Some Travel;5;CA;White;Married;140377.00;1;Yes;2015-06-02;No;7;2;7;5;Technology;Bachelors;Information Systems;Machine Learning Engineer
693;79D0-C935;Madelle;Robak;Madelle Robak;Female;27;25-34;Some Travel;26;NY;White;Single;37423.00;0;Yes;2016-09-30;No;6;4;4;2;Technology;No Formal Qualifications;Information Systems;Software Engineer
694;79E4-6632;Tailor;Cansfield;Tailor Cansfield;Male;23;Under 25;Some Travel;45;CA;Asian or Asian American;Married;37322.00;1;No;2017-03-28;No;5;3;3;3;Technology;High School;Computer Science;Software Engineer
695;79F3-8AA5;Lacy;Domerc;Lacy Domerc;Female;47;45-54;Some Travel;21;NY;Mixed or multiple ethnic groups;Single;98608.00;0;No;2012-02-14;No;10;5;10;4;Human Resources;Bachelors;Marketing;HR Executive
696;79F7-78EC;Alessandra;Storrock;Alessandra Storrock;Non-Binary;27;25-34;Some Travel;37;CA;White;Single;141998.00;0;Yes;2013-12-14;Yes;5;5;5;1;Sales;Masters;Marketing;Sales Executive
697;7A1F-F1A3;Dunstan;Whife;Dunstan Whife;Male;23;Under 25;Some Travel;32;CA;White;Single;84558.00;0;No;2019-12-30;No;3;3;3;2;Sales;Bachelors;Economics;Sales Executive
698;7A23-F185;Ephraim;Biaggetti;Ephraim Biaggetti;Male;21;Under 25;No Travel;22;CA;White;Divorced;62828.00;1;Yes;2022-03-14;No;0;0;0;0;Sales;Bachelors;Marketing;Sales Executive
699;7A2A-0600;Axel;McIlhatton;Axel McIlhatton;Male;24;Under 25;Frequent Traveller;36;CA;White;Divorced;30233.00;3;No;2018-11-20;No;4;0;4;0;Technology;Bachelors;Computer Science;Software Engineer
700;7A5A-CC91;Anabal;Parkhouse;Anabal Parkhouse;Female;23;Under 25;Some Travel;12;NY;Black or African American;Single;45024.00;0;No;2018-10-17;No;4;0;1;0;Sales;Masters;Marketing;Sales Executive
701;7A8C-2DD3;Harley;Dootson;Harley Dootson;Female;30;25-34;Some Travel;35;CA;White;Single;160352.00;0;No;2013-10-18;No;9;0;5;4;Sales;Bachelors;Other;Sales Executive
702;7A98-768E;Ericha;Tomczykowski;Ericha Tomczykowski;Female;18;Under 25;Some Travel;20;CA;White;Single;58523.00;0;No;2022-01-25;Yes;0;0;0;0;Sales;Bachelors;Technical Degree;Sales Executive
703;7AA0-5766;Devin;Bernhardsson;Devin Bernhardsson;Female;22;Under 25;Frequent Traveller;28;CA;White;Married;63571.00;1;No;2021-12-28;Yes;0;0;0;0;Technology;Masters;Computer Science;Data Scientist
704;7B30-BAC8;Ferdy;Geggus;Ferdy Geggus;Male;50;45-54;Frequent Traveller;38;NY;White;Married;366078.00;0;No;2021-03-25;No;1;0;0;1;Technology;Masters;Information Systems;Machine Learning Engineer
705;7B47-C915;Grayce;Caesar;Grayce Caesar;Female;36;35-44;Some Travel;23;CA;Mixed or multiple ethnic groups;Single;195502.00;0;No;2014-02-23;No;8;0;3;0;Sales;Masters;Marketing;Sales Executive
706;7B84-8387;Richardo;Lowres;Richardo Lowres;Male;20;Under 25;Some Travel;4;CA;White;Single;34954.00;0;No;2022-06-24;No;0;0;0;0;Technology;Masters;Information Systems;Data Scientist
707;7B96-B655;Jonah;Chatwood;Jonah Chatwood;Male;24;Under 25;No Travel;18;NY;Mixed or multiple ethnic groups;Divorced;104807.00;1;No;2019-08-11;No;3;0;0;1;Technology;Bachelors;Computer Science;Data Scientist
708;7B98-EA6F;Gabriello;Clemente;Gabriello Clemente;Male;44;35-44;Some Travel;23;CA;Native Hawaiian;Single;108623.00;0;No;2012-05-13;No;10;3;3;8;Technology;Bachelors;Information Systems;Data Scientist
709;7B9D-8612;Gizela;Pauncefoot;Gizela Pauncefoot;Female;32;25-34;Some Travel;9;IL;White;Divorced;133865.00;1;Yes;2013-03-12;No;9;3;3;0;Sales;High School;Marketing;Sales Executive
710;7BA2-EBDE;Borden;McGuiness;Borden McGuiness;Male;31;25-34;No Travel;6;NY;White;Single;321244.00;0;Yes;2020-03-16;No;2;2;2;0;Sales;Masters;Marketing;Manager
711;7BD4-7BFB;Kerr;Sporner;Kerr Sporner;Male;27;25-34;Some Travel;19;IL;American Indian or Alaska Native;Divorced;25276.00;1;No;2015-01-22;No;7;6;7;1;Technology;Masters;Computer Science;Software Engineer
712;7C80-94E0;Celie;Jedrys;Celie Jedrys;Female;33;25-34;Some Travel;36;CA;Asian or Asian American;Single;88726.00;0;No;2013-01-01;No;9;8;8;6;Technology;Bachelors;Computer Science;Machine Learning Engineer
713;7CDB-25C4;Isaac;Tomini;Isaac Tomini;Male;22;Under 25;Some Travel;40;NY;White;Married;54114.00;1;Yes;2020-11-18;No;2;0;1;1;Technology;Bachelors;Information Systems;Senior Software Engineer
714;7CFC-C4DA;Brant;Damper;Brant Damper;Male;21;Under 25;Some Travel;44;CA;White;Single;32676.00;0;Yes;2022-04-20;Yes;0;0;0;0;Technology;High School;Other;Data Scientist
715;7D2D-3831;Davon;Swetland;Davon Swetland;Male;25;25-34;Some Travel;16;NY;Black or African American;Divorced;37742.00;1;No;2017-12-12;No;5;1;3;3;Technology;Bachelors;Information Systems;Data Scientist
716;7D95-B5B1;Glenna;Blackston;Glenna Blackston;Female;25;25-34;Some Travel;28;CA;White;Single;70737.00;0;No;2018-07-06;No;4;3;3;3;Technology;Masters;Computer Science;Senior Software Engineer
717;7DA1-A202;Gene;Sends;Gene Sends;Female;24;Under 25;Some Travel;18;CA;Mixed or multiple ethnic groups;Divorced;28539.00;2;No;2018-09-02;No;4;1;2;1;Technology;Masters;Computer Science;Data Scientist
718;7DD6-128C;Auguste;Windsor;Auguste Windsor;Female;32;25-34;No Travel;2;CA;Black or African American;Divorced;114246.00;1;No;2014-07-26;No;8;3;6;5;Sales;Masters;Marketing;Sales Executive
719;7E76-154C;Lorrayne;Pinnington;Lorrayne Pinnington;Female;25;25-34;Some Travel;40;NY;White;Married;75250.00;1;No;2018-09-20;No;4;1;4;0;Technology;Bachelors;Business Studies;Machine Learning Engineer
720;7ED6-BEC8;Danika;Corbet;Danika Corbet;Female;20;Under 25;Frequent Traveller;2;NY;White;Married;38009.00;1;No;2022-08-24;No;0;0;0;0;Technology;No Formal Qualifications;Information Systems;Software Engineer
721;7EE7-2C43;Tobye;Dietmar;Tobye Dietmar;Female;29;25-34;Some Travel;9;NY;Black or African American;Single;48321.00;0;Yes;2013-10-26;Yes;7;2;3;2;Technology;Masters;Computer Science;Data Scientist
722;7EEF-9A90;Sheryl;Bridell;Sheryl Bridell;Female;23;Under 25;Some Travel;18;NY;Other;Married;83677.00;1;Yes;2017-07-10;No;5;0;5;3;Sales;Masters;Technical Degree;Sales Executive
723;7EF0-2BF4;Ulrike;Seakes;Ulrike Seakes;Female;40;35-44;Some Travel;5;NY;White;Married;267834.00;0;No;2019-04-10;No;3;3;3;0;Sales;Masters;Marketing;Manager
724;7F1C-20B8;Page;Sculpher;Page Sculpher;Female;39;35-44;Some Travel;10;CA;Mixed or multiple ethnic groups;Divorced;65796.00;1;No;2013-07-02;No;9;9;9;5;Technology;High School;Information Systems;Data Scientist
725;7F24-55A3;Boyce;Heditch;Boyce Heditch;Male;23;Under 25;Some Travel;17;NY;White;Married;80236.00;0;No;2020-11-03;No;2;0;2;1;Technology;Bachelors;Information Systems;Machine Learning Engineer
726;7F5B-92AD;Urbano;Hinckes;Urbano Hinckes;Male;27;25-34;Some Travel;43;CA;White;Single;105702.00;0;No;2019-03-30;No;3;3;3;1;Technology;Masters;Computer Science;Senior Software Engineer
727;7F61-2397;Felicdad;Seakin;Felicdad Seakin;Non-Binary;41;35-44;No Travel;26;CA;White;Married;283081.00;1;Yes;2018-09-03;Yes;4;1;3;2;Technology;Masters;Computer Science;Analytics Manager
728;7F91-C628;Bertie;Suthren;Bertie Suthren;Non-Binary;36;35-44;Frequent Traveller;14;IL;White;Single;43358.00;0;No;2013-05-07;No;9;0;9;5;Technology;No Formal Qualifications;Information Systems;Data Scientist
729;7FA1-BC64;Curry;Bramah;Curry Bramah;Male;19;Under 25;Some Travel;7;CA;White;Single;30896.00;0;Yes;2021-03-17;Yes;1;0;0;0;Technology;Bachelors;Information Systems;Software Engineer
730;7FFD-C810;Claresta;Impy;Claresta Impy;Female;32;25-34;Some Travel;22;IL;White;Married;75821.00;1;No;2012-01-30;No;10;1;5;1;Technology;High School;Other;Data Scientist
731;801C-89BF;Maren;Tizard;Maren Tizard;Female;24;Under 25;Some Travel;5;NY;Asian or Asian American;Divorced;46151.00;1;No;2016-11-12;No;6;4;6;2;Technology;High School;Information Systems;Data Scientist
732;801E-9D0E;Shaw;McCaw;Shaw McCaw;Male;32;25-34;Some Travel;34;CA;White;Single;439641.00;0;No;2021-02-20;No;1;0;1;1;Technology;Masters;Information Systems;Software Engineer
733;8026-658D;Dana;Lobb;Dana Lobb;Male;36;35-44;Some Travel;28;NY;Black or African American;Married;174019.00;1;Yes;2013-03-07;No;9;8;9;1;Technology;Bachelors;Information Systems;Machine Learning Engineer
734;806F-B986;Judie;Lowndsborough;Judie Lowndsborough;Female;24;Under 25;Some Travel;26;IL;White;Married;93490.00;1;Yes;2016-11-24;No;6;4;5;6;Technology;High School;Information Systems;Machine Learning Engineer
735;8078-6154;Hattie;Algeo;Hattie Algeo;Female;26;25-34;Some Travel;29;NY;White;Married;172070.00;1;No;2017-04-09;No;5;4;4;3;Sales;No Formal Qualifications;Marketing;Manager
736;80BE-E2B5;Jill;Hellewell;Jill Hellewell;Female;29;25-34;Some Travel;29;CA;Mixed or multiple ethnic groups;Single;110744.00;0;No;2014-03-02;No;8;8;8;1;Technology;Bachelors;Computer Science;Senior Software Engineer
737;812D-7475;Lucius;Plimmer;Lucius Plimmer;Male;20;Under 25;Some Travel;29;CA;White;Married;20526.00;1;No;2022-03-08;No;0;0;0;0;Technology;No Formal Qualifications;Computer Science;Data Scientist
738;817D-28CE;Bert;Otton;Bert Otton;Female;22;Under 25;Frequent Traveller;30;NY;White;Divorced;40614.00;1;Yes;2020-07-29;Yes;0;0;0;0;Technology;Bachelors;Computer Science;Data Scientist
739;8182-6AE6;Wandis;Needs;Wandis Needs;Female;25;25-34;Some Travel;32;NY;White;Married;82357.00;1;Yes;2020-02-03;No;2;2;2;2;Sales;High School;Marketing;Sales Executive
740;819A-2C9C;Hillary;Atchly;Hillary Atchly;Male;30;25-34;No Travel;7;NY;American Indian or Alaska Native;Married;138989.00;1;Yes;2013-08-14;No;9;2;4;8;Technology;Bachelors;Computer Science;Data Scientist
741;81BE-17CD;Frederick;Cheley;Frederick Cheley;Male;30;25-34;Frequent Traveller;33;CA;White;Single;35126.00;0;Yes;2013-12-18;No;9;1;5;5;Technology;High School;Computer Science;Data Scientist
742;81C2-E188;Nada;Finlator;Nada Finlator;Female;19;Under 25;Some Travel;1;CA;White;Single;41958.00;1;No;2021-03-09;No;1;1;1;0;Human Resources;Bachelors;Human Resources;HR Executive
743;81F1-950F;Sapphire;Prayer;Sapphire Prayer;Female;25;25-34;Some Travel;26;NY;White;Divorced;174400.00;1;No;2018-04-28;No;4;0;2;4;Technology;Masters;Computer Science;Analytics Manager
744;81FF-8D6C;Mireielle;Gabbitis;Mireielle Gabbitis;Female;24;Under 25;Some Travel;13;CA;Black or African American;Single;24095.00;0;No;2018-04-28;Yes;2;2;2;1;Sales;Bachelors;Economics;Sales Representative
745;8233-2483;Sheba;McCromley;Sheba McCromley;Female;35;35-44;Some Travel;7;CA;Mixed or multiple ethnic groups;Divorced;47995.00;3;Yes;2012-03-12;No;10;5;6;3;Human Resources;Bachelors;Marketing;Recruiter
746;825E-0B3A;Kris;Barnes;Kris Barnes;Male;30;25-34;Some Travel;26;NY;White;Divorced;94791.00;1;No;2013-12-27;No;9;9;9;0;Technology;Bachelors;Information Systems;Machine Learning Engineer
747;8291-DE04;Ring;Miles;Ring Miles;Non-Binary;23;Under 25;Frequent Traveller;26;CA;White;Single;31342.00;0;No;2019-03-22;No;3;0;3;0;Technology;High School;Information Systems;Data Scientist
748;8292-6635;Hy;Goodin;Hy Goodin;Male;26;25-34;Some Travel;14;IL;White;Single;127450.00;0;No;2015-07-11;No;7;0;0;1;Sales;Masters;Marketing;Sales Executive
749;82B4-8569;Adrian;Swatman;Adrian Swatman;Male;44;35-44;Some Travel;44;CA;Mixed or multiple ethnic groups;Divorced;313891.00;1;No;2018-12-23;No;4;4;4;3;Sales;Bachelors;Marketing;Manager
750;8328-A764;Granger;Kenworthey;Granger Kenworthey;Male;24;Under 25;Some Travel;17;NY;Mixed or multiple ethnic groups;Married;30720.00;1;No;2017-09-09;No;5;4;5;4;Technology;Masters;Other;Software Engineer
751;8365-EB74;Umberto;Wallentin;Umberto Wallentin;Male;40;35-44;Frequent Traveller;14;CA;Asian or Asian American;Married;43854.00;1;No;2013-08-19;No;9;4;9;2;Technology;High School;Information Systems;Data Scientist
752;8369-ED26;Randie;Tolliday;Randie Tolliday;Prefer Not To Say;25;25-34;No Travel;19;NY;Asian or Asian American;Divorced;83894.00;1;No;2018-06-30;No;4;2;2;3;Technology;High School;Information Systems;Machine Learning Engineer
753;8373-07C6;Inge;Bullon;Inge Bullon;Female;25;25-34;Some Travel;21;CA;White;Married;261970.00;1;Yes;2017-07-31;No;5;4;4;3;Technology;Masters;Information Systems;Engineering Manager
754;83FD-F920;Yorgo;Clappison;Yorgo Clappison;Male;25;25-34;Some Travel;41;CA;White;Married;28137.00;0;Yes;2016-01-10;Yes;4;3;3;1;Technology;No Formal Qualifications;Computer Science;Data Scientist
755;8462-E88A;Renault;Dobbyn;Renault Dobbyn;Male;25;25-34;Some Travel;18;NY;Black or African American;Single;190466.00;0;No;2017-03-26;No;5;2;2;5;Human Resources;Masters;Marketing;HR Business Partner
756;84AD-D566;Ashien;Villa;Ashien Villa;Female;22;Under 25;Some Travel;16;CA;American Indian or Alaska Native;Single;30838.00;0;No;2018-02-16;No;4;4;4;0;Technology;Bachelors;Business Studies;Software Engineer
757;84D4-D4C3;Naoma;Hebbard;Naoma Hebbard;Female;20;Under 25;No Travel;28;CA;Black or African American;Married;38258.00;0;No;2022-12-31;No;0;0;0;0;Technology;High School;Computer Science;Data Scientist
758;84D8-1A04;Adara;Sleeford;Adara Sleeford;Female;22;Under 25;Some Travel;16;NY;White;Married;48432.00;1;No;2019-10-17;No;3;0;0;3;Sales;Bachelors;Marketing;Sales Executive
759;84E7-02D4;Padraic;MacParlan;Padraic MacParlan;Male;26;25-34;Some Travel;41;CA;White;Married;161600.00;1;No;2017-12-07;Yes;5;0;2;0;Technology;Doctorate;Business Studies;Machine Learning Engineer
760;851C-E7E2;Sebastiano;Benes;Sebastiano Benes;Male;27;25-34;Some Travel;14;CA;Black or African American;Divorced;120049.00;1;No;2015-11-07;No;7;1;6;1;Technology;High School;Information Systems;Machine Learning Engineer
761;8533-B8FA;Ambur;Axton;Ambur Axton;Female;20;Under 25;Frequent Traveller;32;CA;White;Divorced;33488.00;2;No;2021-05-24;No;1;1;1;1;Technology;Bachelors;Computer Science;Software Engineer
762;8567-5B27;Shani;Deackes;Shani Deackes;Female;28;25-34;Frequent Traveller;32;NY;Black or African American;Single;53439.00;0;Yes;2012-04-27;Yes;3;0;0;1;Sales;No Formal Qualifications;Technical Degree;Sales Representative
763;8583-9174;Mimi;Mawditt;Mimi Mawditt;Female;46;45-54;Frequent Traveller;16;NY;White;Single;100717.00;0;Yes;2013-01-30;No;9;5;9;7;Technology;High School;Computer Science;Software Engineer
764;85B2-41F5;Tessa;De Cristoforo;Tessa De Cristoforo;Prefer Not To Say;19;Under 25;Some Travel;35;NY;Black or African American;Single;39722.00;1;No;2022-12-15;No;0;0;0;0;Technology;Bachelors;Information Systems;Data Scientist
765;860E-0FA9;Zonda;Lefeuvre;Zonda Lefeuvre;Female;18;Under 25;Frequent Traveller;34;NY;White;Single;54085.00;1;Yes;2022-01-13;No;0;0;0;0;Technology;Masters;Information Systems;Software Engineer
766;8640-414A;Rivkah;Siderfin;Rivkah Siderfin;Female;29;25-34;Some Travel;32;CA;White;Married;390142.00;0;No;2020-10-27;No;2;1;2;2;Technology;Bachelors;Computer Science;Engineering Manager
767;8663-3E02;Kleon;Monnery;Kleon Monnery;Male;37;35-44;Frequent Traveller;7;NY;Mixed or multiple ethnic groups;Divorced;276322.00;1;No;2013-11-26;No;9;0;9;1;Technology;Masters;Information Systems;Analytics Manager
768;8695-09EC;Lyda;Everall;Lyda Everall;Female;33;25-34;Frequent Traveller;5;IL;Black or African American;Single;249325.00;0;No;2022-11-09;No;0;0;0;0;Technology;High School;Computer Science;Machine Learning Engineer
769;86C5-8987;Cassaundra;Kenyam;Cassaundra Kenyam;Female;22;Under 25;Some Travel;5;NY;White;Married;45220.00;0;No;2020-05-16;No;2;0;0;0;Sales;High School;Economics;Sales Executive
770;86E2-73D1;Purcell;Keig;Purcell Keig;Male;39;35-44;Some Travel;3;CA;Black or African American;Single;81115.00;0;No;2013-01-24;No;9;2;4;0;Technology;Bachelors;Computer Science;Machine Learning Engineer
771;86E9-319B;Kirby;Denison;Kirby Denison;Male;24;Under 25;No Travel;21;NY;White;Single;26451.00;0;No;2019-09-23;No;3;1;1;3;Technology;Bachelors;Information Systems;Software Engineer
772;86F7-CA91;Katlin;Callar;Katlin Callar;Female;21;Under 25;Some Travel;36;CA;White;Divorced;37035.00;3;No;2021-09-11;No;1;1;1;1;Sales;Masters;Marketing;Sales Executive
773;8700-828F;Marlo;McKim;Marlo McKim;Male;21;Under 25;Some Travel;42;NY;White;Divorced;34257.00;3;No;2022-04-16;No;0;0;0;0;Technology;Bachelors;Computer Science;Software Engineer
774;8733-BC3C;Kerwinn;Fassum;Kerwinn Fassum;Male;26;25-34;Frequent Traveller;22;CA;Asian or Asian American;Divorced;81726.00;2;Yes;2016-11-06;No;6;0;6;1;Technology;Bachelors;Computer Science;Software Engineer
775;874D-5D4C;Clywd;Burril;Clywd Burril;Male;40;35-44;No Travel;31;CA;White;Divorced;456418.00;1;No;2020-03-09;No;2;0;2;2;Technology;Masters;Computer Science;Analytics Manager
776;8766-F1E7;Jonathon;Lovie;Jonathon Lovie;Male;25;25-34;Some Travel;18;CA;White;Married;130434.00;0;Yes;2016-09-26;Yes;0;0;0;0;Technology;Masters;Information Systems;Machine Learning Engineer
777;87D2-8B67;Joana;McDougal;Joana McDougal;Female;45;45-54;Some Travel;34;NY;White;Divorced;152278.00;1;Yes;2012-04-18;No;10;8;8;2;Technology;High School;Information Systems;Machine Learning Engineer
778;8822-B9C5;Amity;Kalisz;Amity Kalisz;Female;41;35-44;Some Travel;9;CA;Black or African American;Single;197592.00;0;Yes;2012-03-24;No;10;5;10;0;Technology;Bachelors;Computer Science;Machine Learning Engineer
779;8892-77D8;Rodrique;Rohlfing;Rodrique Rohlfing;Male;35;35-44;Some Travel;29;CA;Mixed or multiple ethnic groups;Divorced;519361.00;1;Yes;2019-05-04;No;3;2;3;1;Technology;Bachelors;Information Systems;Engineering Manager
780;88B8-EB84;Crystal;McLleese;Crystal McLleese;Female;34;25-34;Some Travel;41;CA;Black or African American;Divorced;357371.00;1;No;2012-03-24;No;10;9;9;3;Technology;High School;Information Systems;Engineering Manager
781;8941-0BAC;Tracee;Gaukroger;Tracee Gaukroger;Female;30;25-34;Some Travel;12;CA;White;Divorced;145929.00;3;No;2021-06-22;No;1;0;1;1;Sales;Bachelors;Marketing;Sales Executive
782;89A6-7EF1;Johan;Rudinger;Johan Rudinger;Male;26;25-34;Some Travel;11;NY;Asian or Asian American;Single;70395.00;0;No;2016-07-11;No;6;5;6;2;Human Resources;Bachelors;Other;HR Executive
783;8A18-9075;Phyllys;Newham;Phyllys Newham;Female;31;25-34;Frequent Traveller;25;NY;White;Single;362540.00;1;No;2021-03-03;No;1;0;0;0;Technology;Doctorate;Information Systems;Analytics Manager
784;8A34-59DF;Camellia;Shelmerdine;Camellia Shelmerdine;Non-Binary;19;Under 25;Some Travel;5;CA;Black or African American;Single;35372.00;3;No;2022-12-14;No;0;0;0;0;Technology;High School;Computer Science;Software Engineer
785;8A40-C85A;Reggie;Matthewman;Reggie Matthewman;Female;44;35-44;Some Travel;28;CA;Black or African American;Married;53325.00;1;Yes;2012-02-28;No;10;4;8;4;Technology;Bachelors;Information Systems;Software Engineer
786;8A5B-3D6E;Konstanze;Scrammage;Konstanze Scrammage;Female;24;Under 25;Some Travel;25;NY;Mixed or multiple ethnic groups;Divorced;105383.00;2;Yes;2016-01-14;No;6;6;6;5;Sales;No Formal Qualifications;Marketing;Sales Executive
787;8A6B-AD5C;Ruby;O'Scollain;Ruby O'Scollain;Female;24;Under 25;Some Travel;30;CA;White;Single;61883.00;0;No;2016-08-02;Yes;1;1;1;0;Technology;Bachelors;Information Systems;Data Scientist
788;8AAD-FAFB;Alethea;Heeney;Alethea Heeney;Female;24;Under 25;Some Travel;3;CA;Asian or Asian American;Divorced;130774.00;1;Yes;2016-08-15;Yes;4;3;3;4;Sales;Bachelors;Marketing;Sales Executive
789;8ACE-C5CE;Germana;Gulvin;Germana Gulvin;Female;43;35-44;Some Travel;38;NY;American Indian or Alaska Native;Married;121510.00;1;No;2013-08-18;No;9;8;8;5;Sales;High School;Marketing;Sales Executive
790;8B55-CBEC;Symon;Raisher;Symon Raisher;Male;40;35-44;Some Travel;30;NY;Black or African American;Married;291663.00;0;No;2022-12-18;No;0;0;0;0;Technology;Bachelors;Information Systems;Senior Software Engineer
791;8B79-18F1;Abra;MacGray;Abra MacGray;Female;20;Under 25;Some Travel;39;CA;White;Married;37436.00;0;Yes;2021-03-14;Yes;0;0;0;0;Technology;Masters;Information Systems;Software Engineer
792;8BAB-B4A6;Torey;Abram;Torey Abram;Male;38;35-44;Some Travel;35;NY;Asian or Asian American;Single;340229.00;0;Yes;2012-01-13;No;10;7;9;3;Sales;Bachelors;Marketing;Manager
793;8BCA-723F;Normy;De la Harpe;Normy De la Harpe;Male;46;45-54;Some Travel;24;CA;White;Divorced;43487.00;1;No;2014-06-29;No;8;8;8;8;Technology;Masters;Computer Science;Data Scientist
794;8C57-8F84;Lemmie;Antoniak;Lemmie Antoniak;Male;20;Under 25;Frequent Traveller;45;CA;White;Divorced;22773.00;3;Yes;2021-04-14;Yes;1;0;0;0;Technology;High School;Information Systems;Software Engineer
795;8CC3-0C6A;Vin;Gricewood;Vin Gricewood;Female;24;Under 25;Frequent Traveller;9;CA;American Indian or Alaska Native;Married;125759.00;0;No;2018-11-21;No;4;3;3;0;Sales;No Formal Qualifications;Marketing;Sales Executive
796;8CF5-DC74;Karoline;Obray;Karoline Obray;Female;21;Under 25;Some Travel;41;CA;White;Divorced;38066.00;2;No;2021-11-13;No;1;0;0;0;Sales;High School;Economics;Sales Executive
797;8CF6-3079;Jaquenetta;Corkel;Jaquenetta Corkel;Female;27;25-34;Some Travel;1;NY;Black or African American;Divorced;40050.00;1;Yes;2013-07-16;Yes;1;0;0;0;Technology;Masters;Computer Science;Data Scientist
798;8D34-EBDF;Giles;Bilham;Giles Bilham;Male;29;25-34;Some Travel;14;IL;Native Hawaiian;Married;46703.00;0;No;2014-07-31;Yes;0;0;0;0;Human Resources;Masters;Technical Degree;Recruiter
799;8DA7-0090;Farica;Fardell;Farica Fardell;Non-Binary;41;35-44;Some Travel;11;NY;Black or African American;Single;445906.00;0;Yes;2015-04-01;No;7;1;5;4;Human Resources;High School;Economics;HR Business Partner
800;8DB6-5FC6;Madalena;Leneham;Madalena Leneham;Female;21;Under 25;No Travel;25;CA;White;Married;69078.00;1;No;2019-09-08;No;3;3;3;3;Sales;Bachelors;Marketing;Sales Executive
801;8E5B-CBBF;Creigh;Lissaman;Creigh Lissaman;Male;25;25-34;Some Travel;12;NY;Asian or Asian American;Divorced;67814.00;0;No;2015-03-28;No;7;6;7;1;Sales;Masters;Marketing;Sales Executive
802;8E8F-DDC8;Christoffer;Peaple;Christoffer Peaple;Male;19;Under 25;Some Travel;4;IL;White;Single;38726.00;1;Yes;2021-12-28;No;1;0;0;1;Sales;Masters;Marketing;Sales Executive
803;8EA4-9179;Cristian;Dignum;Cristian Dignum;Male;25;25-34;Some Travel;23;NY;Black or African American;Single;24626.00;0;No;2015-03-14;No;7;7;7;1;Technology;Bachelors;Computer Science;Data Scientist
804;8EAF-4F79;Marrilee;Brosio;Marrilee Brosio;Female;27;25-34;Frequent Traveller;20;CA;White;Married;167879.00;1;Yes;2016-10-15;No;6;6;6;3;Technology;Bachelors;Information Systems;Senior Software Engineer
805;8EBD-B3E8;Sutherland;Kick;Sutherland Kick;Male;25;25-34;Some Travel;14;IL;Black or African American;Single;40079.00;0;Yes;2018-11-12;No;4;3;4;1;Technology;High School;Computer Science;Software Engineer
806;8ED3-4377;Giusto;Raynes;Giusto Raynes;Male;30;25-34;Some Travel;33;CA;White;Single;78743.00;0;No;2013-04-09;No;9;2;7;4;Technology;Bachelors;Computer Science;Software Engineer
807;8EE9-E86D;Conn;Mouser;Conn Mouser;Male;46;45-54;Some Travel;45;IL;White;Divorced;48740.00;3;Yes;2012-05-20;Yes;10;8;9;6;Human Resources;Bachelors;Human Resources;Recruiter
808;8EF9-CECD;Mendy;Hounsom;Mendy Hounsom;Male;23;Under 25;Some Travel;35;IL;White;Single;28704.00;0;No;2019-08-28;No;3;3;3;1;Technology;Bachelors;Computer Science;Data Scientist
809;8F38-A4DD;Rosemonde;Brimble;Rosemonde Brimble;Female;27;25-34;No Travel;25;CA;White;Single;27369.00;0;No;2016-11-29;No;6;4;6;3;Technology;Bachelors;Computer Science;Software Engineer
810;8F78-4A32;Sigismundo;Durtnel;Sigismundo Durtnel;Male;25;25-34;No Travel;12;NY;Black or African American;Single;31962.00;0;No;2015-03-14;No;7;2;7;4;Technology;Bachelors;Information Systems;Data Scientist
811;8F7F-015D;Lion;Ewbanck;Lion Ewbanck;Male;28;25-34;Some Travel;43;IL;White;Married;249071.00;2;No;2015-08-24;No;7;5;5;6;Technology;Masters;Information Systems;Engineering Manager
812;8FB2-4CE0;Kurtis;Plane;Kurtis Plane;Male;27;25-34;Some Travel;14;IL;White;Single;37545.00;0;No;2016-12-06;Yes;2;1;1;1;Technology;Masters;Computer Science;Data Scientist
813;8FD9-AA59;Faina;Bewshaw;Faina Bewshaw;Non-Binary;26;25-34;Frequent Traveller;14;IL;Mixed or multiple ethnic groups;Divorced;71349.00;2;No;2014-06-20;Yes;7;2;2;1;Sales;Masters;Marketing;Sales Executive
814;8FF0-0F7A;Nanine;Barrie;Nanine Barrie;Female;26;25-34;No Travel;18;CA;Mixed or multiple ethnic groups;Divorced;153420.00;2;Yes;2015-08-10;No;7;5;5;7;Technology;Masters;Information Systems;Engineering Manager
815;9071-14B2;Griffie;Bugge;Griffie Bugge;Male;31;25-34;Some Travel;25;CA;Black or African American;Single;157676.00;0;No;2019-08-07;No;3;0;2;1;Technology;Bachelors;Business Studies;Machine Learning Engineer
816;9075-A294;Colby;Yakebowitch;Colby Yakebowitch;Male;27;25-34;No Travel;17;IL;Asian or Asian American;Married;71832.00;1;No;2016-05-23;No;6;6;6;1;Sales;Masters;Marketing;Sales Executive
817;9085-1FE8;Fan;Pizey;Fan Pizey;Female;35;35-44;Some Travel;32;NY;Mixed or multiple ethnic groups;Married;119917.00;1;Yes;2012-05-15;No;10;5;7;4;Technology;High School;Business Studies;Data Scientist
818;90C4-1053;Diann;Brightie;Diann Brightie;Female;20;Under 25;Some Travel;3;CA;White;Married;41342.00;1;Yes;2020-07-16;No;2;1;1;2;Technology;No Formal Qualifications;Information Systems;Machine Learning Engineer
819;90EB-28D4;Veronique;Tremelling;Veronique Tremelling;Female;24;Under 25;Frequent Traveller;29;CA;Black or African American;Single;26608.00;0;No;2017-09-12;No;5;0;3;1;Sales;No Formal Qualifications;Economics;Sales Representative
820;90EB-69E4;Devan;Ellice;Devan Ellice;Female;23;Under 25;Some Travel;31;CA;Asian or Asian American;Single;49543.00;0;No;2018-12-28;No;4;3;3;1;Technology;Bachelors;Computer Science;Data Scientist
821;9112-D01B;Emmie;Lauchlan;Emmie Lauchlan;Female;50;45-54;Some Travel;23;CA;White;Married;266449.00;1;Yes;2020-05-27;No;2;1;2;2;Sales;Bachelors;Marketing;Manager
822;9160-043F;Jemie;Tasseler;Jemie Tasseler;Female;29;25-34;Some Travel;30;CA;Black or African American;Single;220896.00;0;No;2022-11-22;No;0;0;0;0;Technology;Masters;Business Studies;Machine Learning Engineer
823;9169-FC4B;Reinaldos;Baynes;Reinaldos Baynes;Male;28;25-34;Some Travel;18;CA;Native Hawaiian;Married;179561.00;1;No;2012-05-09;Yes;1;0;0;1;Human Resources;High School;Economics;HR Executive
824;91C3-F892;Daryl;Whittlesea;Daryl Whittlesea;Male;21;Under 25;Some Travel;24;CA;White;Married;34024.00;2;No;2022-02-24;No;0;0;0;0;Technology;High School;Information Systems;Data Scientist
825;91C6-564B;Thain;Pedri;Thain Pedri;Male;21;Under 25;Some Travel;7;CA;White;Married;40561.00;1;No;2019-10-09;No;3;3;3;1;Technology;Bachelors;Computer Science;Data Scientist
826;920B-7B40;Berkly;Bellson;Berkly Bellson;Male;26;25-34;Some Travel;22;CA;Asian or Asian American;Married;52390.00;1;Yes;2015-04-21;No;7;4;5;3;Technology;Bachelors;Information Systems;Software Engineer
827;921D-AE10;Greer;MacDearmaid;Greer MacDearmaid;Female;46;45-54;No Travel;24;CA;White;Single;236103.00;0;No;2022-06-21;No;0;0;0;0;Sales;Masters;Economics;Sales Executive
828;924E-1035;Scot;Gamlen;Scot Gamlen;Male;23;Under 25;Some Travel;26;NY;Native Hawaiian;Single;58345.00;0;Yes;2017-01-19;No;5;4;4;4;Sales;High School;Marketing;Sales Executive
829;9283-E971;Meredith;Hansod;Meredith Hansod;Female;40;35-44;Frequent Traveller;30;NY;Asian or Asian American;Married;250555.00;1;Yes;2018-03-19;No;4;4;4;2;Sales;Masters;Marketing;Sales Executive
830;9360-3A68;Cathyleen;Hallin;Cathyleen Hallin;Female;27;25-34;No Travel;12;IL;White;Single;41524.00;0;No;2015-11-12;No;7;6;6;6;Technology;Bachelors;Information Systems;Data Scientist
831;9385-321B;Marcille;Tweedy;Marcille Tweedy;Female;24;Under 25;Some Travel;34;CA;White;Single;107634.00;0;No;2019-09-15;No;3;2;2;2;Sales;No Formal Qualifications;Economics;Sales Executive
832;939F-2461;Grantham;Sandercock;Grantham Sandercock;Male;28;25-34;Some Travel;17;IL;White;Married;101210.00;1;No;2020-01-03;No;2;2;2;1;Technology;Bachelors;Information Systems;Senior Software Engineer
833;93B1-6510;Giraldo;Matyashev;Giraldo Matyashev;Male;28;25-34;No Travel;30;CA;White;Single;52930.00;0;No;2015-02-23;No;7;1;4;2;Technology;Bachelors;Computer Science;Data Scientist
834;93FF-A33D;Bart;Jebb;Bart Jebb;Male;23;Under 25;Some Travel;28;NY;White;Single;83064.00;3;No;2022-02-15;No;0;0;0;0;Technology;Bachelors;Information Systems;Machine Learning Engineer
835;9404-5428;Duke;Mungham;Duke Mungham;Male;20;Under 25;Some Travel;14;CA;White;Married;35355.00;2;Yes;2021-10-29;No;1;0;1;1;Technology;Bachelors;Information Systems;Software Engineer
836;9412-7AA6;Edith;Middis;Edith Middis;Non-Binary;27;25-34;Some Travel;10;CA;White;Single;45438.00;0;No;2015-04-19;No;7;1;5;5;Technology;Bachelors;Information Systems;Data Scientist
837;9461-9439;Verne;Heads;Verne Heads;Male;21;Under 25;Some Travel;24;NY;White;Divorced;75816.00;1;No;2020-11-15;No;2;1;1;0;Technology;Bachelors;Information Systems;Machine Learning Engineer
838;9528-AA17;Jaquelin;Kite;Jaquelin Kite;Female;48;45-54;Some Travel;30;NY;Black or African American;Married;72794.00;1;No;2012-02-14;No;10;4;5;3;Technology;Bachelors;Information Systems;Software Engineer
839;9536-9492;Ingelbert;Kennerley;Ingelbert Kennerley;Male;23;Under 25;Some Travel;4;NY;White;Divorced;42687.00;3;Yes;2020-11-21;No;2;2;2;2;Technology;Masters;Computer Science;Software Engineer
840;954A-3829;Karlene;Lockless;Karlene Lockless;Female;20;Under 25;Frequent Traveller;23;CA;White;Divorced;31801.00;1;Yes;2021-08-02;No;1;1;1;0;Technology;Bachelors;Information Systems;Software Engineer
841;9591-C955;Kaine;Haukey;Kaine Haukey;Male;24;Under 25;No Travel;35;CA;Asian or Asian American;Divorced;65838.00;3;Yes;2018-06-17;No;4;2;2;2;Technology;Bachelors;Information Systems;Software Engineer
842;95CB-4E31;Pavlov;Pretor;Pavlov Pretor;Male;28;25-34;No Travel;4;CA;Asian or Asian American;Divorced;57837.00;2;No;2015-06-30;No;7;3;3;6;Technology;Bachelors;Business Studies;Software Engineer
843;95D7-1CE9;Ahmed;Sykes;Ahmed Sykes;Male;43;35-44;Some Travel;29;CA;Asian or Asian American;Married;309964.00;1;No;2012-01-04;No;10;6;10;8;Human Resources;Masters;Marketing;HR Business Partner
844;95D8-5DC7;Udall;Dowson;Udall Dowson;Male;48;45-54;Some Travel;19;CA;Black or African American;Divorced;241907.00;3;No;2014-07-07;No;8;3;3;0;Technology;Doctorate;Computer Science;Engineering Manager
845;95E0-CCA0;Berti;Laurand;Berti Laurand;Male;24;Under 25;Some Travel;2;NY;Mixed or multiple ethnic groups;Divorced;32313.00;2;No;2019-07-14;No;3;1;1;2;Technology;High School;Business Studies;Software Engineer
846;9624-0464;Lura;Hedin;Lura Hedin;Female;45;45-54;Frequent Traveller;4;CA;Native Hawaiian;Divorced;393420.00;1;No;2019-08-11;No;3;1;1;1;Technology;Bachelors;Information Systems;Engineering Manager
847;964B-0E97;Dayna;Hutchin;Dayna Hutchin;Female;32;25-34;Some Travel;8;CA;White;Married;111619.00;2;No;2022-10-06;No;0;0;0;0;Technology;Bachelors;Information Systems;Senior Software Engineer
848;9658-7750;Ray;Holbie;Ray Holbie;Female;37;35-44;Some Travel;40;NY;American Indian or Alaska Native;Married;49550.00;3;No;2014-07-11;No;8;2;8;6;Technology;Masters;Information Systems;Data Scientist
849;9671-222C;Akim;Garfit;Akim Garfit;Male;20;Under 25;Some Travel;38;CA;White;Divorced;21344.00;1;No;2020-09-25;No;2;1;2;2;Technology;Bachelors;Business Studies;Software Engineer
850;96F4-896C;Kerwin;Wheadon;Kerwin Wheadon;Male;43;35-44;No Travel;21;CA;White;Single;280756.00;0;No;2013-03-05;No;9;8;8;3;Technology;Masters;Information Systems;Analytics Manager
851;9723-FED9;Charyl;Bartaletti;Charyl Bartaletti;Female;24;Under 25;Some Travel;4;CA;Black or African American;Married;41555.00;1;No;2018-08-16;No;4;4;4;2;Technology;Bachelors;Business Studies;Data Scientist
852;9727-BC84;Murdock;Spaduzza;Murdock Spaduzza;Male;31;25-34;Some Travel;15;CA;White;Married;187930.00;3;No;2012-04-07;Yes;3;2;2;0;Sales;Bachelors;Marketing;Sales Executive
853;9728-1A5B;Vernen;Rennie;Vernen Rennie;Male;48;45-54;Some Travel;33;NY;Mixed or multiple ethnic groups;Divorced;191771.00;1;No;2012-05-17;No;10;0;10;4;Sales;High School;Marketing;Sales Executive
854;974D-9F8F;Tove;Arnao;Tove Arnao;Female;21;Under 25;Frequent Traveller;40;CA;White;Single;59519.00;0;No;2021-04-18;No;1;1;1;1;Sales;Bachelors;Marketing;Sales Executive
855;9756-3EAB;Haley;Veld;Haley Veld;Female;22;Under 25;Some Travel;21;IL;Black or African American;Single;27097.00;0;No;2019-04-28;No;3;3;3;1;Technology;Bachelors;Computer Science;Software Engineer
856;9758-DE2F;Modestine;Yeowell;Modestine Yeowell;Female;28;25-34;Some Travel;15;CA;White;Single;319619.00;0;Yes;2021-01-26;No;1;1;1;0;Technology;Masters;Other;Sales Executive
857;97F4-0B14;Vernen;Powner;Vernen Powner;Male;33;25-34;Some Travel;4;NY;Mixed or multiple ethnic groups;Single;97126.00;0;No;2012-01-15;No;10;8;10;2;Technology;Masters;Other;Senior Software Engineer
858;97F7-5710;Jordan;Kuschke;Jordan Kuschke;Female;25;25-34;Frequent Traveller;4;CA;Asian or Asian American;Married;199034.00;0;Yes;2018-12-30;No;4;4;4;4;Technology;Doctorate;Information Systems;Engineering Manager
859;9811-F345;Wells;Mulholland;Wells Mulholland;Male;42;35-44;Some Travel;40;CA;Black or African American;Divorced;142075.00;1;No;2013-08-15;No;9;9;9;4;Technology;Masters;Computer Science;Data Scientist
860;9825-45EF;Godfrey;Reynoollds;Godfrey Reynoollds;Non-Binary;36;35-44;No Travel;31;CA;Mixed or multiple ethnic groups;Single;56937.00;0;No;2013-04-17;No;9;5;8;2;Sales;High School;Economics;Sales Representative
861;9862-8904;Loella;Woodrough;Loella Woodrough;Female;23;Under 25;Some Travel;33;CA;Mixed or multiple ethnic groups;Divorced;77798.00;3;No;2019-07-12;No;3;2;3;0;Technology;High School;Information Systems;Machine Learning Engineer
862;98EE-8547;Lock;Pierson;Lock Pierson;Male;31;25-34;Some Travel;44;CA;White;Married;531629.00;1;Yes;2020-01-06;Yes;1;0;1;1;Technology;Bachelors;Information Systems;Analytics Manager
863;9900-1159;Kristien;Vedikhov;Kristien Vedikhov;Female;28;25-34;Frequent Traveller;40;IL;Black or African American;Married;215327.00;1;No;2014-04-13;No;8;1;6;8;Sales;Doctorate;Marketing;Sales Executive
864;991F-BAF4;Leonelle;Frost;Leonelle Frost;Non-Binary;33;25-34;Some Travel;4;IL;White;Married;350024.00;1;No;2020-11-04;No;2;1;2;0;Technology;High School;Information Systems;Analytics Manager
865;9937-CDF7;Galvin;Sawley;Galvin Sawley;Male;28;25-34;Some Travel;19;NY;Mixed or multiple ethnic groups;Married;56122.00;0;Yes;2013-03-31;Yes;7;5;5;0;Sales;High School;Marketing;Sales Representative
866;993B-186B;Lewiss;Janosevic;Lewiss Janosevic;Male;27;25-34;Some Travel;7;CA;Black or African American;Married;73918.00;1;No;2015-10-21;No;7;3;4;1;Sales;Bachelors;Marketing;Sales Executive
867;994A-5F84;Vance;Norsworthy;Vance Norsworthy;Male;25;25-34;Some Travel;44;CA;White;Single;37461.00;0;No;2018-04-23;No;4;3;4;3;Sales;No Formal Qualifications;Technical Degree;Sales Representative
868;9A87-71F6;Kathye;Malia;Kathye Malia;Non-Binary;40;35-44;Frequent Traveller;7;IL;Mixed or multiple ethnic groups;Married;95808.00;2;No;2014-12-21;No;8;8;8;2;Technology;Bachelors;Computer Science;Software Engineer
869;9A9B-630B;Nikolaus;Grimmer;Nikolaus Grimmer;Prefer Not To Say;23;Under 25;Some Travel;25;IL;White;Married;57285.00;0;No;2020-02-13;No;2;2;2;0;Technology;Masters;Information Systems;Machine Learning Engineer
870;9AAB-DCD0;Staci;Leith;Staci Leith;Female;28;25-34;Some Travel;14;IL;White;Divorced;105984.00;2;Yes;2012-02-04;No;10;7;9;10;Technology;High School;Business Studies;Software Engineer
871;9AAD-D3C1;Annie;Jablonski;Annie Jablonski;Female;45;45-54;Some Travel;43;CA;Black or African American;Divorced;106610.00;1;Yes;2012-05-03;No;10;0;7;5;Sales;High School;Other;Sales Executive
872;9BC9-1288;Adelheid;Battersby;Adelheid Battersby;Female;27;25-34;Some Travel;4;CA;Black or African American;Married;45046.00;2;Yes;2015-04-03;No;7;6;7;0;Sales;No Formal Qualifications;Economics;Sales Executive
873;9BD6-2C43;Wallas;Crinage;Wallas Crinage;Non-Binary;27;25-34;No Travel;2;CA;Black or African American;Divorced;92022.00;1;No;2015-01-06;No;7;7;7;0;Sales;Bachelors;Other;Sales Executive
874;9BE8-2C44;Bail;Elsworth;Bail Elsworth;Male;25;25-34;Frequent Traveller;42;IL;Black or African American;Married;72758.00;2;No;2018-01-12;No;4;3;3;3;Sales;Bachelors;Marketing;Sales Executive
875;9C24-CD7A;Yoshiko;Abrahart;Yoshiko Abrahart;Female;45;45-54;Some Travel;13;CA;White;Single;349793.00;0;No;2014-07-10;No;8;0;8;6;Technology;High School;Other;Analytics Manager
876;9C27-3F5C;Kinna;Krzyzowski;Kinna Krzyzowski;Female;24;Under 25;Some Travel;20;CA;White;Divorced;32930.00;2;Yes;2019-09-24;No;3;3;3;0;Technology;No Formal Qualifications;Computer Science;Software Engineer
877;9C57-828C;Stearn;Bever;Stearn Bever;Male;31;25-34;Some Travel;39;IL;American Indian or Alaska Native;Single;242890.00;0;No;2013-07-11;No;9;3;3;9;Technology;Bachelors;Computer Science;Senior Software Engineer
878;9C6C-E5CE;Damon;Nice;Damon Nice;Non-Binary;23;Under 25;Frequent Traveller;15;CA;Asian or Asian American;Single;29890.00;0;No;2017-07-24;No;5;0;1;1;Technology;Bachelors;Information Systems;Data Scientist
879;9C71-34AE;Yvor;Walaron;Yvor Walaron;Non-Binary;40;35-44;Some Travel;44;CA;White;Single;69119.00;0;No;2012-02-15;No;10;8;10;5;Technology;High School;Computer Science;Software Engineer
880;9C71-61AE;Lonnard;Wrathmell;Lonnard Wrathmell;Male;18;Under 25;Some Travel;32;NY;White;Single;50660.00;1;Yes;2022-04-17;Yes;0;0;0;0;Technology;No Formal Qualifications;Computer Science;Machine Learning Engineer
881;9C7D-E1B1;Morly;Gerin;Morly Gerin;Male;22;Under 25;Some Travel;26;CA;White;Married;62509.00;2;No;2019-10-23;Yes;1;0;0;0;Technology;Bachelors;Information Systems;Machine Learning Engineer
882;9C97-B634;Hyacinthie;Diperaus;Hyacinthie Diperaus;Female;19;Under 25;Some Travel;20;NY;White;Single;21026.00;0;No;2022-10-24;No;0;0;0;0;Human Resources;High School;Economics;Recruiter
883;9CC0-FF43;Gussy;Gaber;Gussy Gaber;Female;25;25-34;Some Travel;32;NY;Mixed or multiple ethnic groups;Married;35586.00;0;No;2017-02-17;No;5;4;5;0;Technology;Bachelors;Information Systems;Software Engineer
884;9CE9-B0D5;Hilary;McPhee;Hilary McPhee;Male;33;25-34;Some Travel;31;CA;White;Married;60754.00;1;No;2014-06-15;No;8;7;8;1;Technology;No Formal Qualifications;Information Systems;Data Scientist
885;9D01-8A02;Garrett;Forrester;Garrett Forrester;Male;31;25-34;Some Travel;8;IL;White;Single;70682.00;0;No;2014-02-24;No;8;4;8;2;Technology;No Formal Qualifications;Information Systems;Software Engineer
886;9D3C-DA45;Broddy;Jardine;Broddy Jardine;Male;32;25-34;Some Travel;24;CA;Native Hawaiian;Married;41857.00;1;No;2013-04-12;No;9;0;5;2;Technology;Bachelors;Information Systems;Data Scientist
887;9D7B-9B37;Eleanor;Hillen;Eleanor Hillen;Female;28;25-34;Some Travel;8;CA;Mixed or multiple ethnic groups;Married;194964.00;1;Yes;2012-05-04;No;10;2;2;8;Sales;Bachelors;Marketing;Sales Executive
888;9DB1-8C59;Thebault;Bitterton;Thebault Bitterton;Male;44;35-44;Some Travel;5;NY;Mixed or multiple ethnic groups;Married;48994.00;0;No;2014-05-09;No;8;7;7;3;Technology;Bachelors;Business Studies;Software Engineer
889;9DB2-76B3;Buck;Klawi;Buck Klawi;Male;41;35-44;Some Travel;17;NY;White;Married;116966.00;2;No;2012-03-04;No;10;4;10;7;Sales;Bachelors;Economics;Sales Executive
890;9DB8-F763;Marlin;Upcraft;Marlin Upcraft;Male;23;Under 25;Some Travel;37;CA;White;Married;26406.00;3;No;2020-01-17;No;2;0;1;0;Technology;Masters;Information Systems;Data Scientist
891;9DFE-1FD5;Angel;Hazeup;Angel Hazeup;Male;42;35-44;Some Travel;4;IL;Black or African American;Married;463051.00;1;No;2012-03-01;No;10;0;10;7;Human Resources;Bachelors;Human Resources;HR Manager
892;9E22-6287;Gifford;Poynser;Gifford Poynser;Non-Binary;48;45-54;Some Travel;37;CA;White;Single;145337.00;0;No;2012-01-21;No;10;10;10;0;Technology;Bachelors;Computer Science;Machine Learning Engineer
893;9E7A-1F70;Carita;Strowther;Carita Strowther;Female;29;25-34;Some Travel;4;CA;Mixed or multiple ethnic groups;Single;129356.00;0;No;2012-05-02;Yes;5;1;1;2;Sales;High School;Marketing;Sales Executive
894;9E87-533E;Cindi;Dudgeon;Cindi Dudgeon;Female;27;25-34;Some Travel;16;CA;White;Single;225831.00;1;No;2021-04-25;No;1;1;1;0;Sales;Bachelors;Marketing;Manager
895;9E8E-F2FF;Dix;Presley;Dix Presley;Female;24;Under 25;No Travel;10;CA;Mixed or multiple ethnic groups;Married;65432.00;0;No;2019-06-15;No;3;1;2;0;Sales;Masters;Marketing;Sales Executive
896;9ED3-ED64;Horatio;Cristoferi;Horatio Cristoferi;Male;21;Under 25;Some Travel;29;NY;White;Divorced;31618.00;2;No;2020-02-13;No;2;0;2;2;Technology;Masters;Information Systems;Software Engineer
897;9F02-0D39;Bell;Di Biasi;Bell Di Biasi;Female;27;25-34;Some Travel;9;CA;White;Married;252301.00;1;No;2015-05-30;No;7;1;6;5;Technology;High School;Computer Science;Analytics Manager
898;9F17-01F4;Orton;Vanichkin;Orton Vanichkin;Male;21;Under 25;Some Travel;30;CA;White;Single;38906.00;0;No;2022-02-15;No;0;0;0;0;Technology;Bachelors;Computer Science;Software Engineer
899;9F65-F612;Patrice;Wearing;Patrice Wearing;Female;28;25-34;Some Travel;33;CA;Asian or Asian American;Single;54536.00;0;No;2012-04-23;Yes;3;3;3;2;Technology;Bachelors;Computer Science;Data Scientist
900;9FE1-0345;Eldridge;Artois;Eldridge Artois;Male;28;25-34;Some Travel;6;CA;White;Single;87175.00;0;No;2012-04-21;No;10;6;10;7;Technology;No Formal Qualifications;Information Systems;Data Scientist
901;A067-9F4F;Murray;Rooms;Murray Rooms;Male;34;25-34;Some Travel;26;NY;White;Married;215246.00;1;No;2020-01-15;No;2;0;0;0;Sales;Masters;Marketing;Sales Executive
902;A072-D80B;Corbett;Weippert;Corbett Weippert;Male;27;25-34;Some Travel;17;CA;White;Married;81294.00;1;No;2020-02-24;No;2;2;2;2;Sales;Doctorate;Marketing;Sales Executive
903;A08B-F4B1;Antone;Pinchback;Antone Pinchback;Male;33;25-34;Frequent Traveller;29;CA;Black or African American;Married;240197.00;1;No;2022-11-08;No;0;0;0;0;Technology;Bachelors;Computer Science;Machine Learning Engineer
904;A0EC-C4AE;Eleanora;Issacoff;Eleanora Issacoff;Female;24;Under 25;Some Travel;7;NY;White;Married;106586.00;1;No;2019-10-14;No;3;1;3;3;Sales;Bachelors;Marketing;Sales Executive
905;A105-470B;Sancho;Mundle;Sancho Mundle;Male;25;25-34;Frequent Traveller;28;CA;Mixed or multiple ethnic groups;Single;23993.00;0;Yes;2016-05-31;No;6;3;4;4;Technology;No Formal Qualifications;Information Systems;Software Engineer
906;A11D-324A;Yorgo;Ferrolli;Yorgo Ferrolli;Male;27;25-34;Some Travel;44;CA;Black or African American;Married;152147.00;1;No;2016-01-22;No;6;6;6;6;Sales;Masters;Marketing;Manager
907;A12D-DAF8;Aurelie;Littlejohn;Aurelie Littlejohn;Female;18;Under 25;Some Travel;43;CA;White;Single;41708.00;0;No;2022-02-06;No;0;0;0;0;Sales;Masters;Economics;Sales Executive
908;A161-29FC;Teriann;Clampett;Teriann Clampett;Non-Binary;22;Under 25;Some Travel;6;NY;White;Married;21649.00;1;No;2018-12-02;No;4;1;4;1;Technology;Bachelors;Business Studies;Software Engineer
909;A184-3B30;Ruperto;Ciccotto;Ruperto Ciccotto;Male;26;25-34;Some Travel;17;IL;American Indian or Alaska Native;Married;55778.00;1;No;2015-11-05;No;7;4;7;6;Technology;Bachelors;Information Systems;Software Engineer
910;A1AB-EE7C;Neala;Spandley;Neala Spandley;Female;32;25-34;Some Travel;38;CA;White;Single;105091.00;0;No;2020-05-17;No;2;0;0;1;Sales;Masters;Marketing;Sales Executive
911;A1B4-5481;Zacharie;Manuaud;Zacharie Manuaud;Male;25;25-34;Some Travel;37;CA;Asian or Asian American;Married;79329.00;0;No;2016-07-22;Yes;1;1;1;1;Sales;Bachelors;Economics;Sales Executive
912;A1DB-6C34;Catie;McCuish;Catie McCuish;Female;27;25-34;Some Travel;13;NY;Asian or Asian American;Married;77039.00;1;No;2015-06-18;No;7;3;6;0;Technology;Masters;Computer Science;Machine Learning Engineer
913;A2AE-FD61;Conrado;Brearley;Conrado Brearley;Male;32;25-34;Some Travel;30;CA;White;Married;89960.00;3;No;2021-05-18;No;1;0;1;1;Technology;No Formal Qualifications;Information Systems;Data Scientist
914;A2B5-823F;Adrian;Westhead;Adrian Westhead;Non-Binary;44;35-44;Some Travel;32;CA;White;Married;257978.00;1;Yes;2013-05-02;No;9;2;4;1;Technology;Bachelors;Computer Science;Machine Learning Engineer
915;A2D0-E2D2;Eryn;Crockley;Eryn Crockley;Female;26;25-34;Some Travel;25;CA;White;Married;22089.00;1;Yes;2014-12-15;Yes;1;0;0;0;Technology;Bachelors;Information Systems;Software Engineer
916;A2FB-2D5D;Lebbie;Poure;Lebbie Poure;Female;43;35-44;Some Travel;11;CA;White;Married;482510.00;1;No;2012-03-17;No;10;9;9;1;Technology;Doctorate;Information Systems;Analytics Manager
917;A31A-A90C;Aleksandr;Casetti;Aleksandr Casetti;Male;36;35-44;Some Travel;7;CA;Black or African American;Divorced;46773.00;1;Yes;2014-02-28;No;8;7;8;2;Technology;Bachelors;Information Systems;Data Scientist
918;A366-C17A;Jodie;Le Breton De La Vieuville;Jodie Le Breton De La Vieuville;Male;42;35-44;Some Travel;34;NY;White;Divorced;126463.00;1;No;2012-04-04;No;10;0;1;8;Technology;Masters;Business Studies;Machine Learning Engineer
919;A3AE-B510;Cameron;Spencook;Cameron Spencook;Male;31;25-34;Some Travel;28;CA;White;Single;353335.00;1;Yes;2022-07-07;No;0;0;0;0;Technology;Masters;Information Systems;Engineering Manager
920;A409-0113;Aurthur;Attoe;Aurthur Attoe;Male;27;25-34;Some Travel;4;CA;White;Single;219195.00;1;Yes;2022-04-20;No;0;0;0;0;Human Resources;Bachelors;Marketing;HR Business Partner
921;A409-26AC;Agretha;Shakelade;Agretha Shakelade;Non-Binary;25;25-34;Frequent Traveller;34;NY;Black or African American;Married;170803.00;0;No;2018-04-20;No;4;2;2;3;Technology;No Formal Qualifications;Computer Science;Engineering Manager
922;A42A-4000;Rusty;Rishbrook;Rusty Rishbrook;Male;23;Under 25;No Travel;10;NY;White;Single;94417.00;0;No;2019-12-03;No;3;3;3;2;Sales;High School;Marketing;Sales Executive
923;A4A4-F49C;Nichols;Baty;Nichols Baty;Male;34;25-34;Some Travel;40;IL;White;Married;97542.00;3;No;2012-05-06;No;10;10;10;7;Technology;Bachelors;Computer Science;Senior Software Engineer
924;A4E5-CE62;Tandy;Curley;Tandy Curley;Female;23;Under 25;Some Travel;1;CA;White;Divorced;62324.00;2;No;2019-08-14;No;3;1;3;3;Technology;No Formal Qualifications;Information Systems;Machine Learning Engineer
925;A4FE-424E;Domenic;Lorenc;Domenic Lorenc;Male;34;25-34;Frequent Traveller;38;CA;White;Married;311310.00;1;Yes;2022-09-21;No;0;0;0;0;Technology;Doctorate;Information Systems;Senior Software Engineer
926;A531-8159;Carlyn;Pavese;Carlyn Pavese;Female;37;35-44;No Travel;16;NY;Mixed or multiple ethnic groups;Divorced;82099.00;2;No;2012-02-23;No;10;1;7;6;Technology;Bachelors;Information Systems;Data Scientist
927;A53B-DF3C;Sadye;Wiggin;Sadye Wiggin;Female;22;Under 25;Some Travel;2;NY;White;Married;39732.00;1;Yes;2018-01-08;No;4;1;2;2;Technology;Masters;Computer Science;Data Scientist
928;A590-DF69;Cortney;Wann;Cortney Wann;Female;28;25-34;Some Travel;24;CA;Mixed or multiple ethnic groups;Married;71553.00;1;No;2015-12-30;No;7;6;6;0;Technology;Bachelors;Computer Science;Software Engineer
929;A5CD-8AB8;Hildagarde;Marks;Hildagarde Marks;Female;18;Under 25;Some Travel;32;CA;White;Single;24906.00;0;No;2022-01-25;No;0;0;0;0;Technology;Masters;Information Systems;Software Engineer
930;A663-B3DF;Wynny;Pechell;Wynny Pechell;Female;41;35-44;Frequent Traveller;4;CA;White;Divorced;175032.00;2;No;2021-12-22;No;1;0;0;0;Sales;Masters;Economics;Sales Executive
931;A687-74F8;Say;Slyme;Say Slyme;Male;19;Under 25;Some Travel;7;NY;White;Single;29266.00;1;No;2022-02-16;No;0;0;0;0;Technology;Masters;Business Studies;Software Engineer
932;A690-3D5D;Lynea;Ashurst;Lynea Ashurst;Female;35;35-44;Some Travel;7;NY;Mixed or multiple ethnic groups;Divorced;253952.00;1;Yes;2013-10-02;No;9;9;9;4;Technology;Bachelors;Information Systems;Senior Software Engineer
933;A696-1216;Cynthy;Gainsford;Cynthy Gainsford;Female;36;35-44;Some Travel;37;CA;Mixed or multiple ethnic groups;Divorced;192475.00;2;No;2014-07-20;No;8;2;2;0;Sales;Bachelors;Marketing;Sales Executive
934;A6AA-56AE;Corie;Rizzardo;Corie Rizzardo;Female;19;Under 25;Some Travel;18;IL;White;Single;28346.00;0;No;2021-06-07;No;1;1;1;1;Technology;Bachelors;Computer Science;Software Engineer
935;A71E-A9DC;Greta;Turneux;Greta Turneux;Female;31;25-34;Frequent Traveller;21;NY;Asian or Asian American;Single;253719.00;0;No;2013-02-12;No;9;2;4;3;Sales;Bachelors;Marketing;Sales Executive
936;A76C-AEB3;Oren;Milella;Oren Milella;Male;25;25-34;Some Travel;10;CA;White;Married;145905.00;2;Yes;2015-06-07;No;7;3;3;2;Technology;Bachelors;Business Studies;Machine Learning Engineer
937;A7BB-F5A7;Anna-diana;Horbart;Anna-diana Horbart;Female;37;35-44;Some Travel;17;CA;White;Single;476151.00;0;No;2014-12-08;No;8;3;4;8;Sales;Masters;Economics;Manager
938;A7F8-24EA;Antonio;Nayer;Antonio Nayer;Male;24;Under 25;Some Travel;35;CA;Black or African American;Married;128126.00;0;Yes;2017-04-04;No;5;0;0;5;Technology;Bachelors;Information Systems;Machine Learning Engineer
939;A807-DE5D;Bobbye;Alexandrescu;Bobbye Alexandrescu;Non-Binary;47;45-54;Some Travel;13;CA;White;Divorced;61915.00;1;No;2014-01-07;No;8;2;4;7;Technology;Bachelors;Computer Science;Data Scientist
940;A81C-AB62;Max;Aronstein;Max Aronstein;Male;21;Under 25;No Travel;19;NY;White;Divorced;36012.00;0;Yes;2021-09-05;No;1;1;1;1;Technology;High School;Computer Science;Senior Software Engineer
941;A848-F98B;Scot;Yakebovich;Scot Yakebovich;Male;25;25-34;Some Travel;37;CA;Black or African American;Married;38038.00;0;No;2018-01-26;Yes;2;1;1;1;Technology;High School;Computer Science;Data Scientist
942;A859-9A84;Guthrie;Blunt;Guthrie Blunt;Male;23;Under 25;Some Travel;26;NY;White;Divorced;31426.00;1;No;2019-09-12;No;3;1;2;0;Technology;High School;Computer Science;Data Scientist
943;A862-3880;Ludvig;Gadman;Ludvig Gadman;Male;22;Under 25;Some Travel;10;CA;Black or African American;Married;66552.00;1;Yes;2018-12-30;No;4;1;2;0;Technology;Bachelors;Computer Science;Senior Software Engineer
944;A885-BF42;Donavon;Hallet;Donavon Hallet;Male;24;Under 25;Some Travel;19;CA;White;Single;32173.00;0;No;2018-12-24;No;4;1;4;1;Technology;High School;Computer Science;Data Scientist
945;A896-CDE2;Wrennie;Quinton;Wrennie Quinton;Female;25;25-34;Some Travel;16;CA;White;Married;28317.00;0;Yes;2015-05-13;No;7;4;6;5;Technology;Doctorate;Information Systems;Software Engineer
946;A89C-9A1E;Seline;Hanlin;Seline Hanlin;Female;21;Under 25;Some Travel;30;CA;White;Divorced;56422.00;1;No;2020-12-12;No;2;2;2;1;Technology;Bachelors;Business Studies;Data Scientist
947;A91B-7DC5;Stephanie;Harradence;Stephanie Harradence;Female;42;35-44;Some Travel;43;CA;Black or African American;Divorced;110069.00;1;No;2013-12-26;No;9;3;8;4;Technology;Masters;Computer Science;Machine Learning Engineer
948;A923-9EF6;Alaine;Hinrichsen;Alaine Hinrichsen;Female;41;35-44;Frequent Traveller;7;CA;Black or African American;Single;107008.00;0;No;2012-02-05;No;10;9;10;9;Technology;No Formal Qualifications;Business Studies;Machine Learning Engineer
949;A954-6310;Rosaline;Griffe;Rosaline Griffe;Female;29;25-34;Some Travel;45;CA;White;Married;207952.00;1;Yes;2013-08-17;No;9;9;9;7;Technology;Bachelors;Computer Science;Machine Learning Engineer
950;A9EB-9E41;Jacki;Mitro;Jacki Mitro;Female;30;25-34;Some Travel;30;NY;Asian or Asian American;Married;228438.00;1;No;2012-04-30;No;10;6;9;10;Technology;No Formal Qualifications;Computer Science;Machine Learning Engineer
951;AA19-95BD;Avrom;Low;Avrom Low;Male;33;25-34;Some Travel;43;NY;White;Single;165988.00;0;Yes;2021-05-08;Yes;1;0;0;0;Sales;Masters;Marketing;Sales Executive
952;AA3A-EC19;Townsend;Dunrige;Townsend Dunrige;Male;38;35-44;Some Travel;45;CA;White;Divorced;439935.00;1;Yes;2021-06-22;No;1;1;1;1;Technology;High School;Information Systems;Engineering Manager
953;AA67-CB22;Obadias;Izhaky;Obadias Izhaky;Male;26;25-34;Some Travel;4;IL;White;Single;167509.00;0;No;2015-05-19;No;7;6;6;0;Technology;Masters;Computer Science;Senior Software Engineer
954;AA6C-B0D6;Benedick;Lovekin;Benedick Lovekin;Male;25;25-34;Some Travel;15;NY;White;Married;118961.00;1;No;2022-04-07;No;0;0;0;0;Sales;No Formal Qualifications;Marketing;Sales Executive
955;AA87-13D8;Rita;Chrismas;Rita Chrismas;Female;32;25-34;Frequent Traveller;15;CA;White;Married;44388.00;1;No;2013-10-10;No;9;8;9;8;Technology;High School;Information Systems;Data Scientist
956;AACC-8B93;Kaleena;Ellsbury;Kaleena Ellsbury;Female;36;35-44;Frequent Traveller;2;CA;White;Divorced;462687.00;1;No;2020-04-27;No;2;2;2;0;Technology;Bachelors;Information Systems;Analytics Manager
957;AAD3-BCC1;Nikita;Pettis;Nikita Pettis;Prefer Not To Say;18;Under 25;Some Travel;9;IL;White;Single;74515.00;0;No;2022-06-19;No;0;0;0;0;Sales;Bachelors;Economics;Sales Executive
958;AAD7-8DDC;Simeon;Cosslett;Simeon Cosslett;Male;50;45-54;No Travel;11;NY;White;Divorced;337946.00;2;No;2020-08-15;No;2;1;2;1;Technology;No Formal Qualifications;Computer Science;Engineering Manager
959;AB03-8820;Daryle;Boarder;Daryle Boarder;Male;43;35-44;Some Travel;3;IL;Mixed or multiple ethnic groups;Married;313198.00;1;No;2013-03-28;No;9;5;9;2;Sales;No Formal Qualifications;Economics;Manager
960;AB3B-98D9;Franky;Dorie;Franky Dorie;Male;22;Under 25;Some Travel;32;CA;White;Married;34823.00;2;No;2019-10-21;No;3;3;3;3;Technology;Masters;Other;Software Engineer
961;AB4A-E71A;Theodor;Smaleman;Theodor Smaleman;Male;43;35-44;Some Travel;3;IL;White;Married;429939.00;1;Yes;2013-09-05;No;9;3;3;7;Sales;Bachelors;Marketing;Manager
962;AB5F-244C;Horst;Mynett;Horst Mynett;Male;36;35-44;Some Travel;7;CA;Black or African American;Divorced;73643.00;1;No;2012-04-14;No;10;0;7;9;Technology;Masters;Computer Science;Data Scientist
963;AB61-2A7E;Mala;Van Castele;Mala Van Castele;Female;22;Under 25;Some Travel;29;IL;White;Married;20802.00;0;No;2020-01-01;No;2;2;2;1;Sales;No Formal Qualifications;Economics;Sales Representative
964;AB81-A3A0;Jerrome;Furney;Jerrome Furney;Male;29;25-34;Some Travel;14;CA;White;Married;96319.00;2;No;2013-06-14;No;9;1;4;5;Sales;Masters;Marketing;Sales Executive
965;ABB0-9B03;Josi;Ogilvy;Josi Ogilvy;Female;21;Under 25;Some Travel;44;NY;Black or African American;Married;46366.00;1;No;2019-05-16;No;3;0;3;0;Technology;Masters;Computer Science;Software Engineer
966;ABB5-0B95;Thomasine;Odell;Thomasine Odell;Non-Binary;28;25-34;No Travel;26;CA;Mixed or multiple ethnic groups;Married;112175.00;3;No;2015-09-30;No;7;1;3;4;Technology;Doctorate;Computer Science;Data Scientist
967;ABC2-0036;Gerta;Littlewood;Gerta Littlewood;Female;24;Under 25;Some Travel;17;NY;Mixed or multiple ethnic groups;Married;101408.00;3;No;2018-05-31;No;4;0;2;1;Technology;Bachelors;Information Systems;Data Scientist
968;ABDA-F749;Emmit;Le Provost;Emmit Le Provost;Male;27;25-34;Some Travel;42;NY;American Indian or Alaska Native;Married;49343.00;1;No;2016-06-16;No;6;3;3;0;Technology;Bachelors;Other;Machine Learning Engineer
969;AC19-7EE7;Aube;Bassill;Aube Bassill;Male;25;25-34;Some Travel;38;NY;Mixed or multiple ethnic groups;Divorced;86485.00;1;Yes;2015-09-07;No;7;6;6;0;Sales;Bachelors;Marketing;Sales Executive
970;ACA5-348E;Theodoric;Mateo;Theodoric Mateo;Male;22;Under 25;Some Travel;8;CA;Black or African American;Single;26158.00;0;No;2019-06-18;No;3;0;3;1;Technology;Bachelors;Computer Science;Software Engineer
971;ACA9-5DC2;Mireielle;Chstney;Mireielle Chstney;Female;46;45-54;Frequent Traveller;14;NY;White;Married;205159.00;1;No;2012-03-07;No;10;1;9;6;Sales;No Formal Qualifications;Economics;Sales Executive
972;ACB2-6640;Julee;Corfield;Julee Corfield;Female;24;Under 25;Some Travel;16;CA;White;Divorced;75250.00;1;No;2018-06-29;No;4;0;0;0;Sales;Masters;Marketing;Sales Executive
973;ACD5-5FA2;Judye;Offield;Judye Offield;Female;28;25-34;Some Travel;17;CA;White;Divorced;70787.00;2;Yes;2015-11-26;No;7;2;5;5;Sales;Bachelors;Technical Degree;Sales Representative
974;ACF7-5B99;Janeczka;Osmond;Janeczka Osmond;Female;26;25-34;Some Travel;17;CA;Asian or Asian American;Single;97811.00;0;Yes;2015-05-16;No;7;3;6;4;Sales;Masters;Marketing;Sales Executive
975;AD0D-E79F;Cleve;Braben;Cleve Braben;Male;22;Under 25;Some Travel;16;CA;White;Married;53220.00;2;Yes;2021-11-28;Yes;0;0;0;0;Sales;High School;Marketing;Sales Executive
976;AD1C-2AC5;Phylys;Twede;Phylys Twede;Female;22;Under 25;No Travel;6;CA;White;Divorced;38169.00;3;No;2018-09-11;No;4;4;4;4;Technology;High School;Information Systems;Data Scientist
977;AD81-458F;Robbert;Molson;Robbert Molson;Male;43;35-44;Some Travel;17;NY;White;Married;254834.00;0;No;2021-10-05;No;1;1;1;1;Technology;Bachelors;Business Studies;Machine Learning Engineer
978;AD8F-7539;Leta;Possel;Leta Possel;Female;28;25-34;Some Travel;44;CA;White;Married;304858.00;1;Yes;2015-11-01;No;7;5;7;2;Sales;Bachelors;Economics;Sales Executive
979;ADA1-966E;Christian;Tinson;Christian Tinson;Female;40;35-44;Some Travel;29;CA;White;Married;304343.00;1;Yes;2018-10-27;No;4;2;4;0;Technology;Bachelors;Computer Science;Engineering Manager
980;ADB8-7B07;Oona;Offer;Oona Offer;Female;47;45-54;Some Travel;23;NY;White;Married;221827.00;1;No;2021-06-05;No;1;0;0;1;Technology;No Formal Qualifications;Computer Science;Senior Software Engineer
981;ADF8-AD57;Trip;Bennell;Trip Bennell;Male;27;25-34;Some Travel;28;CA;White;Single;20387.00;0;No;2016-08-16;Yes;0;0;0;0;Technology;Bachelors;Computer Science;Data Scientist
982;AE33-DDE7;Pablo;Kerin;Pablo Kerin;Male;25;25-34;Some Travel;26;CA;White;Single;85412.00;0;No;2016-02-23;No;6;0;5;6;Technology;Bachelors;Information Systems;Senior Software Engineer
983;AE51-5502;Randy;Luxford;Randy Luxford;Male;23;Under 25;Some Travel;19;NY;American Indian or Alaska Native;Married;25986.00;1;No;2017-02-08;No;5;4;4;3;Technology;Masters;Business Studies;Data Scientist
984;AE73-B863;Jeffry;Wastling;Jeffry Wastling;Male;32;25-34;Some Travel;15;NY;Mixed or multiple ethnic groups;Married;208435.00;1;No;2019-04-18;No;3;1;2;1;Sales;Masters;Technical Degree;Sales Executive
985;AE9F-5268;Ev;Bravington;Ev Bravington;Male;22;Under 25;Some Travel;6;IL;White;Divorced;43072.00;1;Yes;2020-07-09;No;2;1;2;1;Technology;Bachelors;Computer Science;Software Engineer
986;AEDB-BB62;Munmro;Ledamun;Munmro Ledamun;Male;39;35-44;Some Travel;34;CA;Mixed or multiple ethnic groups;Divorced;264285.00;1;No;2012-03-23;No;10;10;10;1;Technology;No Formal Qualifications;Computer Science;Machine Learning Engineer
987;AEEC-804D;Vannie;Kissell;Vannie Kissell;Female;23;Under 25;No Travel;24;NY;Mixed or multiple ethnic groups;Divorced;69325.00;1;No;2018-07-04;No;4;3;4;4;Technology;Masters;Computer Science;Senior Software Engineer
988;AF04-23EA;Obadiah;Van Schafflaer;Obadiah Van Schafflaer;Male;32;25-34;Some Travel;39;NY;White;Married;253019.00;0;No;2021-09-28;No;1;0;0;0;Technology;Bachelors;Business Studies;Analytics Manager
989;AF11-04C3;Joni;Byre;Joni Byre;Female;27;25-34;Some Travel;19;CA;American Indian or Alaska Native;Married;149813.00;0;No;2016-08-30;No;6;0;1;1;Sales;Masters;Marketing;Manager
990;AF58-5D1B;Jeri;MacDiarmid;Jeri MacDiarmid;Female;36;35-44;Some Travel;35;NY;White;Married;60585.00;2;No;2013-02-05;No;9;0;7;9;Technology;High School;Computer Science;Software Engineer
991;AF5D-A8C8;Jedidiah;Orrick;Jedidiah Orrick;Male;24;Under 25;Some Travel;27;CA;White;Married;86102.00;0;Yes;2021-05-04;Yes;0;0;0;0;Sales;Masters;Marketing;Sales Executive
992;AF77-0F6B;Germana;Ludlom;Germana Ludlom;Female;36;35-44;Some Travel;21;CA;Mixed or multiple ethnic groups;Divorced;57327.00;2;No;2014-04-24;No;8;5;8;4;Technology;Masters;Computer Science;Software Engineer
993;AFA8-5058;Dame;Andrzejewski;Dame Andrzejewski;Male;20;Under 25;Some Travel;8;CA;White;Divorced;26186.00;0;Yes;2020-03-06;Yes;2;0;0;0;Human Resources;Masters;Human Resources;Recruiter
994;AFC3-E23F;Julissa;Fosbraey;Julissa Fosbraey;Female;35;35-44;Some Travel;4;CA;White;Single;423941.00;0;No;2021-05-14;No;1;1;1;1;Technology;High School;Computer Science;Data Scientist
995;AFDF-3DA8;Mikkel;Fosdyke;Mikkel Fosdyke;Male;41;35-44;Some Travel;35;NY;White;Married;314961.00;1;No;2021-05-23;Yes;0;0;0;0;Sales;No Formal Qualifications;Marketing;Manager
996;AFE1-76D3;Keelby;Pariss;Keelby Pariss;Male;21;Under 25;Some Travel;30;CA;White;Married;31624.00;0;No;2019-09-08;No;3;3;3;2;Technology;No Formal Qualifications;Computer Science;Software Engineer
997;B005-602F;Layney;Ratie;Layney Ratie;Female;19;Under 25;Some Travel;11;CA;Black or African American;Single;27760.00;3;Yes;2022-11-06;Yes;0;0;0;0;Technology;Masters;Computer Science;Software Engineer
998;B013-7D0C;Carline;Mort;Carline Mort;Female;28;25-34;Some Travel;24;CA;Mixed or multiple ethnic groups;Married;46313.00;1;Yes;2013-08-30;Yes;1;1;1;0;Technology;Bachelors;Information Systems;Data Scientist
999;B063-A2B5;Forester;Bentjens;Forester Bentjens;Male;41;35-44;Some Travel;11;IL;Mixed or multiple ethnic groups;Married;81654.00;0;No;2014-11-28;No;8;3;4;7;Sales;No Formal Qualifications;Marketing;Sales Executive
1000;B09D-DFEC;Eustace;Skune;Eustace Skune;Male;47;45-54;Some Travel;37;CA;White;Married;62999.00;1;No;2013-04-06;No;9;2;3;7;Technology;No Formal Qualifications;Information Systems;Data Scientist
1001;B0B9-19C6;Lorna;Kuzma;Lorna Kuzma;Female;22;Under 25;Some Travel;25;CA;White;Married;48716.00;1;No;2021-05-22;No;1;1;1;1;Sales;Bachelors;Other;Sales Executive
1002;B0C2-0E3D;Cindy;Mordanti;Cindy Mordanti;Female;22;Under 25;Some Travel;22;CA;White;Married;48698.00;0;Yes;2021-02-18;No;1;0;1;1;Sales;No Formal Qualifications;Other;Sales Executive
1003;B0C3-E578;Shela;Toseland;Shela Toseland;Female;32;25-34;Frequent Traveller;14;CA;Black or African American;Divorced;97595.00;2;No;2014-04-20;No;8;0;0;1;Technology;No Formal Qualifications;Computer Science;Machine Learning Engineer
1004;B0C8-E3DF;Eleanor;Escalero;Eleanor Escalero;Female;19;Under 25;Frequent Traveller;24;IL;White;Married;25838.00;1;No;2021-05-06;No;1;0;0;0;Human Resources;Bachelors;Economics;Recruiter
1005;B102-5713;Adlai;Pettit;Adlai Pettit;Non-Binary;27;25-34;Some Travel;31;CA;Mixed or multiple ethnic groups;Single;205622.00;0;No;2015-08-19;No;7;5;5;3;Sales;Doctorate;Marketing;Manager
1006;B122-D3D2;Gigi;Wrack;Gigi Wrack;Female;26;25-34;Some Travel;21;CA;White;Married;89366.00;1;No;2017-01-30;No;5;5;5;0;Technology;High School;Other;Data Scientist
1007;B140-AF36;Marjy;Matveyev;Marjy Matveyev;Female;18;Under 25;Some Travel;22;CA;White;Single;31024.00;1;No;2022-09-04;No;0;0;0;0;Human Resources;Bachelors;Marketing;Recruiter
1008;B148-55FB;Marius;Champkin;Marius Champkin;Male;38;35-44;Frequent Traveller;23;CA;American Indian or Alaska Native;Single;231699.00;0;No;2018-11-06;Yes;1;0;0;0;Technology;Masters;Computer Science;Machine Learning Engineer
1009;B1BC-0011;Rea;Legister;Rea Legister;Female;23;Under 25;Some Travel;37;NY;White;Divorced;36098.00;3;No;2018-01-01;No;4;3;3;1;Technology;High School;Business Studies;Data Scientist
1010;B1EC-849B;Paule;Mapplebeck;Paule Mapplebeck;Female;28;25-34;Some Travel;1;CA;White;Married;87039.00;1;No;2012-05-13;No;10;3;5;4;Sales;Masters;Marketing;Sales Executive
1011;B24C-18BF;Timothy;Plewright;Timothy Plewright;Male;26;25-34;No Travel;5;CA;White;Married;93170.00;1;No;2016-01-10;No;6;3;6;1;Sales;High School;Marketing;Sales Executive
1012;B268-1642;Katerine;Maffione;Katerine Maffione;Female;26;25-34;No Travel;8;IL;White;Married;61686.00;1;Yes;2017-03-14;No;5;0;0;1;Sales;High School;Technical Degree;Sales Executive
1013;B2D6-A355;Dennis;Whopples;Dennis Whopples;Male;38;35-44;Some Travel;4;NY;Mixed or multiple ethnic groups;Married;361616.00;1;Yes;2014-06-25;No;8;1;6;5;Technology;Masters;Other;Analytics Manager
1014;B303-8962;Lynne;Boomes;Lynne Boomes;Female;39;35-44;Some Travel;15;CA;Mixed or multiple ethnic groups;Married;136970.00;1;No;2013-07-28;No;9;4;8;2;Sales;Bachelors;Marketing;Sales Executive
1015;B312-7192;Carolynn;Gilby;Carolynn Gilby;Female;39;35-44;No Travel;12;NY;White;Single;89351.00;0;No;2014-11-11;No;8;2;2;0;Sales;High School;Marketing;Sales Executive
1016;B324-A703;Cherri;Lugg;Cherri Lugg;Female;19;Under 25;Some Travel;14;CA;White;Single;36554.00;0;No;2022-01-31;No;0;0;0;0;Technology;Bachelors;Computer Science;Software Engineer
1017;B340-5AD2;Denys;Agastina;Denys Agastina;Non-Binary;37;35-44;Some Travel;30;NY;Native Hawaiian;Married;61117.00;1;Yes;2014-06-10;No;8;2;5;0;Sales;Bachelors;Marketing;Sales Executive
1018;B341-8D6A;Clotilda;Lacrouts;Clotilda Lacrouts;Female;40;35-44;No Travel;26;CA;Asian or Asian American;Divorced;48125.00;3;No;2014-03-14;No;8;5;8;2;Technology;No Formal Qualifications;Business Studies;Software Engineer
1019;B347-DA2D;Linus;Darragh;Linus Darragh;Male;31;25-34;Some Travel;6;CA;White;Married;376853.00;1;No;2021-05-10;No;1;1;1;0;Technology;No Formal Qualifications;Information Systems;Analytics Manager
1020;B34E-95FF;Samuele;Creek;Samuele Creek;Male;25;25-34;Some Travel;33;NY;White;Divorced;87347.00;3;Yes;2019-11-09;Yes;2;1;1;0;Sales;Doctorate;Marketing;Sales Executive
1021;B375-26A9;Teressa;Attewell;Teressa Attewell;Female;24;Under 25;No Travel;5;NY;Asian or Asian American;Divorced;41745.00;3;No;2018-09-03;No;4;2;4;0;Human Resources;Bachelors;Human Resources;HR Executive
1022;B3A4-91F0;Dud;Durdan;Dud Durdan;Male;23;Under 25;Frequent Traveller;12;NY;White;Divorced;68820.00;1;No;2020-08-05;No;2;2;2;1;Technology;Bachelors;Computer Science;Senior Software Engineer
1023;B3AF-7E58;Elvira;Ianelli;Elvira Ianelli;Female;45;45-54;Some Travel;34;NY;Black or African American;Divorced;54132.00;1;Yes;2012-01-20;No;10;10;10;10;Human Resources;High School;Human Resources;Recruiter
1024;B3FE-D332;Josephine;Stickley;Josephine Stickley;Female;30;25-34;Some Travel;42;CA;White;Married;93181.00;0;No;2013-03-15;No;9;8;9;4;Technology;Doctorate;Computer Science;Software Engineer
1025;B407-ABCA;Obie;Huke;Obie Huke;Male;26;25-34;Some Travel;2;CA;Asian or Asian American;Single;60087.00;0;Yes;2016-11-08;Yes;4;0;0;3;Sales;Masters;Economics;Sales Executive
1026;B437-FCF8;Nettie;Liley;Nettie Liley;Female;26;25-34;Some Travel;23;CA;American Indian or Alaska Native;Married;221954.00;1;No;2017-03-08;No;5;0;3;1;Technology;High School;Information Systems;Analytics Manager
1027;B44E-8AEE;Carlynn;Bartolic;Carlynn Bartolic;Female;28;25-34;Some Travel;7;CA;White;Married;181164.00;1;No;2015-11-01;No;7;5;6;1;Sales;Doctorate;Marketing;Sales Executive
1028;B48C-47D0;Norman;Longmuir;Norman Longmuir;Male;28;25-34;Frequent Traveller;28;NY;Mixed or multiple ethnic groups;Single;43939.00;0;No;2013-07-29;Yes;6;1;4;3;Sales;Bachelors;Marketing;Sales Representative
1029;B492-D447;Aurthur;Rittelmeyer;Aurthur Rittelmeyer;Male;28;25-34;Some Travel;3;CA;Asian or Asian American;Married;128719.00;1;No;2015-07-21;No;7;1;3;6;Sales;High School;Marketing;Sales Executive
1030;B49A-7D79;Freedman;Kensington;Freedman Kensington;Non-Binary;27;25-34;Some Travel;20;CA;White;Single;22986.00;0;Yes;2015-06-02;No;7;6;7;0;Technology;No Formal Qualifications;Business Studies;Software Engineer
1031;B4E1-4A3E;Beckie;Tawn;Beckie Tawn;Female;28;25-34;Some Travel;12;CA;White;Married;115895.00;1;No;2014-03-31;Yes;4;1;3;2;Technology;High School;Computer Science;Data Scientist
1032;B50B-5A18;Paulina;Senecaut;Paulina Senecaut;Female;40;35-44;Frequent Traveller;27;NY;Black or African American;Divorced;42333.00;1;No;2012-02-19;No;10;4;5;5;Technology;Masters;Computer Science;Software Engineer
1033;B529-2745;Randall;Worswick;Randall Worswick;Male;22;Under 25;No Travel;41;CA;White;Single;27961.00;0;No;2019-09-15;No;3;0;1;0;Sales;No Formal Qualifications;Marketing;Sales Representative
1034;B52E-BF41;Salomi;Finlry;Salomi Finlry;Female;30;25-34;Some Travel;26;NY;Black or African American;Married;36280.00;2;No;2013-12-04;No;9;9;9;9;Technology;Masters;Computer Science;Data Scientist
1035;B56D-46CE;Caria;Ingerman;Caria Ingerman;Female;36;35-44;Some Travel;20;IL;Mixed or multiple ethnic groups;Divorced;220472.00;1;No;2019-04-03;No;3;1;1;0;Sales;Masters;Economics;Sales Executive
1036;B57F-B5CE;Adriano;Blackshaw;Adriano Blackshaw;Male;26;25-34;Some Travel;23;CA;White;Married;78934.00;3;No;2017-10-24;No;5;2;2;4;Technology;Doctorate;Information Systems;Machine Learning Engineer
1037;B59D-CA4C;Ichabod;Mabbot;Ichabod Mabbot;Male;28;25-34;Some Travel;45;CA;Asian or Asian American;Married;110057.00;2;No;2015-08-14;No;7;5;5;4;Sales;High School;Marketing;Sales Executive
1038;B5C6-A760;Brigitta;Larkins;Brigitta Larkins;Female;21;Under 25;Frequent Traveller;7;CA;White;Single;76518.00;0;No;2019-08-31;No;3;1;2;1;Technology;Bachelors;Computer Science;Machine Learning Engineer
1039;B5C6-F8D5;Rafaelita;Lere;Rafaelita Lere;Prefer Not To Say;40;35-44;Some Travel;29;NY;White;Married;295688.00;0;No;2014-08-05;No;8;1;5;8;Technology;High School;Business Studies;Analytics Manager
1040;B61E-0F26;Care;Heintze;Care Heintze;Male;28;25-34;Frequent Traveller;3;NY;White;Married;58993.00;1;Yes;2014-11-07;Yes;7;2;7;1;Technology;Bachelors;Business Studies;Software Engineer
1041;B670-21B2;Ellery;Hartopp;Ellery Hartopp;Male;24;Under 25;Frequent Traveller;3;CA;White;Single;70546.00;0;Yes;2019-01-01;No;3;2;2;0;Sales;Masters;Marketing;Sales Executive
1042;B679-F7C9;Hillard;Ell;Hillard Ell;Male;29;25-34;Some Travel;36;NY;Black or African American;Single;113448.00;0;Yes;2015-12-31;No;7;0;4;1;Technology;Doctorate;Business Studies;Software Engineer
1043;B684-6C98;Kane;Skillicorn;Kane Skillicorn;Male;31;25-34;Some Travel;19;CA;White;Married;96806.00;1;Yes;2022-09-04;No;0;0;0;0;Sales;High School;Marketing;Sales Executive
1044;B6B9-E5BE;Land;Brigge;Land Brigge;Male;21;Under 25;No Travel;20;CA;White;Single;21454.00;0;No;2022-02-27;No;0;0;0;0;Technology;Bachelors;Information Systems;Data Scientist
1045;B6EC-313E;Corbin;Gooddy;Corbin Gooddy;Male;26;25-34;Frequent Traveller;17;CA;Mixed or multiple ethnic groups;Divorced;30502.00;1;No;2014-08-09;Yes;0;0;0;0;Human Resources;Bachelors;Human Resources;Recruiter
1046;B70F-B17D;Ragnar;Grandisson;Ragnar Grandisson;Male;37;35-44;Some Travel;11;CA;White;Single;211375.00;1;No;2021-11-09;No;1;1;1;0;Technology;Masters;Information Systems;Senior Software Engineer
1047;B727-FCF9;Evy;Bichener;Evy Bichener;Female;27;25-34;Some Travel;36;CA;White;Married;227477.00;0;No;2022-06-07;No;0;0;0;0;Technology;Bachelors;Information Systems;Engineering Manager
1048;B76C-D9CE;Mada;Moss;Mada Moss;Female;22;Under 25;Some Travel;7;NY;White;Married;29322.00;0;Yes;2021-01-31;Yes;1;0;0;0;Human Resources;High School;Economics;Recruiter
1049;B77D-2FBD;Diannne;Real;Diannne Real;Female;24;Under 25;Some Travel;11;CA;White;Single;58923.00;0;No;2022-04-19;No;0;0;0;0;Sales;Bachelors;Technical Degree;Sales Executive
1050;B785-D8F8;Ruprecht;Blatchford;Ruprecht Blatchford;Male;32;25-34;Some Travel;36;CA;Black or African American;Single;78672.00;0;No;2012-04-29;No;10;6;9;5;Technology;High School;Computer Science;Software Engineer
1051;B8A5-07A1;Ainsley;Norheny;Ainsley Norheny;Female;24;Under 25;Some Travel;27;IL;White;Married;33554.00;0;No;2016-05-21;No;6;1;2;6;Technology;Masters;Other;Data Scientist
1052;B8C3-5E0A;Joyous;Muggleston;Joyous Muggleston;Female;26;25-34;Some Travel;18;CA;White;Divorced;26414.00;2;No;2017-05-14;No;5;5;5;0;Technology;Bachelors;Computer Science;Data Scientist
1053;B90D-4BEF;Nancey;Noades;Nancey Noades;Female;29;25-34;Some Travel;32;IL;Native Hawaiian;Married;388605.00;1;Yes;2017-01-01;No;5;2;5;0;Technology;Bachelors;Information Systems;Engineering Manager
1054;B967-D6D3;Kimmy;O'Logan;Kimmy O'Logan;Female;26;25-34;No Travel;21;CA;White;Married;26919.00;1;No;2016-05-04;No;6;0;5;3;Technology;Bachelors;Computer Science;Data Scientist
1055;B975-943A;Winthrop;McCahill;Winthrop McCahill;Male;40;35-44;No Travel;28;CA;White;Divorced;46285.00;3;No;2014-10-23;No;8;8;8;3;Technology;Bachelors;Information Systems;Software Engineer
1056;B97B-73D7;Chelsie;Isakovitch;Chelsie Isakovitch;Female;29;25-34;Frequent Traveller;18;CA;American Indian or Alaska Native;Single;177402.00;0;No;2014-07-10;Yes;6;3;5;3;Sales;Bachelors;Marketing;Sales Executive
1057;B98B-4689;Mordecai;Tetlow;Mordecai Tetlow;Non-Binary;22;Under 25;Frequent Traveller;28;NY;Mixed or multiple ethnic groups;Married;39845.00;2;No;2019-01-13;Yes;1;0;0;0;Sales;Masters;Marketing;Sales Executive
1058;B990-35DA;Appolonia;Francis;Appolonia Francis;Female;47;45-54;Some Travel;7;CA;White;Married;116165.00;1;No;2013-10-27;No;9;0;7;8;Technology;Bachelors;Information Systems;Data Scientist
1059;B995-E5CE;Anitra;Korfmann;Anitra Korfmann;Non-Binary;27;25-34;Some Travel;2;CA;Mixed or multiple ethnic groups;Married;39198.00;1;No;2015-10-10;No;7;6;7;4;Technology;Masters;Computer Science;Data Scientist
1060;BAA6-30C4;Tawnya;Saywood;Tawnya Saywood;Female;32;25-34;Some Travel;43;CA;White;Single;202322.00;1;No;2021-08-30;No;1;0;1;0;Sales;Bachelors;Marketing;Manager
1061;BAB4-3AC8;Trudey;Doulton;Trudey Doulton;Female;25;25-34;No Travel;24;IL;Black or African American;Married;44146.00;3;No;2016-01-08;No;6;1;1;3;Technology;Masters;Computer Science;Software Engineer
1062;BAE6-B5DE;Pammi;Biernat;Pammi Biernat;Female;22;Under 25;Some Travel;21;NY;White;Single;33354.00;0;No;2020-11-08;No;2;1;2;2;Technology;Bachelors;Other;Data Scientist
1063;BAF9-933D;Pauly;Gero;Pauly Gero;Male;41;35-44;Some Travel;36;CA;White;Married;131047.00;0;No;2014-12-23;No;8;4;4;7;Human Resources;Bachelors;Human Resources;HR Executive
1064;BAFA-86DF;Rolfe;Ketchaside;Rolfe Ketchaside;Male;26;25-34;No Travel;15;IL;Mixed or multiple ethnic groups;Married;35373.00;1;Yes;2017-08-02;Yes;4;3;3;0;Technology;Masters;Business Studies;Software Engineer
1065;BB09-BF7F;Susanne;Kelso;Susanne Kelso;Female;27;25-34;Some Travel;45;CA;Mixed or multiple ethnic groups;Single;57102.00;0;No;2015-11-29;No;7;6;6;4;Sales;High School;Economics;Sales Executive
1066;BBB4-89C7;Ilene;Moffat;Ilene Moffat;Non-Binary;25;25-34;Some Travel;19;IL;Mixed or multiple ethnic groups;Divorced;90418.00;2;Yes;2018-02-14;No;4;4;4;4;Technology;Bachelors;Computer Science;Senior Software Engineer
1067;BBD0-FB7D;Edin;Savill;Edin Savill;Female;23;Under 25;Some Travel;19;NY;Mixed or multiple ethnic groups;Divorced;87629.00;2;No;2018-01-19;No;4;4;4;1;Sales;Masters;Economics;Sales Executive
1068;BBE1-D4A5;Fransisco;Minerdo;Fransisco Minerdo;Male;24;Under 25;Some Travel;12;NY;White;Single;33202.00;0;No;2017-12-30;No;5;5;5;4;Technology;Bachelors;Computer Science;Software Engineer
1069;BBEF-AC35;Ros;Dines;Ros Dines;Female;21;Under 25;Some Travel;10;NY;White;Divorced;60769.00;1;No;2021-09-27;No;1;1;1;1;Sales;Bachelors;Economics;Sales Executive
1070;BC20-368E;Flem;Simenon;Flem Simenon;Male;39;35-44;Some Travel;37;NY;White;Married;265712.00;1;Yes;2021-07-06;No;1;0;0;1;Sales;Bachelors;Marketing;Manager
1071;BC21-2167;Aldin;Barens;Aldin Barens;Non-Binary;28;25-34;Frequent Traveller;40;CA;White;Single;187698.00;0;No;2021-06-17;No;1;0;1;1;Technology;No Formal Qualifications;Computer Science;Senior Software Engineer
1072;BC43-E62B;Bria;Hendrickx;Bria Hendrickx;Female;23;Under 25;Some Travel;34;IL;White;Married;29956.00;0;No;2020-03-25;No;2;1;1;2;Technology;High School;Computer Science;Software Engineer
1073;BC5E-3B7B;Farra;Boffey;Farra Boffey;Non-Binary;24;Under 25;Some Travel;33;CA;White;Divorced;24174.00;1;No;2019-12-27;No;3;2;2;1;Sales;No Formal Qualifications;Technical Degree;Sales Representative
1074;BD1B-53A3;Wendall;Dryden;Wendall Dryden;Male;43;35-44;Some Travel;27;CA;Mixed or multiple ethnic groups;Single;128885.00;0;Yes;2012-01-17;No;10;1;10;2;Sales;Bachelors;Marketing;Sales Executive
1075;BD33-DB2F;Hashim;Stolze;Hashim Stolze;Male;24;Under 25;Some Travel;17;NY;White;Divorced;63747.00;1;No;2020-01-09;No;2;1;1;0;Technology;Doctorate;Computer Science;Machine Learning Engineer
1076;BD70-7DAE;Kalil;Gauntley;Kalil Gauntley;Male;22;Under 25;Frequent Traveller;2;NY;White;Single;37014.00;0;Yes;2020-10-23;Yes;1;0;1;0;Technology;Bachelors;Business Studies;Software Engineer
1077;BD94-98E0;Darrin;Roo;Darrin Roo;Male;21;Under 25;Frequent Traveller;37;CA;American Indian or Alaska Native;Married;32679.00;1;No;2019-05-14;No;3;3;3;2;Technology;Masters;Other;Software Engineer
1078;BD97-F94D;Cletus;Heintsch;Cletus Heintsch;Male;26;25-34;Some Travel;8;IL;Black or African American;Married;50614.00;1;No;2015-12-25;No;7;7;7;2;Technology;High School;Information Systems;Software Engineer
1079;BDC5-51CF;Wanids;Mace;Wanids Mace;Female;25;25-34;Frequent Traveller;3;IL;Mixed or multiple ethnic groups;Single;56163.00;0;Yes;2018-11-26;Yes;0;0;0;0;Sales;Masters;Other;Sales Executive
1080;BDE5-385A;Morten;Keig;Morten Keig;Male;26;25-34;Some Travel;39;CA;White;Married;60494.00;1;Yes;2015-08-22;No;7;7;7;7;Technology;Bachelors;Information Systems;Software Engineer
1081;BE07-BE80;Clemmie;Heckner;Clemmie Heckner;Male;23;Under 25;Some Travel;42;CA;White;Single;28824.00;0;Yes;2020-07-04;No;2;2;2;1;Technology;Masters;Computer Science;Software Engineer
1082;BE54-8537;Krista;Eustace;Krista Eustace;Female;26;25-34;Frequent Traveller;14;NY;American Indian or Alaska Native;Single;36794.00;0;No;2015-11-18;Yes;5;3;4;3;Technology;Bachelors;Computer Science;Software Engineer
1083;BE54-B2AF;Nelia;Abramowitz;Nelia Abramowitz;Female;20;Under 25;Frequent Traveller;45;CA;White;Married;46714.00;1;No;2022-04-28;No;0;0;0;0;Technology;No Formal Qualifications;Computer Science;Machine Learning Engineer
1084;BE93-0736;Lucas;Oran;Lucas Oran;Male;35;35-44;No Travel;17;CA;Asian or Asian American;Divorced;117151.00;1;No;2012-03-26;No;10;3;7;6;Technology;High School;Computer Science;Senior Software Engineer
1085;BEBB-3E92;Flinn;Redferne;Flinn Redferne;Male;24;Under 25;Frequent Traveller;17;CA;White;Single;93008.00;0;Yes;2022-01-04;No;0;0;0;0;Human Resources;Doctorate;Human Resources;HR Executive
1086;BEE2-8052;Letta;Mattea;Letta Mattea;Female;26;25-34;Some Travel;45;IL;Black or African American;Single;74096.00;0;No;2017-09-19;No;5;0;5;4;Technology;Bachelors;Computer Science;Software Engineer
1087;BFAF-1ED1;Georges;Hinstridge;Georges Hinstridge;Male;24;Under 25;Frequent Traveller;14;CA;Mixed or multiple ethnic groups;Divorced;67538.00;1;No;2018-07-28;No;4;3;4;2;Technology;Masters;Computer Science;Data Scientist
1088;BFE7-5EA8;Siobhan;Antognelli;Siobhan Antognelli;Non-Binary;41;35-44;Frequent Traveller;3;NY;White;Single;248987.00;0;No;2013-07-19;No;9;5;9;5;Sales;Bachelors;Marketing;Sales Executive
1089;BFF3-AADC;Collen;Sedman;Collen Sedman;Female;31;25-34;No Travel;25;NY;American Indian or Alaska Native;Divorced;55682.00;1;No;2012-01-25;No;10;0;2;0;Human Resources;High School;Marketing;Recruiter
1090;C016-FA12;Sofie;Dumphries;Sofie Dumphries;Female;25;25-34;Some Travel;22;NY;American Indian or Alaska Native;Single;32894.00;0;No;2018-05-14;Yes;2;2;2;1;Sales;No Formal Qualifications;Marketing;Sales Representative
1091;C025-B8B6;Valentine;Beddin;Valentine Beddin;Male;44;35-44;Some Travel;29;NY;White;Married;126073.00;1;No;2014-01-03;No;8;0;2;0;Sales;Bachelors;Marketing;Sales Executive
1092;C026-3E38;Garv;Tockell;Garv Tockell;Male;28;25-34;Some Travel;2;CA;Asian or Asian American;Single;220234.00;0;Yes;2015-10-26;No;7;5;7;1;Technology;Bachelors;Computer Science;Machine Learning Engineer
1093;C08F-94F9;Nikos;Karpenko;Nikos Karpenko;Male;26;25-34;Some Travel;32;NY;White;Single;40100.00;0;Yes;2015-07-30;Yes;0;0;0;0;Technology;Bachelors;Information Systems;Software Engineer
1094;C0A1-EB7D;Leona;McKnish;Leona McKnish;Female;36;35-44;Some Travel;32;CA;Asian or Asian American;Married;111294.00;1;No;2012-03-02;No;10;8;8;10;Technology;Bachelors;Computer Science;Senior Software Engineer
1095;C0B9-E4C1;Illa;MacPherson;Illa MacPherson;Female;25;25-34;Some Travel;40;NY;White;Married;80779.00;1;Yes;2017-10-04;No;5;1;4;5;Technology;High School;Computer Science;Machine Learning Engineer
1096;C0BE-FED0;Bertram;Doleman;Bertram Doleman;Male;40;35-44;Some Travel;35;NY;White;Married;63455.00;1;Yes;2012-01-26;No;10;4;8;7;Sales;High School;Marketing;Sales Representative
1097;C0C7-A3EF;Hagen;Worge;Hagen Worge;Male;48;45-54;No Travel;9;CA;White;Single;125587.00;0;No;2012-02-12;No;10;10;10;4;Sales;Doctorate;Economics;Sales Executive
1098;C14B-814C;Roby;Wintringham;Roby Wintringham;Female;50;45-54;Frequent Traveller;26;NY;White;Married;214707.00;1;No;2021-10-16;No;1;1;1;1;Sales;Masters;Economics;Sales Executive
1099;C1B4-46B2;Hoebart;Bennen;Hoebart Bennen;Male;27;25-34;No Travel;21;CA;White;Divorced;73326.00;1;No;2015-09-02;No;7;0;5;0;Technology;Masters;Information Systems;Senior Software Engineer
1100;C1BA-AB7C;Gorden;Ferriby;Gorden Ferriby;Male;27;25-34;Some Travel;19;IL;White;Married;118176.00;1;No;2022-07-14;No;0;0;0;0;Technology;Masters;Business Studies;Engineering Manager
1101;C1C6-F683;Ignacius;Kelberman;Ignacius Kelberman;Male;45;45-54;Frequent Traveller;6;CA;Mixed or multiple ethnic groups;Divorced;92613.00;1;Yes;2013-11-23;No;9;6;6;2;Technology;Masters;Information Systems;Software Engineer
1102;C1E8-5AAB;Pierce;Abadam;Pierce Abadam;Male;25;25-34;Some Travel;5;NY;Black or African American;Divorced;69539.00;2;No;2016-02-13;No;6;0;4;4;Sales;High School;Marketing;Sales Executive
1103;C219-6C2E;Clerkclaude;Hinkins;Clerkclaude Hinkins;Male;34;25-34;Some Travel;30;NY;Mixed or multiple ethnic groups;Divorced;133468.00;1;No;2012-01-05;No;10;3;7;9;Sales;High School;Marketing;Sales Executive
1104;C22D-CE5F;Dorry;Tiddy;Dorry Tiddy;Female;42;35-44;Frequent Traveller;37;CA;Mixed or multiple ethnic groups;Single;189256.00;0;No;2014-07-10;No;8;1;2;2;Sales;Bachelors;Marketing;Sales Executive
1105;C250-AF15;Ron;Hordle;Ron Hordle;Male;25;25-34;Some Travel;13;NY;Black or African American;Single;178337.00;0;No;2015-07-16;No;7;1;7;2;Technology;Doctorate;Computer Science;Engineering Manager
1106;C251-2A18;Honor;Jesson;Honor Jesson;Non-Binary;26;25-34;Some Travel;28;CA;White;Single;29791.00;0;No;2015-08-07;No;7;7;7;1;Technology;Masters;Computer Science;Data Scientist
1107;C25C-C434;Jillayne;Goshawke;Jillayne Goshawke;Female;35;35-44;Frequent Traveller;39;CA;Mixed or multiple ethnic groups;Single;71257.00;0;No;2012-05-01;No;10;1;6;10;Technology;Masters;Computer Science;Software Engineer
1108;C27A-1115;Alasteir;Muge;Alasteir Muge;Male;25;25-34;Frequent Traveller;20;NY;Mixed or multiple ethnic groups;Married;96514.00;1;No;2018-02-04;No;4;4;4;0;Technology;Masters;Computer Science;Machine Learning Engineer
1109;C28E-0CC3;Urbano;Akett;Urbano Akett;Male;19;Under 25;Some Travel;6;CA;White;Single;41539.00;0;No;2022-01-04;No;0;0;0;0;Technology;Bachelors;Computer Science;Software Engineer
1110;C292-EC0C;Rosamond;Mattaser;Rosamond Mattaser;Non-Binary;26;25-34;Some Travel;8;NY;White;Divorced;27219.00;2;No;2016-08-16;No;6;3;5;4;Technology;High School;Computer Science;Software Engineer
1111;C2BF-D441;Helen-elizabeth;Randall;Helen-elizabeth Randall;Female;47;45-54;Frequent Traveller;37;NY;Black or African American;Divorced;350101.00;1;No;2019-01-19;No;3;0;1;0;Technology;Bachelors;Computer Science;Analytics Manager
1112;C2DD-9D37;Ring;Genge;Ring Genge;Male;42;35-44;Some Travel;16;IL;Asian or Asian American;Married;106277.00;2;No;2012-03-19;No;10;0;5;5;Sales;Masters;Marketing;Sales Executive
1113;C330-DAF4;Lonni;Lelievre;Lonni Lelievre;Female;34;25-34;Some Travel;16;NY;White;Divorced;100710.00;1;Yes;2012-05-20;No;10;10;10;2;Sales;High School;Economics;Sales Executive
1114;C385-CDBE;Filide;Dinnies;Filide Dinnies;Female;36;35-44;Some Travel;41;NY;White;Single;218940.00;0;Yes;2012-05-14;No;10;6;8;5;Technology;Bachelors;Computer Science;Machine Learning Engineer
1115;C389-FC34;Lin;Lauga;Lin Lauga;Female;27;25-34;Some Travel;45;IL;Mixed or multiple ethnic groups;Married;28828.00;1;No;2016-07-09;No;6;1;6;4;Technology;Bachelors;Business Studies;Software Engineer
1116;C395-8C36;Curcio;Franek;Curcio Franek;Male;33;25-34;Some Travel;3;CA;Mixed or multiple ethnic groups;Divorced;53616.00;1;Yes;2012-01-19;No;10;2;3;7;Human Resources;No Formal Qualifications;Technical Degree;Recruiter
1117;C3C0-349E;Isac;Dreus;Isac Dreus;Male;45;45-54;Some Travel;22;CA;White;Married;270302.00;0;No;2022-05-13;Yes;0;0;0;0;Sales;Masters;Marketing;Sales Executive
1118;C472-DAAD;Raf;Laraway;Raf Laraway;Non-Binary;18;Under 25;Frequent Traveller;38;IL;Black or African American;Single;59962.00;2;Yes;2022-10-29;No;0;0;0;0;Sales;No Formal Qualifications;Economics;Sales Executive
1119;C4F0-F933;Vassily;Bazoge;Vassily Bazoge;Male;37;35-44;Some Travel;22;IL;White;Married;193287.00;1;Yes;2021-03-01;No;1;0;1;0;Technology;Bachelors;Computer Science;Senior Software Engineer
1120;C4F7-E118;Brit;Seine;Brit Seine;Female;21;Under 25;Frequent Traveller;27;NY;White;Divorced;72355.00;2;No;2022-08-24;No;0;0;0;0;Technology;Bachelors;Information Systems;Data Scientist
1121;C509-6E46;Ulrica;Butterworth;Ulrica Butterworth;Female;19;Under 25;Some Travel;10;IL;White;Single;51802.00;0;Yes;2021-12-27;No;1;1;1;0;Technology;Masters;Computer Science;Senior Software Engineer
1122;C520-6F2B;Jena;Danzig;Jena Danzig;Female;25;25-34;Some Travel;34;CA;White;Single;45286.00;0;Yes;2016-07-14;No;6;1;3;1;Technology;Bachelors;Information Systems;Data Scientist
1123;C525-8BB9;Briggs;Pettet;Briggs Pettet;Male;29;25-34;Some Travel;14;NY;Black or African American;Divorced;70872.00;1;No;2013-04-10;No;9;2;7;9;Technology;Bachelors;Other;Data Scientist
1124;C54B-DBC5;Lilyan;Martinet;Lilyan Martinet;Female;33;25-34;Frequent Traveller;33;CA;Mixed or multiple ethnic groups;Married;115114.00;1;No;2013-11-12;No;9;9;9;6;Sales;Doctorate;Marketing;Sales Executive
1125;C560-23D6;Chiquita;Le Marchant;Chiquita Le Marchant;Non-Binary;23;Under 25;Some Travel;20;CA;White;Divorced;45995.00;1;No;2019-09-27;No;3;1;1;2;Technology;No Formal Qualifications;Computer Science;Software Engineer
1126;C579-11D1;Benjie;Grosvenor;Benjie Grosvenor;Male;23;Under 25;Some Travel;11;CA;White;Married;22488.00;1;No;2020-09-04;No;2;2;2;2;Technology;Masters;Information Systems;Data Scientist
1127;C57E-6E4F;Tremain;Drakes;Tremain Drakes;Male;24;Under 25;No Travel;35;CA;Asian or Asian American;Single;32502.00;0;Yes;2018-02-06;Yes;1;1;1;0;Technology;Bachelors;Computer Science;Data Scientist
1128;C5C2-985F;Gaspar;O' Concannon;Gaspar O' Concannon;Male;29;25-34;Some Travel;3;CA;American Indian or Alaska Native;Single;46465.00;0;Yes;2014-05-16;Yes;4;3;3;3;Sales;Bachelors;Other;Sales Representative
1129;C62F-44EF;Valeda;Napier;Valeda Napier;Female;39;35-44;Frequent Traveller;25;CA;Black or African American;Married;349233.00;1;No;2019-04-06;No;3;0;2;0;Human Resources;Bachelors;Economics;HR Business Partner
1130;C661-6A1C;Joeann;Batrop;Joeann Batrop;Female;25;25-34;Frequent Traveller;24;CA;Mixed or multiple ethnic groups;Single;40314.00;0;No;2016-09-15;Yes;3;1;3;3;Technology;No Formal Qualifications;Business Studies;Software Engineer
1131;C6A8-4E8A;Clayton;Hinemoor;Clayton Hinemoor;Male;29;25-34;Some Travel;8;NY;White;Married;119083.00;2;No;2014-04-25;No;8;3;6;4;Technology;High School;Computer Science;Machine Learning Engineer
1132;C6D7-A568;Eve;Takkos;Eve Takkos;Female;42;35-44;No Travel;10;CA;White;Married;48922.00;1;No;2012-05-07;No;10;3;9;9;Sales;High School;Marketing;Sales Representative
1133;C6EC-FEB5;Charlena;Severwright;Charlena Severwright;Female;38;35-44;Some Travel;1;CA;White;Single;151141.00;0;No;2012-01-19;No;10;3;6;9;Sales;No Formal Qualifications;Economics;Sales Executive
1134;C6F6-CDFE;Faythe;Ephson;Faythe Ephson;Female;24;Under 25;Some Travel;8;CA;White;Married;50513.00;1;No;2018-08-04;No;4;0;4;1;Sales;Masters;Marketing;Sales Representative
1135;C730-6B13;Ariadne;Isakov;Ariadne Isakov;Female;32;25-34;Some Travel;20;IL;Native Hawaiian;Single;85884.00;0;No;2013-10-31;No;9;9;9;5;Technology;Masters;Computer Science;Data Scientist
1136;C768-BBF8;Carine;Molfino;Carine Molfino;Female;30;25-34;Some Travel;19;CA;White;Divorced;125751.00;1;No;2021-03-11;No;1;0;1;1;Technology;Bachelors;Computer Science;Senior Software Engineer
1137;C77A-2348;Mortimer;Planks;Mortimer Planks;Male;26;25-34;Some Travel;15;NY;White;Married;45085.00;2;No;2017-03-17;No;5;2;4;2;Technology;No Formal Qualifications;Information Systems;Software Engineer
1138;C79A-E5E1;Alvera;Kulver;Alvera Kulver;Female;32;25-34;Frequent Traveller;13;CA;White;Divorced;48835.00;1;Yes;2012-02-17;Yes;8;5;7;0;Technology;No Formal Qualifications;Computer Science;Data Scientist
1139;C7C8-43D9;Rebecka;Leat;Rebecka Leat;Female;27;25-34;Some Travel;25;NY;Asian or Asian American;Divorced;24571.00;3;No;2016-04-17;No;6;5;5;6;Technology;Masters;Information Systems;Data Scientist
1140;C8BC-3B77;Anna-diane;Allpress;Anna-diane Allpress;Female;27;25-34;Frequent Traveller;21;NY;White;Married;66488.00;1;No;2016-07-18;No;6;5;6;3;Sales;Bachelors;Economics;Sales Executive
1141;C8FA-B6FE;Galen;Kabos;Galen Kabos;Male;23;Under 25;Some Travel;30;CA;Mixed or multiple ethnic groups;Single;54171.00;0;Yes;2019-04-18;No;3;2;3;0;Technology;Masters;Information Systems;Senior Software Engineer
1142;C900-9EF9;Josiah;Sloam;Josiah Sloam;Non-Binary;30;25-34;Some Travel;11;CA;White;Married;127014.00;0;No;2014-12-26;No;8;4;8;0;Sales;No Formal Qualifications;Marketing;Sales Executive
1143;C95B-FE97;Ira;Rivelon;Ira Rivelon;Male;21;Under 25;Some Travel;40;CA;White;Married;58274.00;1;No;2019-06-27;No;3;3;3;3;Technology;Bachelors;Business Studies;Data Scientist
1144;C95C-CE06;Stillman;Castiello;Stillman Castiello;Male;44;35-44;Some Travel;35;CA;Mixed or multiple ethnic groups;Married;75667.00;1;No;2014-10-27;No;8;6;6;3;Sales;Bachelors;Marketing;Sales Representative
1145;C96B-43C7;Kristo;Casaro;Kristo Casaro;Male;21;Under 25;Some Travel;22;NY;White;Divorced;73075.00;2;No;2020-12-23;No;2;1;1;1;Technology;High School;Computer Science;Software Engineer
1146;C96F-0F3B;Jessa;Glasscoo;Jessa Glasscoo;Female;41;35-44;Some Travel;16;CA;White;Married;48147.00;1;No;2012-03-01;No;10;8;10;5;Sales;No Formal Qualifications;Marketing;Sales Representative
1147;C973-E8E5;Bertie;Murrells;Bertie Murrells;Male;26;25-34;Some Travel;2;CA;White;Married;57722.00;1;Yes;2017-06-30;No;5;4;4;0;Technology;Bachelors;Computer Science;Software Engineer
1148;C9F5-9B2C;Duane;Colhoun;Duane Colhoun;Male;22;Under 25;Frequent Traveller;11;CA;White;Married;34432.00;2;No;2021-09-30;No;1;0;0;1;Sales;Bachelors;Economics;Sales Representative
1149;C9FF-3A25;West;Shalloo;West Shalloo;Male;28;25-34;No Travel;17;NY;Black or African American;Single;54324.00;0;Yes;2015-09-10;Yes;3;3;3;1;Technology;High School;Information Systems;Software Engineer
1150;CA1B-0302;Hestia;Pickin;Hestia Pickin;Female;22;Under 25;Some Travel;11;NY;White;Married;26880.00;0;No;2020-12-10;No;2;2;2;1;Human Resources;Bachelors;Marketing;Recruiter
1151;CA75-94D1;Avery;Larimer;Avery Larimer;Male;41;35-44;Some Travel;16;CA;Black or African American;Married;45989.00;1;No;2014-06-17;No;8;4;8;4;Technology;High School;Computer Science;Data Scientist
1152;CA98-86ED;Paulette;Albertson;Paulette Albertson;Female;34;25-34;Frequent Traveller;1;CA;White;Single;178472.00;0;Yes;2022-05-07;No;0;0;0;0;Technology;No Formal Qualifications;Information Systems;Machine Learning Engineer
1153;CAA0-3971;Ives;Cranston;Ives Cranston;Male;22;Under 25;Some Travel;31;NY;White;Single;51582.00;0;No;2022-05-13;No;0;0;0;0;Sales;No Formal Qualifications;Marketing;Sales Executive
1154;CABE-0B62;Laura;Janiak;Laura Janiak;Female;23;Under 25;Some Travel;43;CA;Black or African American;Single;121414.00;0;No;2022-12-21;No;0;0;0;0;Sales;Doctorate;Marketing;Sales Executive
1155;CACA-0D62;Zarla;Farrans;Zarla Farrans;Female;32;25-34;Some Travel;33;CA;Mixed or multiple ethnic groups;Married;121881.00;2;No;2014-02-09;No;8;7;8;8;Technology;Bachelors;Information Systems;Data Scientist
1156;CAD7-01BE;Marlin;Egdell;Marlin Egdell;Male;47;45-54;Some Travel;26;CA;Mixed or multiple ethnic groups;Divorced;244765.00;2;Yes;2018-07-04;No;4;2;3;1;Sales;Masters;Marketing;Sales Executive
1157;CB16-C876;April;Beckwith;April Beckwith;Female;19;Under 25;Some Travel;2;CA;Black or African American;Single;26973.00;0;No;2022-12-11;No;0;0;0;0;Technology;Bachelors;Computer Science;Data Scientist
1158;CBB3-0D7E;Archaimbaud;Hawkshaw;Archaimbaud Hawkshaw;Male;26;25-34;Some Travel;44;CA;White;Single;40638.00;0;Yes;2014-01-11;Yes;2;0;0;1;Sales;No Formal Qualifications;Technical Degree;Sales Representative
1159;CBCB-9C9D;Leonerd;Aland;Leonerd Aland;Male;38;35-44;Some Travel;23;CA;White;Single;157718.00;0;Yes;2012-01-04;No;10;6;10;0;Sales;Masters;Marketing;Sales Executive
1160;CC1D-5D73;Tillie;Cregin;Tillie Cregin;Female;40;35-44;No Travel;9;CA;White;Single;254535.00;0;No;2020-04-25;No;2;2;2;1;Sales;Bachelors;Marketing;Manager
1161;CC2F-670E;Blake;Louys;Blake Louys;Male;29;25-34;Frequent Traveller;26;CA;White;Single;78541.00;0;Yes;2013-02-23;Yes;6;5;5;2;Technology;Bachelors;Computer Science;Data Scientist
1162;CC7A-EE97;Ryan;Gaffey;Ryan Gaffey;Male;31;25-34;Some Travel;10;IL;White;Married;168087.00;1;No;2014-06-24;No;8;4;7;3;Technology;Bachelors;Computer Science;Senior Software Engineer
1163;CC88-AE14;Barbi;Wilsher;Barbi Wilsher;Female;25;25-34;Some Travel;27;CA;Mixed or multiple ethnic groups;Married;84770.00;1;Yes;2016-12-20;No;6;0;5;0;Technology;High School;Computer Science;Machine Learning Engineer
1164;CC8A-0B1F;Letta;Van der Kruys;Letta Van der Kruys;Female;28;25-34;Some Travel;23;CA;Mixed or multiple ethnic groups;Married;65328.00;1;No;2014-06-27;Yes;5;4;4;0;Technology;High School;Business Studies;Data Scientist
1165;CCAB-4B80;Monty;Demead;Monty Demead;Male;44;35-44;Some Travel;29;CA;White;Divorced;304520.00;3;Yes;2014-03-20;No;8;2;2;4;Technology;Bachelors;Information Systems;Analytics Manager
1166;CCE7-36ED;Dwain;Nias;Dwain Nias;Male;36;35-44;Some Travel;11;NY;Asian or Asian American;Married;236739.00;2;No;2018-06-26;No;4;3;4;3;Technology;Bachelors;Computer Science;Machine Learning Engineer
1167;CD0F-DE05;Prudence;Cockrell;Prudence Cockrell;Female;28;25-34;No Travel;43;CA;White;Single;50175.00;0;No;2013-07-18;No;9;9;9;3;Technology;Bachelors;Computer Science;Software Engineer
1168;CD4D-7BBA;Cristian;Massy;Cristian Massy;Male;43;35-44;Some Travel;38;CA;White;Married;155786.00;1;Yes;2013-07-29;No;9;0;7;5;Technology;Masters;Computer Science;Software Engineer
1169;CD59-7F94;Mathe;Burrows;Mathe Burrows;Non-Binary;30;25-34;Some Travel;37;CA;Asian or Asian American;Single;341039.00;0;No;2014-02-16;No;8;2;4;1;Sales;Masters;Economics;Sales Executive
1170;CD7F-377F;Kendricks;Tribe;Kendricks Tribe;Male;25;25-34;Frequent Traveller;25;CA;Black or African American;Married;46283.00;1;No;2016-08-24;No;6;5;6;1;Sales;Bachelors;Marketing;Sales Executive
1171;CDAC-40FE;Gwenora;Fourcade;Gwenora Fourcade;Female;22;Under 25;Some Travel;41;CA;Black or African American;Single;75810.00;0;No;2018-12-24;No;4;2;4;3;Technology;Doctorate;Information Systems;Machine Learning Engineer
1172;CDC1-C7CA;Jobyna;Keeler;Jobyna Keeler;Female;25;25-34;Frequent Traveller;6;CA;Mixed or multiple ethnic groups;Married;102569.00;0;No;2015-09-12;No;7;1;2;5;Sales;Bachelors;Marketing;Sales Executive
1173;CDFB-6A08;Huey;Paoletti;Huey Paoletti;Male;26;25-34;Some Travel;8;NY;Black or African American;Single;22918.00;0;Yes;2016-05-01;Yes;0;0;0;0;Technology;Masters;Other;Software Engineer
1174;CE3C-15A7;Flori;Ballham;Flori Ballham;Female;18;Under 25;Some Travel;15;NY;White;Single;58262.00;1;No;2022-10-14;No;0;0;0;0;Technology;Masters;Information Systems;Data Scientist
1175;CE47-9991;Layton;Ord;Layton Ord;Male;40;35-44;Some Travel;36;NY;White;Divorced;194967.00;1;No;2022-09-03;No;0;0;0;0;Sales;Masters;Marketing;Sales Executive
1176;CE90-763C;Carly;Mushawe;Carly Mushawe;Female;27;25-34;Frequent Traveller;40;CA;Black or African American;Married;31672.00;1;No;2015-08-02;No;7;1;3;6;Technology;Bachelors;Information Systems;Data Scientist
1177;CECC-60FF;Elissa;Seide;Elissa Seide;Female;27;25-34;Some Travel;16;CA;White;Single;54379.00;0;No;2016-10-04;No;6;1;2;2;Technology;No Formal Qualifications;Information Systems;Software Engineer
1178;CED0-8D31;Dulci;Berthot;Dulci Berthot;Female;36;35-44;Some Travel;43;CA;Black or African American;Single;454993.00;0;No;2014-06-24;No;8;3;4;0;Technology;Bachelors;Computer Science;Analytics Manager
1179;CEE0-94C3;Olvan;Pilgram;Olvan Pilgram;Male;42;35-44;Some Travel;12;CA;White;Married;70535.00;1;No;2013-09-29;No;9;3;8;5;Sales;No Formal Qualifications;Technical Degree;Sales Representative
1180;CEE1-DA0F;Fayth;Sowden;Fayth Sowden;Female;23;Under 25;Some Travel;23;CA;White;Single;40438.00;0;Yes;2018-11-20;No;4;0;0;2;Technology;Bachelors;Computer Science;Software Engineer
1181;CF2F-8CA3;Lindy;Rawstorne;Lindy Rawstorne;Male;45;45-54;Some Travel;20;CA;White;Married;76693.00;1;No;2012-02-06;No;10;2;9;10;Sales;High School;Marketing;Sales Executive
1182;CF4C-5525;Charleen;Wigsell;Charleen Wigsell;Female;20;Under 25;Some Travel;10;NY;White;Married;32077.00;1;No;2022-06-09;No;0;0;0;0;Technology;Doctorate;Computer Science;Software Engineer
1183;CF5D-0E32;Fairfax;Leyre;Fairfax Leyre;Male;21;Under 25;Frequent Traveller;36;CA;American Indian or Alaska Native;Divorced;22462.00;1;Yes;2019-01-24;No;3;2;2;3;Technology;Bachelors;Computer Science;Software Engineer
1184;CF8D-7379;Tim;Spinley;Tim Spinley;Prefer Not To Say;43;35-44;Some Travel;14;NY;White;Married;365504.00;3;Yes;2013-11-04;No;9;6;7;8;Technology;Masters;Information Systems;Engineering Manager
1185;CFE3-312D;Jess;Hoyte;Jess Hoyte;Male;21;Under 25;Frequent Traveller;36;IL;White;Single;46452.00;0;Yes;2020-11-08;Yes;1;1;1;0;Sales;Masters;Other;Sales Executive
1186;D014-7DB2;Dolli;Dodgson;Dolli Dodgson;Female;20;Under 25;Some Travel;16;NY;White;Single;35754.00;0;No;2020-08-24;Yes;0;0;0;0;Sales;Bachelors;Marketing;Sales Representative
1187;D045-B6CA;Petrina;Inkpin;Petrina Inkpin;Female;26;25-34;Some Travel;34;CA;Black or African American;Married;71198.00;0;No;2017-11-07;Yes;5;0;0;1;Technology;Masters;Information Systems;Software Engineer
1188;D051-2C2D;Welby;Chansonnau;Welby Chansonnau;Non-Binary;20;Under 25;Some Travel;43;CA;White;Married;39145.00;1;No;2022-07-25;No;0;0;0;0;Sales;Doctorate;Marketing;Sales Executive
1189;D061-5CAD;Bengt;Smythin;Bengt Smythin;Male;22;Under 25;No Travel;25;CA;White;Single;31386.00;0;No;2019-05-13;No;3;2;2;1;Technology;Masters;Business Studies;Software Engineer
1190;D077-169C;Gustavo;Chatel;Gustavo Chatel;Male;46;45-54;Some Travel;20;CA;Black or African American;Married;150731.00;2;No;2012-03-06;No;10;8;9;3;Sales;High School;Technical Degree;Sales Executive
1191;D106-E487;Dori;Bevens;Dori Bevens;Female;40;35-44;Some Travel;2;NY;White;Married;204005.00;1;No;2014-06-10;No;8;7;7;3;Sales;Masters;Technical Degree;Sales Executive
1192;D13E-E661;Benson;Van De Cappelle;Benson Van De Cappelle;Male;36;35-44;Some Travel;38;CA;White;Married;298558.00;1;Yes;2013-04-12;No;9;4;4;7;Sales;High School;Marketing;Sales Executive
1193;D186-CBF5;Ibby;Witcomb;Ibby Witcomb;Female;19;Under 25;Some Travel;21;NY;White;Single;33454.00;0;Yes;2022-05-19;Yes;0;0;0;0;Sales;Bachelors;Marketing;Sales Representative
1194;D18F-8C48;Feliza;Jeschner;Feliza Jeschner;Female;27;25-34;No Travel;8;IL;Asian or Asian American;Divorced;152322.00;1;No;2016-04-17;No;6;0;5;4;Technology;No Formal Qualifications;Information Systems;Engineering Manager
1195;D199-1896;Lin;Dibbs;Lin Dibbs;Female;42;35-44;Some Travel;39;CA;White;Married;206277.00;2;No;2012-05-02;No;10;6;10;1;Sales;Bachelors;Economics;Sales Executive
1196;D1C6-25BE;Shadow;O'Curneen;Shadow O'Curneen;Male;19;Under 25;Some Travel;26;CA;White;Single;43961.00;1;No;2021-02-19;No;1;0;1;1;Technology;Bachelors;Information Systems;Software Engineer
1197;D210-D451;Titos;Ruston;Titos Ruston;Male;21;Under 25;Some Travel;43;CA;White;Married;59158.00;1;Yes;2022-08-20;No;0;0;0;0;Technology;Bachelors;Computer Science;Machine Learning Engineer
1198;D245-5D80;Bank;MacEveley;Bank MacEveley;Male;26;25-34;Some Travel;10;CA;White;Divorced;148080.00;1;Yes;2015-05-03;No;7;7;7;1;Technology;Masters;Information Systems;Senior Software Engineer
1199;D24B-5AC8;Horatio;Chaffen;Horatio Chaffen;Male;24;Under 25;Some Travel;45;CA;Mixed or multiple ethnic groups;Married;38022.00;0;No;2017-07-14;No;5;5;5;1;Technology;Masters;Information Systems;Data Scientist
1200;D29C-A21F;Ebenezer;Bontein;Ebenezer Bontein;Male;25;25-34;Frequent Traveller;23;CA;Black or African American;Married;22525.00;1;No;2017-08-31;No;5;3;4;5;Technology;Bachelors;Information Systems;Software Engineer
1201;D2BE-E6F6;Maud;Guerrier;Maud Guerrier;Female;31;25-34;Frequent Traveller;28;NY;White;Married;183189.00;1;No;2014-01-01;No;8;3;6;6;Sales;High School;Marketing;Sales Executive
1202;D31B-BEF8;Bent;Plumridege;Bent Plumridege;Male;25;25-34;Frequent Traveller;19;CA;Mixed or multiple ethnic groups;Single;28090.00;0;No;2016-08-31;Yes;0;0;0;0;Sales;Masters;Marketing;Sales Representative
1203;D351-C7E4;Doralin;Whiley;Doralin Whiley;Female;42;35-44;Some Travel;9;CA;Asian or Asian American;Married;73577.00;1;No;2013-01-23;No;9;9;9;6;Technology;High School;Information Systems;Data Scientist
1204;D380-A175;Fritz;St. Quintin;Fritz St. Quintin;Male;18;Under 25;Frequent Traveller;21;NY;White;Single;22889.00;1;No;2022-06-25;No;0;0;0;0;Sales;Masters;Marketing;Sales Representative
1205;D383-714B;Lindsey;Hedley;Lindsey Hedley;Male;26;25-34;Frequent Traveller;12;IL;White;Married;29449.00;1;No;2017-04-22;No;5;1;3;1;Technology;Bachelors;Other;Data Scientist
1206;D39D-4015;Joan;Camings;Joan Camings;Female;30;25-34;Frequent Traveller;28;NY;White;Divorced;46388.00;1;No;2014-01-16;No;8;6;6;3;Technology;Bachelors;Information Systems;Software Engineer
1207;D3EB-610D;Bo;Cullabine;Bo Cullabine;Male;24;Under 25;Frequent Traveller;10;NY;Mixed or multiple ethnic groups;Married;67447.00;1;Yes;2016-10-10;No;6;2;6;6;Technology;Masters;Computer Science;Data Scientist
1208;D3F6-A313;Alister;Gianullo;Alister Gianullo;Male;27;25-34;Some Travel;34;CA;White;Married;50949.00;1;No;2015-08-13;No;7;6;7;3;Technology;Masters;Computer Science;Software Engineer
1209;D457-AB87;Geoffrey;Bambery;Geoffrey Bambery;Male;24;Under 25;Some Travel;29;CA;Mixed or multiple ethnic groups;Married;105859.00;2;No;2017-02-13;No;5;5;5;3;Sales;Bachelors;Marketing;Sales Executive
1210;D471-4BFF;Dew;Jinkinson;Dew Jinkinson;Male;24;Under 25;Frequent Traveller;9;NY;Black or African American;Single;45410.00;0;No;2019-02-04;No;3;3;3;1;Sales;Bachelors;Marketing;Sales Executive
1211;D49C-096C;George;Keddie;George Keddie;Non-Binary;26;25-34;No Travel;10;NY;Native Hawaiian;Single;55537.00;0;No;2014-03-16;Yes;4;1;1;1;Sales;High School;Economics;Sales Executive
1212;D4BE-786C;Hurleigh;Pashenkov;Hurleigh Pashenkov;Male;24;Under 25;No Travel;3;NY;White;Single;128634.00;0;No;2018-06-11;No;4;4;4;4;Sales;Bachelors;Economics;Sales Executive
1213;D4D5-27FB;Bengt;Keaves;Bengt Keaves;Male;29;25-34;Some Travel;36;NY;White;Divorced;86428.00;3;No;2014-11-20;Yes;6;5;5;5;Technology;No Formal Qualifications;Information Systems;Data Scientist
1214;D4D7-3C3F;Annaliese;Hedingham;Annaliese Hedingham;Female;28;25-34;Some Travel;27;NY;Mixed or multiple ethnic groups;Divorced;117918.00;2;No;2014-12-02;No;8;3;8;7;Technology;High School;Information Systems;Machine Learning Engineer
1215;D4DF-162F;Perla;Vivyan;Perla Vivyan;Female;36;35-44;Some Travel;2;IL;White;Divorced;247730.00;1;Yes;2020-03-25;No;2;2;2;0;Technology;High School;Computer Science;Engineering Manager
1216;D4FD-785B;Corina;Bellwood;Corina Bellwood;Female;19;Under 25;Some Travel;7;IL;White;Single;64882.00;0;Yes;2021-08-23;No;1;0;0;0;Technology;Masters;Computer Science;Machine Learning Engineer
1217;D529-0BC2;Katharina;Nehlsen;Katharina Nehlsen;Female;24;Under 25;Some Travel;42;CA;White;Married;38775.00;1;Yes;2017-02-06;No;5;0;5;1;Technology;High School;Other;Data Scientist
1218;D565-284D;Bessie;Bellson;Bessie Bellson;Female;47;45-54;Frequent Traveller;21;CA;White;Single;65626.00;0;No;2012-01-27;No;10;2;5;1;Sales;Bachelors;Economics;Sales Executive
1219;D584-4E31;Patrica;Lamyman;Patrica Lamyman;Female;35;35-44;Some Travel;22;CA;Mixed or multiple ethnic groups;Married;67264.00;0;No;2012-02-22;No;10;8;8;2;Human Resources;No Formal Qualifications;Economics;Recruiter
1220;D5B3-425C;Lenard;Bouts;Lenard Bouts;Male;26;25-34;Some Travel;7;CA;Black or African American;Single;36101.00;0;No;2016-06-30;No;6;6;6;6;Sales;Bachelors;Marketing;Sales Representative
1221;D5BA-1C8B;Keefe;Teacy;Keefe Teacy;Male;21;Under 25;Some Travel;34;NY;White;Single;50502.00;0;Yes;2021-11-23;No;1;1;1;0;Technology;Masters;Computer Science;Machine Learning Engineer
1222;D5DA-363A;Rickey;Shere;Rickey Shere;Male;33;25-34;Some Travel;41;CA;Asian or Asian American;Married;71201.00;2;No;2012-01-24;No;10;8;10;4;Sales;High School;Marketing;Sales Executive
1223;D676-2084;Shannon;Kuhnel;Shannon Kuhnel;Male;21;Under 25;Some Travel;41;NY;White;Single;20583.00;0;No;2020-06-20;No;2;0;1;0;Human Resources;High School;Economics;Recruiter
1224;D676-4ECC;Florenza;Nesbit;Florenza Nesbit;Female;44;35-44;Some Travel;13;NY;White;Single;57296.00;0;No;2014-11-29;No;8;5;7;3;Technology;Bachelors;Information Systems;Software Engineer
1225;D696-9D82;Eberto;Flaherty;Eberto Flaherty;Male;38;35-44;Some Travel;39;NY;White;Single;65416.00;0;No;2012-03-25;No;10;5;10;7;Technology;Bachelors;Computer Science;Data Scientist
1226;D69C-8F84;Sada;Torrent;Sada Torrent;Female;40;35-44;Some Travel;26;CA;Mixed or multiple ethnic groups;Divorced;59899.00;3;No;2014-02-06;No;8;2;3;6;Technology;Bachelors;Information Systems;Data Scientist
1227;D6A7-EF72;Kalie;Swancott;Kalie Swancott;Female;40;35-44;Some Travel;7;CA;White;Single;70703.00;0;No;2013-12-04;No;9;0;9;7;Human Resources;Masters;Technical Degree;Recruiter
1228;D6AB-ED90;Pen;Glanister;Pen Glanister;Female;20;Under 25;No Travel;12;CA;White;Single;29329.00;0;No;2022-07-03;No;0;0;0;0;Technology;Bachelors;Information Systems;Software Engineer
1229;D6BA-10A1;Leandra;Keepin;Leandra Keepin;Non-Binary;21;Under 25;Some Travel;37;CA;White;Single;43030.00;0;No;2021-06-10;No;1;0;1;1;Technology;Bachelors;Information Systems;Data Scientist
1230;D6BB-FEDF;Galen;Rocca;Galen Rocca;Male;28;25-34;Frequent Traveller;40;NY;White;Divorced;109172.00;1;Yes;2015-11-19;No;7;1;3;1;Technology;Doctorate;Information Systems;Data Scientist
1231;D6D2-184B;Valenka;Kayley;Valenka Kayley;Female;24;Under 25;Some Travel;33;NY;White;Single;115399.00;0;No;2017-08-09;No;5;5;5;3;Technology;Bachelors;Information Systems;Senior Software Engineer
1232;D6F0-006B;Mathilde;Spieck;Mathilde Spieck;Female;22;Under 25;Some Travel;38;IL;White;Married;31161.00;1;Yes;2021-07-19;No;1;0;0;0;Technology;Masters;Computer Science;Data Scientist
1233;D712-9E1C;Audi;Pibworth;Audi Pibworth;Non-Binary;24;Under 25;Some Travel;8;IL;Black or African American;Single;85238.00;0;No;2017-12-24;No;5;0;4;1;Sales;High School;Economics;Sales Executive
1234;D754-4CDF;Brien;Erett;Brien Erett;Male;25;25-34;Some Travel;18;CA;White;Married;55541.00;1;No;2017-01-08;No;5;4;5;4;Technology;Bachelors;Computer Science;Senior Software Engineer
1235;D75C-3E43;Clint;Widdicombe;Clint Widdicombe;Male;25;25-34;Some Travel;24;CA;Native Hawaiian;Divorced;204154.00;1;Yes;2017-12-21;No;5;2;3;0;Technology;Masters;Other;Engineering Manager
1236;D7C2-EAA5;Camila;Lergan;Camila Lergan;Female;23;Under 25;Frequent Traveller;16;CA;Mixed or multiple ethnic groups;Divorced;67558.00;1;No;2018-03-31;No;4;1;1;1;Technology;Masters;Computer Science;Machine Learning Engineer
1237;D7EE-56FC;Zsa zsa;Evered;Zsa zsa Evered;Female;39;35-44;Frequent Traveller;17;CA;White;Married;107863.00;1;Yes;2012-01-19;Yes;8;8;8;5;Sales;High School;Technical Degree;Sales Executive
1238;D7F8-1775;Benyamin;Jane;Benyamin Jane;Male;36;35-44;Some Travel;13;CA;White;Single;121303.00;0;No;2014-07-12;No;8;2;3;0;Sales;Bachelors;Marketing;Sales Executive
1239;D825-CC31;Debera;Extence;Debera Extence;Female;25;25-34;Some Travel;5;NY;Native Hawaiian;Divorced;44082.00;1;No;2015-05-24;No;7;3;4;2;Technology;Bachelors;Computer Science;Machine Learning Engineer
1240;D836-B375;Ellette;McKean;Ellette McKean;Female;44;35-44;Some Travel;21;NY;Black or African American;Married;91563.00;1;No;2013-11-06;No;9;9;9;8;Technology;High School;Computer Science;Software Engineer
1241;D86B-2E5E;Michele;Deane;Michele Deane;Female;27;25-34;Some Travel;25;NY;White;Married;91202.00;0;Yes;2015-02-15;No;7;5;7;2;Sales;Bachelors;Technical Degree;Sales Executive
1242;D871-1F74;Beitris;Davers;Beitris Davers;Female;32;25-34;Frequent Traveller;40;CA;White;Single;60759.00;0;No;2014-06-22;No;8;0;6;3;Technology;Doctorate;Computer Science;Data Scientist
1243;D8B3-30D2;Madeleine;Hazelby;Madeleine Hazelby;Female;22;Under 25;Some Travel;40;CA;White;Married;53080.00;1;Yes;2019-12-24;Yes;2;0;1;0;Technology;No Formal Qualifications;Business Studies;Data Scientist
1244;D8E6-5593;Pammy;Glenny;Pammy Glenny;Non-Binary;19;Under 25;Some Travel;38;CA;White;Single;51132.00;0;Yes;2022-08-09;No;0;0;0;0;Sales;Masters;Marketing;Sales Representative
1245;D8F6-DED3;Myrvyn;Edsell;Myrvyn Edsell;Male;20;Under 25;Some Travel;23;CA;White;Married;26752.00;0;Yes;2020-01-28;No;2;0;1;1;Technology;No Formal Qualifications;Computer Science;Software Engineer
1246;D8FC-E2F7;Gigi;Monkhouse;Gigi Monkhouse;Female;22;Under 25;Some Travel;10;CA;White;Divorced;36980.00;3;Yes;2021-12-01;Yes;0;0;0;0;Sales;Bachelors;Economics;Sales Representative
1247;D906-B674;Uta;Melmar;Uta Melmar;Female;42;35-44;No Travel;45;NY;Black or African American;Married;259284.00;1;No;2012-01-09;No;10;2;6;6;Technology;Bachelors;Information Systems;Engineering Manager
1248;D91C-815B;Lucille;Balser;Lucille Balser;Female;22;Under 25;Frequent Traveller;26;CA;White;Married;42250.00;2;Yes;2018-05-23;Yes;4;1;3;2;Sales;High School;Economics;Sales Representative
1249;D921-AC35;Jeniece;Mac;Jeniece Mac;Female;45;45-54;Some Travel;7;CA;White;Single;104720.00;0;No;2014-03-29;No;8;7;7;0;Technology;Masters;Business Studies;Senior Software Engineer
1250;D926-DED9;Sancho;Rawlingson;Sancho Rawlingson;Male;40;35-44;Some Travel;39;CA;White;Divorced;409998.00;2;No;2014-04-14;No;8;3;6;3;Technology;High School;Computer Science;Analytics Manager
1251;D92F-63AD;Gabey;Whitloe;Gabey Whitloe;Female;19;Under 25;Frequent Traveller;45;CA;White;Single;32322.00;0;No;2021-04-22;No;1;1;1;1;Technology;Bachelors;Computer Science;Data Scientist
1252;D933-AAC4;Tann;Learmouth;Tann Learmouth;Non-Binary;42;35-44;Some Travel;33;CA;Asian or Asian American;Married;213191.00;2;No;2019-01-03;No;3;0;1;2;Technology;Masters;Computer Science;Engineering Manager
1253;D93A-CC98;Arabella;Mont;Arabella Mont;Female;24;Under 25;Some Travel;27;NY;White;Single;208684.00;0;Yes;2018-03-06;Yes;2;0;0;0;Sales;Masters;Marketing;Sales Executive
1254;D954-6402;Ara;Daulton;Ara Daulton;Male;25;25-34;Some Travel;14;IL;White;Single;123307.00;0;Yes;2015-12-23;Yes;7;2;3;1;Sales;Bachelors;Marketing;Sales Executive
1255;D962-9E69;Esteban;Guiraud;Esteban Guiraud;Male;23;Under 25;Some Travel;33;CA;White;Divorced;29490.00;1;No;2020-04-27;No;2;0;1;2;Technology;No Formal Qualifications;Computer Science;Data Scientist
1256;D970-9F5E;Lilla;Ledamun;Lilla Ledamun;Female;29;25-34;Some Travel;36;CA;Asian or Asian American;Married;46813.00;0;No;2014-05-29;Yes;6;1;1;1;Technology;Bachelors;Computer Science;Data Scientist
1257;D9AE-B32C;Leelah;Ludvigsen;Leelah Ludvigsen;Female;22;Under 25;Some Travel;7;CA;White;Single;28359.00;0;No;2020-02-23;No;2;1;2;1;Technology;No Formal Qualifications;Computer Science;Software Engineer
1258;DA17-A31F;Gleda;Verzey;Gleda Verzey;Female;23;Under 25;Some Travel;15;CA;White;Divorced;78275.00;2;No;2019-10-18;No;3;0;3;2;Technology;High School;Information Systems;Machine Learning Engineer
1259;DA4C-7F2E;Carmita;Kenion;Carmita Kenion;Female;26;25-34;Some Travel;18;NY;White;Married;178836.00;0;No;2016-04-18;No;6;4;5;6;Technology;Bachelors;Computer Science;Analytics Manager
1260;DA8E-9496;Tobias;Polkinghorne;Tobias Polkinghorne;Male;27;25-34;Some Travel;22;CA;White;Single;56449.00;0;Yes;2016-10-04;Yes;3;1;1;2;Technology;High School;Computer Science;Data Scientist
1261;DAE0-B44F;Karlotta;Hackwell;Karlotta Hackwell;Female;24;Under 25;Some Travel;4;CA;Mixed or multiple ethnic groups;Married;133274.00;1;No;2016-06-23;No;6;2;3;1;Sales;Bachelors;Economics;Sales Executive
1262;DB54-E47D;Violet;Pearsall;Violet Pearsall;Female;22;Under 25;Frequent Traveller;29;CA;Mixed or multiple ethnic groups;Single;45850.00;0;No;2018-12-08;No;4;2;3;1;Technology;High School;Computer Science;Data Scientist
1263;DB6B-88DA;Lindie;Oliver-Paull;Lindie Oliver-Paull;Female;25;25-34;Some Travel;1;IL;Native Hawaiian;Married;48570.00;1;Yes;2018-05-03;No;4;4;4;1;Technology;No Formal Qualifications;Information Systems;Software Engineer
1264;DB6C-3B2F;Yelena;Paskerful;Yelena Paskerful;Female;19;Under 25;Some Travel;43;CA;White;Single;49006.00;1;No;2022-07-18;Yes;0;0;0;0;Technology;Bachelors;Information Systems;Data Scientist
1265;DBF0-2EA3;Kaitlyn;Ernshaw;Kaitlyn Ernshaw;Female;27;25-34;Frequent Traveller;1;CA;White;Married;56302.00;2;Yes;2016-08-04;No;6;3;5;4;Technology;Masters;Computer Science;Senior Software Engineer
1266;DBF5-E57D;Freeland;Chalcot;Freeland Chalcot;Male;25;25-34;Some Travel;25;CA;White;Divorced;303446.00;1;No;2018-05-11;No;4;0;3;0;Technology;Bachelors;Other;Analytics Manager
1267;DC3D-9231;Annabell;Pasticznyk;Annabell Pasticznyk;Female;18;Under 25;Some Travel;20;CA;White;Single;44770.00;1;No;2022-09-02;No;0;0;0;0;Technology;Masters;Computer Science;Machine Learning Engineer
1268;DC50-0336;Krystyna;Bartozzi;Krystyna Bartozzi;Female;31;25-34;No Travel;38;CA;White;Single;272255.00;1;No;2022-07-20;No;0;0;0;0;Technology;High School;Information Systems;Machine Learning Engineer
1269;DC67-3B66;Tammie;Kingh;Tammie Kingh;Male;25;25-34;Some Travel;33;NY;Mixed or multiple ethnic groups;Married;24417.00;1;No;2016-02-26;No;6;2;6;6;Technology;Bachelors;Information Systems;Software Engineer
1270;DCA7-D382;Tynan;Penhall;Tynan Penhall;Male;22;Under 25;Some Travel;8;NY;White;Divorced;54371.00;3;No;2018-08-06;No;4;4;4;2;Technology;No Formal Qualifications;Information Systems;Data Scientist
1271;DCD4-C785;Ilysa;Cattroll;Ilysa Cattroll;Female;30;25-34;Some Travel;24;CA;Mixed or multiple ethnic groups;Single;38382.00;0;Yes;2014-10-02;No;8;7;8;0;Sales;Masters;Marketing;Sales Representative
1272;DCFE-F601;Bertram;Abrahami;Bertram Abrahami;Male;48;45-54;Some Travel;36;IL;White;Single;180561.00;0;No;2013-06-01;No;9;1;8;7;Technology;Bachelors;Information Systems;Senior Software Engineer
1273;DD00-92BB;Clementia;Beswick;Clementia Beswick;Non-Binary;19;Under 25;Some Travel;22;CA;White;Single;46813.00;0;No;2021-10-09;No;1;0;0;1;Sales;Masters;Marketing;Sales Executive
1274;DD04-BDF8;Kile;Notton;Kile Notton;Male;25;25-34;Some Travel;44;CA;Black or African American;Married;132102.00;1;No;2017-04-23;No;5;5;5;0;Human Resources;Masters;Economics;HR Executive
1275;DD1E-583D;Ashton;Lauga;Ashton Lauga;Male;24;Under 25;Some Travel;36;IL;Mixed or multiple ethnic groups;Married;29428.00;0;No;2017-03-02;No;5;5;5;0;Human Resources;Bachelors;Human Resources;Recruiter
1276;DD78-E811;Addy;Slimings;Addy Slimings;Female;38;35-44;Some Travel;25;CA;Asian or Asian American;Married;60549.00;1;No;2013-06-05;No;9;5;6;6;Technology;High School;Other;Data Scientist
1277;DDAC-D5FD;Ricoriki;Swiers;Ricoriki Swiers;Male;22;Under 25;Frequent Traveller;4;CA;White;Married;21854.00;1;No;2021-06-18;Yes;0;0;0;0;Technology;Bachelors;Information Systems;Data Scientist
1278;DDBF-9C79;Yelena;Stamp;Yelena Stamp;Female;26;25-34;Some Travel;10;CA;White;Single;93246.00;0;Yes;2021-06-25;Yes;1;0;0;0;Sales;Masters;Marketing;Sales Executive
1279;DE22-FB63;Audrey;Campbell;Audrey Campbell;Female;22;Under 25;Some Travel;2;CA;Mixed or multiple ethnic groups;Single;24422.00;0;No;2019-02-11;Yes;1;0;0;1;Technology;No Formal Qualifications;Information Systems;Software Engineer
1280;DE6C-86FC;Beitris;McIlwraith;Beitris McIlwraith;Non-Binary;43;35-44;Some Travel;31;NY;White;Married;130665.00;1;No;2013-12-10;No;9;6;9;6;Technology;Masters;Computer Science;Software Engineer
1281;DE7D-7757;Linea;Clifft;Linea Clifft;Female;23;Under 25;Some Travel;25;CA;Asian or Asian American;Divorced;25425.00;1;No;2019-08-13;No;3;1;3;2;Technology;High School;Other;Data Scientist
1282;DE9A-5E67;Mirabel;Scotter;Mirabel Scotter;Female;33;25-34;Some Travel;3;CA;White;Single;307688.00;0;No;2020-10-12;No;2;2;2;0;Technology;Masters;Computer Science;Engineering Manager
1283;DEB9-1BBF;Edna;Petrello;Edna Petrello;Female;30;25-34;Some Travel;32;NY;Asian or Asian American;Single;155259.00;0;No;2014-11-10;No;8;3;5;6;Technology;Masters;Computer Science;Software Engineer
1284;DEBE-1622;Bartolemo;Balma;Bartolemo Balma;Male;28;25-34;Frequent Traveller;22;CA;White;Single;205433.00;0;No;2012-04-02;Yes;4;1;2;1;Technology;Doctorate;Computer Science;Machine Learning Engineer
1285;DEC5-9319;Gasparo;Strewthers;Gasparo Strewthers;Male;23;Under 25;Some Travel;5;CA;Asian or Asian American;Single;63709.00;0;No;2017-04-14;Yes;1;0;0;0;Technology;Bachelors;Information Systems;Software Engineer
1286;DF11-9C46;Dulci;Sheryn;Dulci Sheryn;Female;32;25-34;Some Travel;2;CA;Mixed or multiple ethnic groups;Single;152314.00;0;Yes;2013-03-30;No;9;4;6;0;Technology;High School;Computer Science;Software Engineer
1287;DF5F-5ED9;Marilee;Moreton;Marilee Moreton;Female;46;45-54;No Travel;21;CA;Other;Married;281175.00;0;Yes;2014-06-02;No;8;1;2;2;Technology;No Formal Qualifications;Computer Science;Analytics Manager
1288;DF63-0D3C;Roda;Costin;Roda Costin;Female;28;25-34;Frequent Traveller;27;CA;White;Married;546549.00;1;No;2014-11-18;No;8;8;8;2;Technology;High School;Information Systems;Analytics Manager
1289;DF71-97FB;Carlyle;Tinghill;Carlyle Tinghill;Male;29;25-34;No Travel;12;IL;White;Married;62756.00;0;No;2014-05-14;No;8;3;5;8;Technology;Masters;Computer Science;Data Scientist
1290;DF7E-3233;Basil;Gother;Basil Gother;Male;47;45-54;Some Travel;23;CA;Black or African American;Married;44646.00;0;No;2014-12-02;No;8;5;5;4;Sales;Bachelors;Marketing;Sales Representative
1291;DF94-FD29;Shaughn;Wehden;Shaughn Wehden;Male;22;Under 25;Frequent Traveller;4;NY;White;Single;75816.00;0;No;2020-12-24;Yes;1;0;0;0;Sales;Masters;Marketing;Sales Executive
1292;DFA2-1B8F;Haily;Jordi;Haily Jordi;Male;28;25-34;Some Travel;10;NY;Mixed or multiple ethnic groups;Married;83864.00;2;No;2015-10-21;No;7;7;7;5;Sales;No Formal Qualifications;Marketing;Sales Executive
1293;DFA9-990E;Cale;Holston;Cale Holston;Male;43;35-44;No Travel;34;NY;White;Married;108315.00;2;No;2012-01-17;No;10;9;10;10;Sales;Masters;Marketing;Sales Executive
1294;DFDC-286C;Cate;Moggach;Cate Moggach;Female;22;Under 25;Some Travel;13;CA;White;Single;64364.00;0;No;2021-12-09;Yes;0;0;0;0;Technology;Masters;Information Systems;Machine Learning Engineer
1295;DFE3-6FA7;Eulalie;Critch;Eulalie Critch;Female;43;35-44;Frequent Traveller;5;CA;American Indian or Alaska Native;Single;350525.00;0;Yes;2012-05-27;Yes;9;3;9;6;Sales;Bachelors;Marketing;Sales Executive
1296;E071-137E;Isacco;Halden;Isacco Halden;Male;24;Under 25;Some Travel;17;IL;White;Married;63234.00;1;No;2020-01-08;No;2;1;2;2;Sales;High School;Marketing;Sales Representative
1297;E099-3FCC;Haywood;Ruprich;Haywood Ruprich;Male;28;25-34;Some Travel;15;NY;White;Married;83951.00;2;No;2015-02-12;No;7;3;6;5;Technology;Bachelors;Computer Science;Data Scientist
1298;E151-8C7D;Frederica;Crosthwaite;Frederica Crosthwaite;Female;25;25-34;Some Travel;24;NY;Mixed or multiple ethnic groups;Single;41243.00;0;Yes;2018-10-31;No;4;3;4;4;Technology;Masters;Other;Software Engineer
1299;E164-4C29;Venita;Rottery;Venita Rottery;Female;21;Under 25;No Travel;15;CA;White;Married;76482.00;1;No;2021-09-30;No;1;1;1;0;Sales;Masters;Marketing;Sales Executive
1300;E1B4-9AA1;Ashli;Hales;Ashli Hales;Female;46;45-54;Some Travel;36;CA;White;Married;96188.00;1;Yes;2012-04-26;Yes;9;8;9;5;Sales;Bachelors;Marketing;Sales Executive
1301;E1FE-67B5;Lothaire;Darlow;Lothaire Darlow;Non-Binary;25;25-34;Some Travel;8;CA;American Indian or Alaska Native;Single;126055.00;0;No;2018-06-17;No;4;4;4;2;Technology;Bachelors;Information Systems;Senior Software Engineer
1302;E210-F193;Karia;Bartunek;Karia Bartunek;Female;28;25-34;Some Travel;38;CA;White;Divorced;151229.00;1;No;2020-01-16;No;2;0;0;2;Technology;Bachelors;Computer Science;Machine Learning Engineer
1303;E267-D788;Tristan;Albro;Tristan Albro;Male;22;Under 25;Frequent Traveller;9;NY;White;Divorced;73389.00;3;No;2020-08-05;No;2;0;2;2;Technology;High School;Computer Science;Senior Software Engineer
1304;E268-61EB;Dorise;Rossant;Dorise Rossant;Female;21;Under 25;Some Travel;39;CA;Asian or Asian American;Married;54130.00;3;Yes;2019-02-06;Yes;2;1;1;2;Technology;Masters;Computer Science;Software Engineer
1305;E28D-424B;Buddie;Ainger;Buddie Ainger;Non-Binary;22;Under 25;Some Travel;5;NY;White;Single;64689.00;0;No;2020-01-19;Yes;1;1;1;1;Sales;No Formal Qualifications;Economics;Sales Executive
1306;E2A0-930A;Federica;Killiner;Federica Killiner;Female;21;Under 25;Some Travel;18;IL;White;Single;49374.00;0;No;2020-11-19;No;2;2;2;1;Sales;Masters;Economics;Sales Executive
1307;E324-1C33;Sybyl;Stevings;Sybyl Stevings;Female;38;35-44;Some Travel;9;CA;Asian or Asian American;Divorced;114713.00;2;No;2013-12-17;No;9;0;0;1;Sales;Masters;Economics;Sales Executive
1308;E348-E12B;Burnaby;Guillet;Burnaby Guillet;Male;36;35-44;No Travel;36;IL;White;Divorced;61298.00;1;Yes;2012-01-19;No;10;3;9;3;Technology;High School;Information Systems;Software Engineer
1309;E368-3CF3;Reinaldos;LAbbet;Reinaldos LAbbet;Male;18;Under 25;Some Travel;9;IL;White;Single;61582.00;0;No;2022-06-24;No;0;0;0;0;Sales;Masters;Marketing;Sales Representative
1310;E399-E4F6;Edan;Fechnie;Edan Fechnie;Male;24;Under 25;Some Travel;31;CA;American Indian or Alaska Native;Married;105502.00;2;No;2017-09-12;No;5;2;5;2;Sales;Masters;Marketing;Sales Executive
1311;E3B6-49F8;Ker;Rao;Ker Rao;Male;20;Under 25;Some Travel;23;NY;White;Single;33632.00;0;No;2022-09-28;Yes;0;0;0;0;Technology;Bachelors;Business Studies;Software Engineer
1312;E430-E462;Marvin;Switland;Marvin Switland;Male;28;25-34;Some Travel;38;IL;White;Married;194982.00;1;No;2015-05-25;No;7;2;7;2;Technology;Bachelors;Information Systems;Senior Software Engineer
1313;E442-1FEE;Nicoline;Rippon;Nicoline Rippon;Female;25;25-34;Frequent Traveller;36;CA;American Indian or Alaska Native;Single;31698.00;0;No;2017-02-13;No;5;5;5;2;Technology;High School;Information Systems;Data Scientist
1314;E442-5985;Bear;Bertolin;Bear Bertolin;Male;32;25-34;No Travel;5;CA;White;Married;124429.00;1;No;2022-09-13;No;0;0;0;0;Technology;Masters;Computer Science;Data Scientist
1315;E46A-3676;Kele;Halsworth;Kele Halsworth;Male;28;25-34;Some Travel;32;CA;White;Divorced;128222.00;2;No;2015-11-07;No;7;6;7;1;Sales;Masters;Marketing;Sales Executive
1316;E47D-E3C5;Kerry;Orrell;Kerry Orrell;Male;26;25-34;Some Travel;14;NY;Black or African American;Married;33180.00;1;Yes;2015-11-10;No;7;5;7;3;Technology;No Formal Qualifications;Computer Science;Software Engineer
1317;E480-FF03;Rod;Durston;Rod Durston;Male;22;Under 25;No Travel;13;CA;Mixed or multiple ethnic groups;Married;68629.00;1;No;2019-03-25;No;3;1;1;0;Technology;Doctorate;Computer Science;Senior Software Engineer
1318;E496-0D9E;Waldon;Heyball;Waldon Heyball;Male;26;25-34;Some Travel;11;CA;White;Single;63478.00;1;No;2022-08-31;No;0;0;0;0;Sales;Masters;Marketing;Sales Executive
1319;E4F4-11B9;Susanne;Wisam;Susanne Wisam;Female;29;25-34;Some Travel;19;NY;White;Single;122811.00;0;Yes;2012-02-27;Yes;2;1;1;1;Sales;High School;Marketing;Sales Executive
1320;E503-C500;Alexandro;De Pietri;Alexandro De Pietri;Male;28;25-34;Some Travel;39;NY;Black or African American;Single;81906.00;0;No;2015-06-04;No;7;4;4;1;Technology;Doctorate;Computer Science;Software Engineer
1321;E523-D168;Sheffield;Feldon;Sheffield Feldon;Male;27;25-34;Some Travel;42;CA;Other;Married;68638.00;0;Yes;2015-03-10;No;7;7;7;0;Sales;High School;Technical Degree;Sales Executive
1322;E529-A8FA;Julius;Smorfit;Julius Smorfit;Male;22;Under 25;Some Travel;11;CA;White;Single;22382.00;0;No;2021-12-12;No;1;0;1;1;Technology;Masters;Information Systems;Software Engineer
1323;E55D-FCA0;Emlynne;Spight;Emlynne Spight;Female;21;Under 25;Some Travel;11;NY;White;Married;42066.00;1;No;2019-09-13;No;3;3;3;1;Sales;No Formal Qualifications;Economics;Sales Representative
1324;E55E-9436;Wayland;McGlade;Wayland McGlade;Male;41;35-44;No Travel;34;CA;White;Single;326896.00;0;Yes;2020-02-03;Yes;2;1;1;1;Sales;Bachelors;Marketing;Sales Executive
1325;E5C1-B122;Camila;Hernik;Camila Hernik;Female;36;35-44;No Travel;33;NY;Asian or Asian American;Married;116057.00;1;No;2012-03-19;No;10;2;10;2;Sales;Masters;Marketing;Sales Executive
1326;E616-CAD8;Iseabal;Sabey;Iseabal Sabey;Female;27;25-34;Some Travel;1;IL;White;Single;200409.00;0;No;2015-09-17;No;7;5;6;1;Technology;Bachelors;Information Systems;Engineering Manager
1327;E62F-4FF7;Port;Lording;Port Lording;Male;27;25-34;Some Travel;27;CA;Mixed or multiple ethnic groups;Married;92522.00;0;No;2015-02-22;No;7;4;5;2;Technology;Masters;Information Systems;Machine Learning Engineer
1328;E676-215C;Fiorenze;Arcase;Fiorenze Arcase;Female;21;Under 25;No Travel;21;CA;White;Married;69402.00;1;No;2019-01-14;No;3;1;3;0;Sales;Bachelors;Marketing;Sales Executive
1329;E681-7B57;Durant;Ratley;Durant Ratley;Male;18;Under 25;Frequent Traveller;26;CA;White;Single;31532.00;0;No;2022-05-22;Yes;0;0;0;0;Technology;High School;Information Systems;Data Scientist
1330;E6C8-D659;Orazio;Alejandri;Orazio Alejandri;Male;31;25-34;Some Travel;11;CA;White;Divorced;155386.00;3;No;2020-09-26;No;2;1;2;1;Sales;Bachelors;Marketing;Sales Executive
1331;E6D9-ADEE;Jenifer;Jarvis;Jenifer Jarvis;Female;20;Under 25;No Travel;45;CA;White;Divorced;28262.00;1;No;2020-08-29;Yes;1;0;0;0;Technology;High School;Computer Science;Software Engineer
1332;E6F7-EF68;Joaquin;Bockmann;Joaquin Bockmann;Male;22;Under 25;Some Travel;32;NY;Mixed or multiple ethnic groups;Married;52318.00;1;No;2018-06-14;No;4;4;4;0;Sales;Bachelors;Marketing;Sales Executive
1333;E72B-64FA;Elnar;Elsby;Elnar Elsby;Male;41;35-44;Some Travel;7;NY;Asian or Asian American;Divorced;273211.00;2;No;2018-10-20;No;4;3;4;3;Technology;Masters;Information Systems;Engineering Manager
1334;E73A-F20A;Antonino;Woodhams;Antonino Woodhams;Male;33;25-34;Frequent Traveller;30;CA;White;Married;200350.00;1;No;2017-10-22;No;5;3;5;0;Technology;High School;Computer Science;Machine Learning Engineer
1335;E7A6-33A3;Amye;Townes;Amye Townes;Female;38;35-44;Some Travel;39;IL;White;Married;83590.00;1;No;2012-02-23;No;10;2;3;9;Technology;Masters;Information Systems;Data Scientist
1336;E7D3-03C9;Whitman;Schruyers;Whitman Schruyers;Male;42;35-44;Some Travel;26;CA;White;Single;91179.00;0;No;2012-05-30;No;10;7;9;0;Sales;Masters;Marketing;Sales Executive
1337;E7F5-0AD1;Walden;Skuce;Walden Skuce;Male;24;Under 25;Some Travel;16;CA;Asian or Asian American;Married;55814.00;2;No;2017-03-21;No;5;3;4;3;Technology;No Formal Qualifications;Computer Science;Machine Learning Engineer
1338;E81C-A653;Letta;Leyban;Letta Leyban;Female;27;25-34;Some Travel;34;CA;White;Married;129366.00;1;No;2016-11-17;No;6;0;5;0;Sales;High School;Marketing;Sales Executive
1339;E861-52CB;Whitney;Latore;Whitney Latore;Male;26;25-34;Some Travel;37;CA;White;Single;192073.00;1;No;2022-02-21;No;0;0;0;0;Technology;Bachelors;Information Systems;Analytics Manager
1340;E899-A860;Freedman;Meehan;Freedman Meehan;Male;31;25-34;Some Travel;10;CA;Black or African American;Single;110076.00;0;Yes;2014-12-23;No;8;5;8;6;Sales;Bachelors;Marketing;Sales Executive
1341;E8B6-8BAE;Stevie;Kinglesyd;Stevie Kinglesyd;Male;29;25-34;Some Travel;18;IL;White;Single;225330.00;0;No;2022-03-02;Yes;0;0;0;0;Sales;High School;Economics;Sales Executive
1342;E8D3-CABA;Georg;Nunnery;Georg Nunnery;Male;20;Under 25;Some Travel;37;CA;White;Married;35654.00;2;No;2020-02-27;No;2;2;2;1;Technology;Masters;Computer Science;Data Scientist
1343;E8EF-FA89;Melvin;Bansal;Melvin Bansal;Male;24;Under 25;Some Travel;33;CA;White;Married;81974.00;3;No;2019-04-12;No;3;1;1;1;Technology;Bachelors;Computer Science;Machine Learning Engineer
1344;E8F5-C47D;Jayne;Mickleburgh;Jayne Mickleburgh;Female;30;25-34;Some Travel;19;NY;Mixed or multiple ethnic groups;Married;97153.00;1;No;2012-03-25;No;10;5;6;9;Human Resources;Bachelors;Human Resources;HR Executive
1345;E911-EAF3;Bell;Paolacci;Bell Paolacci;Female;24;Under 25;Some Travel;25;NY;White;Divorced;26973.00;3;No;2022-01-10;No;0;0;0;0;Technology;No Formal Qualifications;Information Systems;Data Scientist
1346;E927-46D7;Shandeigh;Lindores;Shandeigh Lindores;Female;22;Under 25;Some Travel;14;CA;White;Married;28989.00;1;No;2019-09-09;No;3;2;2;3;Technology;High School;Computer Science;Data Scientist
1347;E9AB-3F99;Babb;Rosas;Babb Rosas;Prefer Not To Say;45;45-54;Some Travel;5;CA;White;Single;241664.00;0;No;2021-03-27;No;1;1;1;0;Technology;Masters;Computer Science;Machine Learning Engineer
1348;E9B9-3944;Tobit;Lowry;Tobit Lowry;Male;42;35-44;Some Travel;5;NY;Mixed or multiple ethnic groups;Single;47461.00;0;No;2012-05-05;No;10;4;7;5;Technology;No Formal Qualifications;Computer Science;Data Scientist
1349;E9D9-787A;Lyn;Walczynski;Lyn Walczynski;Male;26;25-34;Some Travel;20;NY;White;Married;207687.00;1;Yes;2017-09-08;No;5;0;5;4;Technology;No Formal Qualifications;Computer Science;Senior Software Engineer
1350;EA37-AE5E;Freda;Bartolijn;Freda Bartolijn;Female;23;Under 25;Some Travel;5;IL;White;Married;69678.00;1;No;2018-04-04;No;4;0;0;2;Sales;Bachelors;Marketing;Sales Executive
1351;EA3A-E005;Reinhold;Bradane;Reinhold Bradane;Male;24;Under 25;Some Travel;30;CA;White;Single;26363.00;0;No;2016-07-24;No;6;6;6;2;Technology;Bachelors;Business Studies;Software Engineer
1352;EAB1-2EB2;Giacinta;Keasey;Giacinta Keasey;Female;21;Under 25;Some Travel;8;CA;American Indian or Alaska Native;Single;36534.00;0;No;2019-05-24;Yes;0;0;0;0;Technology;Bachelors;Business Studies;Data Scientist
1353;EACC-D1F6;Garth;Gove;Garth Gove;Male;25;25-34;Some Travel;20;CA;White;Married;27673.00;2;Yes;2017-05-05;Yes;3;2;3;1;Technology;Bachelors;Computer Science;Data Scientist
1354;EB4F-4D97;Lynnelle;Peizer;Lynnelle Peizer;Female;25;25-34;Some Travel;20;NY;Mixed or multiple ethnic groups;Married;43438.00;1;Yes;2015-01-29;No;7;7;7;3;Technology;High School;Computer Science;Software Engineer
1355;EB66-D679;Pryce;Bode;Pryce Bode;Male;20;Under 25;Some Travel;8;CA;White;Divorced;27060.00;1;Yes;2022-01-04;Yes;0;0;0;0;Sales;Bachelors;Marketing;Sales Representative
1356;EB81-3E51;Laetitia;Muccino;Laetitia Muccino;Female;41;35-44;Some Travel;18;CA;Mixed or multiple ethnic groups;Married;268964.00;1;No;2019-07-01;Yes;3;1;1;0;Technology;Masters;Information Systems;Senior Software Engineer
1357;EB8F-204D;Ingram;Franciskiewicz;Ingram Franciskiewicz;Male;26;25-34;Some Travel;5;CA;White;Divorced;49045.00;1;No;2016-01-13;Yes;1;0;0;0;Technology;Bachelors;Other;Data Scientist
1358;EBBD-37D4;Bonni;Coal;Bonni Coal;Non-Binary;35;35-44;Some Travel;26;CA;Black or African American;Single;98435.00;0;No;2012-04-23;No;10;7;9;9;Sales;Masters;Marketing;Sales Executive
1359;EBF4-5928;Rudolph;MacDearmont;Rudolph MacDearmont;Male;21;Under 25;Some Travel;4;CA;Black or African American;Single;63375.00;0;No;2022-12-30;No;0;0;0;0;Sales;Masters;Marketing;Sales Executive
1360;EC4D-D0F3;Camilla;Caistor;Camilla Caistor;Female;28;25-34;Some Travel;31;NY;White;Married;96807.00;1;No;2020-11-12;No;2;1;2;0;Human Resources;Bachelors;Human Resources;HR Executive
1361;EC6A-DD76;Meade;Malthouse;Meade Malthouse;Female;20;Under 25;Frequent Traveller;31;NY;White;Single;37361.00;0;No;2021-09-13;Yes;0;0;0;0;Technology;Bachelors;Information Systems;Data Scientist
1362;EC6E-7F42;Art;Brisseau;Art Brisseau;Male;42;35-44;Frequent Traveller;28;NY;White;Married;264513.00;0;No;2020-07-08;Yes;1;0;0;1;Technology;Bachelors;Computer Science;Senior Software Engineer
1363;ECC7-B638;Patrice;Boorman;Patrice Boorman;Male;24;Under 25;Frequent Traveller;44;NY;Black or African American;Married;41741.00;1;No;2018-07-20;No;4;0;1;0;Sales;Bachelors;Marketing;Sales Executive
1364;ECD4-3FF7;Kenyon;Fawltey;Kenyon Fawltey;Male;19;Under 25;Some Travel;15;CA;White;Single;58408.00;1;Yes;2022-05-31;No;0;0;0;0;Technology;Bachelors;Computer Science;Data Scientist
1365;ECDA-E9F0;Conway;Huntall;Conway Huntall;Male;21;Under 25;No Travel;20;CA;White;Married;55170.00;1;No;2022-02-18;No;0;0;0;0;Technology;No Formal Qualifications;Business Studies;Machine Learning Engineer
1366;ED49-73D3;Carita;Frazier;Carita Frazier;Female;28;25-34;Some Travel;18;IL;White;Single;134427.00;0;Yes;2013-08-28;No;9;9;9;2;Sales;Masters;Marketing;Sales Executive
1367;ED5D-E9D8;Leigh;Parker;Leigh Parker;Female;28;25-34;Some Travel;32;CA;Mixed or multiple ethnic groups;Married;52528.00;0;No;2014-07-02;No;8;2;4;6;Sales;No Formal Qualifications;Economics;Sales Representative
1368;ED6C-4287;Bette;Veevers;Bette Veevers;Female;27;25-34;Some Travel;39;CA;White;Divorced;88122.00;1;No;2021-08-11;No;1;0;1;1;Technology;Bachelors;Computer Science;Senior Software Engineer
1369;ED73-F078;Ernaline;Napolione;Ernaline Napolione;Female;45;45-54;Frequent Traveller;19;NY;Asian or Asian American;Married;136521.00;1;No;2012-01-18;No;10;3;6;1;Technology;No Formal Qualifications;Computer Science;Software Engineer
1370;EDC5-6FB7;Sibelle;Hanse;Sibelle Hanse;Female;35;35-44;Some Travel;36;CA;Black or African American;Single;396470.00;0;No;2019-03-22;No;3;3;3;2;Sales;Masters;Marketing;Manager
1371;EDF2-2659;Robena;Oris;Robena Oris;Female;25;25-34;Some Travel;21;CA;White;Divorced;64398.00;3;No;2017-07-27;No;5;2;3;3;Technology;No Formal Qualifications;Information Systems;Senior Software Engineer
1372;EE04-1533;Doralynne;Giacoboni;Doralynne Giacoboni;Female;47;45-54;Frequent Traveller;19;CA;American Indian or Alaska Native;Married;46684.00;1;No;2013-01-12;No;9;4;9;3;Sales;Bachelors;Technical Degree;Sales Representative
1373;EE12-1C73;Phyllis;Wiles;Phyllis Wiles;Female;21;Under 25;Some Travel;17;NY;White;Single;44940.00;0;No;2019-10-07;No;3;3;3;0;Technology;Bachelors;Computer Science;Senior Software Engineer
1374;EE39-C8F2;Jaclin;Chadburn;Jaclin Chadburn;Female;47;45-54;Some Travel;17;NY;White;Married;46514.00;2;No;2012-02-12;No;10;9;9;2;Technology;High School;Computer Science;Software Engineer
1375;EE63-4E57;Margalo;Pettwood;Margalo Pettwood;Female;24;Under 25;Frequent Traveller;26;CA;White;Single;133949.00;0;No;2016-10-26;No;6;4;6;6;Technology;Masters;Business Studies;Senior Software Engineer
1376;EE7E-F5AC;Nonna;Bagnold;Nonna Bagnold;Female;23;Under 25;Some Travel;19;CA;White;Single;27185.00;0;No;2018-01-30;No;4;4;4;0;Sales;Bachelors;Other;Sales Representative
1377;EE91-1A9C;Harley;Dalliwater;Harley Dalliwater;Male;25;25-34;Some Travel;22;IL;Black or African American;Married;21350.00;0;Yes;2016-10-27;Yes;5;3;3;2;Technology;Bachelors;Information Systems;Data Scientist
1378;EEA0-C109;Silvan;Bratcher;Silvan Bratcher;Male;26;25-34;Some Travel;3;NY;White;Married;56892.00;0;No;2015-09-29;No;7;1;3;3;Sales;No Formal Qualifications;Marketing;Sales Executive
1379;EEFC-DEC7;Ezri;Cours;Ezri Cours;Male;44;35-44;Some Travel;4;NY;Black or African American;Divorced;85523.00;1;Yes;2014-08-18;Yes;8;0;4;1;Technology;Masters;Other;Data Scientist
1380;EF95-30A5;Gregoire;Bilbrook;Gregoire Bilbrook;Male;23;Under 25;Some Travel;37;CA;White;Single;57603.00;0;No;2019-09-18;No;3;0;1;1;Technology;Masters;Business Studies;Senior Software Engineer
1381;EFA2-B2D0;Liz;Durnford;Liz Durnford;Female;21;Under 25;Some Travel;2;CA;White;Single;31254.00;0;No;2019-08-25;No;3;0;1;1;Technology;High School;Other;Data Scientist
1382;EFB8-ED99;Jilli;Allsupp;Jilli Allsupp;Female;24;Under 25;Some Travel;16;CA;White;Single;43158.00;0;Yes;2017-01-29;No;5;0;5;5;Sales;High School;Marketing;Sales Executive
1383;EFF6-9543;Arvin;Brody;Arvin Brody;Male;21;Under 25;Some Travel;36;CA;White;Single;36431.00;0;No;2022-04-10;No;0;0;0;0;Technology;High School;Computer Science;Software Engineer
1384;F062-0B8F;Caty;Avarne;Caty Avarne;Female;29;25-34;Some Travel;25;CA;Black or African American;Single;374977.00;1;No;2022-11-03;No;0;0;0;0;Technology;High School;Information Systems;Analytics Manager
1385;F0C3-4859;Lenka;Ciotti;Lenka Ciotti;Non-Binary;21;Under 25;Some Travel;37;IL;White;Married;41476.00;1;Yes;2020-03-03;Yes;0;0;0;0;Technology;Bachelors;Information Systems;Software Engineer
1386;F126-8059;Wally;Dowse;Wally Dowse;Male;23;Under 25;Some Travel;23;NY;White;Divorced;53590.00;2;No;2020-10-13;No;2;0;2;0;Sales;Masters;Marketing;Sales Executive
1387;F1A4-58F5;Blake;Duffrie;Blake Duffrie;Male;19;Under 25;Some Travel;21;CA;White;Single;71551.00;1;Yes;2022-07-01;No;0;0;0;0;Technology;No Formal Qualifications;Computer Science;Senior Software Engineer
1388;F1A8-7140;Robinet;Nation;Robinet Nation;Male;24;Under 25;Some Travel;7;NY;White;Single;121470.00;0;No;2019-10-31;No;3;2;2;3;Technology;Bachelors;Other;Machine Learning Engineer
1389;F1B6-31B7;Idette;Connett;Idette Connett;Female;25;25-34;Some Travel;31;CA;Mixed or multiple ethnic groups;Married;48797.00;2;No;2018-04-28;No;4;2;4;4;Human Resources;Bachelors;Marketing;HR Executive
1390;F1BD-033D;Robb;McGeechan;Robb McGeechan;Male;25;25-34;Some Travel;21;CA;Mixed or multiple ethnic groups;Married;46362.00;1;Yes;2016-03-15;No;6;0;4;5;Technology;Doctorate;Information Systems;Software Engineer
1391;F20A-F424;Basia;Goodswen;Basia Goodswen;Female;27;25-34;Frequent Traveller;4;NY;White;Married;27550.00;1;No;2016-02-09;No;6;6;6;5;Technology;Bachelors;Other;Data Scientist
1392;F220-AAA6;Caspar;Edgley;Caspar Edgley;Male;22;Under 25;Some Travel;42;CA;White;Married;51272.00;1;Yes;2021-03-26;No;1;0;0;1;Technology;Masters;Business Studies;Software Engineer
1393;F245-F338;Jamie;Lavery;Jamie Lavery;Female;18;Under 25;Frequent Traveller;26;CA;White;Single;62054.00;2;No;2022-06-21;No;0;0;0;0;Sales;Bachelors;Economics;Sales Executive
1394;F265-79B0;Glenda;Peacock;Glenda Peacock;Female;37;35-44;Frequent Traveller;14;CA;Mixed or multiple ethnic groups;Married;99936.00;1;No;2012-05-01;No;10;9;10;6;Technology;Masters;Computer Science;Machine Learning Engineer
1395;F2BA-F63A;Delbert;Holby;Delbert Holby;Male;21;Under 25;Some Travel;21;IL;Black or African American;Married;33641.00;2;No;2019-05-20;No;3;0;3;1;Sales;Masters;Marketing;Sales Representative
1396;F33A-9C7F;Paloma;Thornton;Paloma Thornton;Female;42;35-44;Some Travel;38;IL;White;Married;392379.00;1;No;2021-11-17;No;1;1;1;1;Technology;Masters;Computer Science;Analytics Manager
1397;F346-3882;Algernon;Crudginton;Algernon Crudginton;Male;35;35-44;Some Travel;31;CA;White;Divorced;200802.00;3;No;2021-09-26;No;1;0;1;0;Sales;High School;Marketing;Sales Executive
1398;F3A3-10CE;Jesus;Marde;Jesus Marde;Male;40;35-44;Some Travel;37;CA;White;Single;226512.00;0;Yes;2020-10-08;Yes;2;1;1;1;Sales;Masters;Marketing;Sales Executive
1399;F3AE-DEF2;Vern;Foord;Vern Foord;Male;20;Under 25;Frequent Traveller;39;CA;White;Single;42308.00;0;No;2021-07-07;No;1;1;1;0;Technology;Bachelors;Information Systems;Machine Learning Engineer
1400;F3CD-9B5B;Timothee;MacFadyen;Timothee MacFadyen;Male;29;25-34;Some Travel;12;IL;Asian or Asian American;Married;97794.00;0;No;2013-05-30;Yes;2;0;1;0;Sales;High School;Marketing;Sales Representative
1401;F3D0-41D1;Raddie;Broodes;Raddie Broodes;Male;20;Under 25;Some Travel;34;CA;White;Single;22925.00;0;Yes;2021-06-13;Yes;1;0;0;0;Technology;Masters;Computer Science;Software Engineer
1402;F401-1B75;Nevins;Forst;Nevins Forst;Non-Binary;27;25-34;Some Travel;5;NY;White;Married;26542.00;1;No;2015-10-05;No;7;1;7;5;Technology;High School;Computer Science;Software Engineer
1403;F430-0404;Randie;Mouth;Randie Mouth;Female;32;25-34;No Travel;23;CA;Asian or Asian American;Divorced;237749.00;1;No;2013-07-19;No;9;1;6;6;Sales;Masters;Economics;Sales Executive
1404;F45B-1442;Eddy;Dallaway;Eddy Dallaway;Male;29;25-34;Some Travel;41;NY;White;Married;142773.00;0;Yes;2022-07-16;No;0;0;0;0;Human Resources;Bachelors;Human Resources;HR Executive
1405;F469-0427;Krissie;Albery;Krissie Albery;Female;19;Under 25;Frequent Traveller;31;NY;White;Single;36832.00;1;Yes;2022-02-20;Yes;0;0;0;0;Human Resources;Masters;Marketing;Recruiter
1406;F4A3-2126;Dunn;Barthrop;Dunn Barthrop;Male;24;Under 25;Some Travel;16;CA;Asian or Asian American;Single;29128.00;0;Yes;2019-07-31;Yes;0;0;0;0;Sales;High School;Marketing;Sales Representative
1407;F4D2-F6F2;Vi;Khadir;Vi Khadir;Female;47;45-54;Some Travel;8;CA;Asian or Asian American;Married;287710.00;1;No;2014-01-05;No;8;8;8;5;Technology;Bachelors;Computer Science;Engineering Manager
1408;F523-1135;Derrik;Seage;Derrik Seage;Male;29;25-34;Frequent Traveller;17;NY;Black or African American;Divorced;129703.00;3;No;2013-04-25;No;9;6;6;3;Technology;High School;Computer Science;Machine Learning Engineer
1409;F532-0DAF;Byrle;Fright;Byrle Fright;Male;22;Under 25;Some Travel;24;CA;White;Married;44076.00;1;No;2020-11-08;No;2;1;1;1;Technology;Bachelors;Information Systems;Software Engineer
1410;F546-D965;Candice;Libreros;Candice Libreros;Female;23;Under 25;Some Travel;34;NY;White;Single;88382.00;0;No;2019-11-01;No;3;1;3;1;Sales;High School;Economics;Sales Executive
1411;F573-D043;Alice;Brabon;Alice Brabon;Female;22;Under 25;Some Travel;16;CA;White;Single;70202.00;0;No;2021-04-08;No;1;0;0;0;Sales;Bachelors;Marketing;Sales Executive
1412;F578-F0C8;Domeniga;Killock;Domeniga Killock;Female;21;Under 25;Some Travel;6;CA;White;Married;25149.00;0;No;2020-11-03;Yes;1;1;1;1;Technology;Doctorate;Business Studies;Software Engineer
1413;F58A-302D;Travers;Outhwaite;Travers Outhwaite;Male;26;25-34;Some Travel;17;IL;Black or African American;Divorced;290774.00;1;No;2016-11-05;No;6;5;5;3;Sales;Masters;Economics;Manager
1414;F5B1-A266;Arly;Fleetham;Arly Fleetham;Female;22;Under 25;Some Travel;34;CA;White;Married;36677.00;1;No;2021-07-09;No;1;0;1;1;Technology;No Formal Qualifications;Computer Science;Software Engineer
1415;F5C3-07B0;Vitia;Southall;Vitia Southall;Female;26;25-34;Some Travel;16;IL;White;Divorced;25110.00;2;No;2015-09-03;No;7;1;5;0;Technology;Bachelors;Computer Science;Software Engineer
1416;F5CC-33FA;Ilario;Stearne;Ilario Stearne;Male;25;25-34;Some Travel;30;CA;White;Married;106738.00;1;No;2016-04-02;No;6;4;5;2;Sales;Masters;Marketing;Sales Executive
1417;F5E3-48BB;Zenia;Rattery;Zenia Rattery;Female;25;25-34;Frequent Traveller;3;CA;American Indian or Alaska Native;Married;23547.00;0;No;2015-01-13;Yes;3;0;2;1;Human Resources;Bachelors;Human Resources;Recruiter
1418;F60C-4888;Erin;Pickavance;Erin Pickavance;Female;36;35-44;Frequent Traveller;6;CA;Asian or Asian American;Single;51050.00;0;Yes;2014-08-05;No;8;6;7;2;Technology;Masters;Information Systems;Data Scientist
1419;F662-DEA5;Morley;Dmitriev;Morley Dmitriev;Male;38;35-44;Some Travel;18;CA;Black or African American;Married;89362.00;0;No;2013-03-01;No;9;3;9;7;Technology;High School;Information Systems;Data Scientist
1420;F72A-48DD;Ryley;Piche;Ryley Piche;Non-Binary;23;Under 25;Some Travel;7;CA;White;Single;27360.00;0;No;2019-03-11;No;3;2;3;3;Technology;No Formal Qualifications;Information Systems;Data Scientist
1421;F72B-49FF;Gerianne;Tidbold;Gerianne Tidbold;Female;36;35-44;Some Travel;14;CA;American Indian or Alaska Native;Married;251681.00;1;No;2018-08-12;No;4;2;3;3;Technology;Bachelors;Business Studies;Machine Learning Engineer
1422;F72D-261D;Giustino;Boyan;Giustino Boyan;Male;28;25-34;Frequent Traveller;5;NY;Mixed or multiple ethnic groups;Single;76133.00;0;Yes;2014-01-06;Yes;1;0;1;0;Technology;Bachelors;Information Systems;Data Scientist
1423;F749-A0E8;Marie;Klehn;Marie Klehn;Female;19;Under 25;Some Travel;26;CA;White;Single;66119.00;0;No;2022-06-12;No;0;0;0;0;Technology;Masters;Information Systems;Software Engineer
1424;F7B0-E6B2;Tarrance;Reidshaw;Tarrance Reidshaw;Male;24;Under 25;Frequent Traveller;15;IL;White;Divorced;63078.00;1;No;2017-07-17;No;5;5;5;2;Technology;High School;Computer Science;Data Scientist
1425;F80F-29CB;Dalton;Liddicoat;Dalton Liddicoat;Male;23;Under 25;Some Travel;5;CA;White;Divorced;77420.00;2;No;2018-10-24;No;4;4;4;3;Technology;High School;Other;Machine Learning Engineer
1426;F838-C681;Shay;Casburn;Shay Casburn;Male;32;25-34;Some Travel;22;IL;Black or African American;Married;72688.00;1;No;2013-05-06;No;9;3;3;8;Technology;Masters;Business Studies;Software Engineer
1427;F83C-CA1D;Durante;Heap;Durante Heap;Male;21;Under 25;Some Travel;16;CA;White;Single;22515.00;0;Yes;2019-12-05;Yes;1;0;0;0;Technology;No Formal Qualifications;Information Systems;Software Engineer
1428;F852-C94D;Arni;Maciunas;Arni Maciunas;Male;21;Under 25;Some Travel;43;NY;White;Single;47553.00;0;No;2021-10-01;No;1;1;1;0;Sales;Bachelors;Marketing;Sales Executive
1429;F877-3BF9;Cozmo;Duncklee;Cozmo Duncklee;Non-Binary;21;Under 25;Frequent Traveller;29;CA;White;Single;61345.00;0;No;2020-08-07;Yes;1;0;0;0;Technology;Masters;Information Systems;Software Engineer
1430;F890-975A;Hynda;Stonehouse;Hynda Stonehouse;Female;48;45-54;Some Travel;35;CA;Mixed or multiple ethnic groups;Divorced;314656.00;1;No;2013-07-09;No;9;7;8;3;Technology;High School;Information Systems;Engineering Manager
1431;F8D4-3CAB;Lynda;Robken;Lynda Robken;Non-Binary;23;Under 25;Some Travel;45;CA;White;Married;99052.00;2;No;2018-05-25;No;4;3;4;2;Human Resources;Bachelors;Marketing;HR Executive
1432;F93D-CB5A;Zondra;Duigenan;Zondra Duigenan;Female;40;35-44;Some Travel;26;CA;Mixed or multiple ethnic groups;Single;120858.00;0;No;2012-04-29;No;10;9;9;8;Technology;Bachelors;Information Systems;Senior Software Engineer
1433;F93E-BDEF;Rodolfo;Askem;Rodolfo Askem;Male;43;35-44;Some Travel;17;CA;Black or African American;Single;130848.00;0;Yes;2014-02-09;No;8;8;8;8;Technology;Masters;Information Systems;Machine Learning Engineer
1434;F961-5A03;Alejandrina;Pea;Alejandrina Pea;Female;27;25-34;No Travel;12;CA;White;Single;105398.00;0;No;2015-07-31;No;7;1;7;4;Technology;No Formal Qualifications;Computer Science;Machine Learning Engineer
1435;F968-671C;Eugene;Benstead;Eugene Benstead;Male;27;25-34;Frequent Traveller;16;CA;White;Single;50559.00;0;No;2015-04-14;Yes;6;0;5;5;Sales;Bachelors;Technical Degree;Sales Executive
1436;F98B-61B3;Candis;Defew;Candis Defew;Female;36;35-44;Some Travel;17;CA;Asian or Asian American;Single;72118.00;0;No;2014-03-04;No;8;7;7;8;Technology;Bachelors;Computer Science;Data Scientist
1437;F991-17F5;Kalila;Bengochea;Kalila Bengochea;Female;28;25-34;Some Travel;43;CA;White;Married;89527.00;1;Yes;2021-11-21;No;1;1;1;1;Technology;Masters;Information Systems;Software Engineer
1438;F997-FE6C;Meryl;Slucock;Meryl Slucock;Female;40;35-44;Some Travel;17;NY;White;Married;41601.00;0;No;2013-03-08;No;9;8;9;8;Technology;No Formal Qualifications;Information Systems;Software Engineer
1439;F9B6-C80B;Veronica;Farlham;Veronica Farlham;Female;43;35-44;Some Travel;10;CA;White;Divorced;43211.00;1;No;2012-05-12;No;10;2;6;9;Technology;Bachelors;Computer Science;Software Engineer
1440;F9BA-C7C8;Celina;Pawlata;Celina Pawlata;Female;23;Under 25;Some Travel;12;NY;White;Married;27347.00;1;No;2020-02-07;No;2;0;0;0;Technology;Bachelors;Computer Science;Data Scientist
1441;F9C6-39E2;Cassandra;Udden;Cassandra Udden;Female;48;45-54;Some Travel;4;NY;Black or African American;Single;55880.00;0;No;2014-11-19;No;8;1;6;5;Sales;Bachelors;Marketing;Sales Representative
1442;F9D2-5579;Nancie;Storck;Nancie Storck;Female;21;Under 25;Frequent Traveller;17;CA;White;Married;49516.00;1;No;2021-12-25;No;1;1;1;0;Technology;High School;Information Systems;Senior Software Engineer
1443;F9E1-87E9;Briana;Bubeer;Briana Bubeer;Female;33;25-34;No Travel;41;NY;Mixed or multiple ethnic groups;Single;193190.00;0;Yes;2014-04-22;No;8;0;3;4;Sales;High School;Economics;Sales Executive
1444;FA48-B743;Jorie;Ockland;Jorie Ockland;Non-Binary;21;Under 25;Frequent Traveller;29;IL;Asian or Asian American;Divorced;64887.00;1;No;2019-01-03;No;3;3;3;0;Technology;Bachelors;Computer Science;Data Scientist
1445;FAB0-2FF2;Lola;Gatecliffe;Lola Gatecliffe;Female;22;Under 25;Some Travel;45;NY;Asian or Asian American;Divorced;80975.00;3;No;2018-09-15;No;4;4;4;1;Technology;Bachelors;Information Systems;Senior Software Engineer
1446;FAC0-942B;Darbee;Larmor;Darbee Larmor;Male;32;25-34;Some Travel;30;CA;Black or African American;Married;48377.00;1;Yes;2014-12-21;No;8;5;5;6;Technology;Masters;Computer Science;Software Engineer
1447;FAD6-EAA3;Cyrill;Cowle;Cyrill Cowle;Male;23;Under 25;Some Travel;27;CA;Mixed or multiple ethnic groups;Divorced;47046.00;2;Yes;2019-03-03;No;3;2;2;1;Technology;Masters;Information Systems;Machine Learning Engineer
1448;FADC-21F2;Barbra;Lanceter;Barbra Lanceter;Female;24;Under 25;No Travel;25;CA;White;Married;40342.00;1;Yes;2019-06-08;No;3;2;3;1;Technology;High School;Computer Science;Data Scientist
1449;FADE-8191;Venita;MacCague;Venita MacCague;Non-Binary;28;25-34;Some Travel;42;NY;White;Married;85987.00;1;No;2020-07-20;No;2;0;1;0;Technology;Masters;Computer Science;Data Scientist
1450;FB1D-5A51;Allys;Ruberry;Allys Ruberry;Female;23;Under 25;Some Travel;29;CA;Mixed or multiple ethnic groups;Divorced;25500.00;1;No;2017-08-12;No;5;5;5;3;Technology;Bachelors;Information Systems;Software Engineer
1451;FB1F-9947;Gerianne;Redhouse;Gerianne Redhouse;Female;23;Under 25;Some Travel;4;IL;White;Divorced;106418.00;1;Yes;2018-10-20;No;4;0;3;0;Technology;Bachelors;Business Studies;Machine Learning Engineer
1452;FB4B-067E;Adan;Sunderland;Adan Sunderland;Female;31;25-34;Some Travel;42;NY;White;Married;442820.00;0;Yes;2017-12-15;No;5;1;2;2;Technology;Bachelors;Computer Science;Engineering Manager
1453;FB5B-C127;Ameline;Hawton;Ameline Hawton;Female;25;25-34;Some Travel;42;CA;Native Hawaiian;Married;70068.00;2;No;2015-12-29;No;7;4;6;7;Technology;Bachelors;Computer Science;Software Engineer
1454;FB6A-3F11;Ophelia;Cosby;Ophelia Cosby;Female;22;Under 25;Frequent Traveller;21;CA;Mixed or multiple ethnic groups;Married;34193.00;0;No;2018-04-29;No;4;2;4;3;Technology;No Formal Qualifications;Information Systems;Data Scientist
1455;FBAF-649F;Mathilda;Franchi;Mathilda Franchi;Female;19;Under 25;Some Travel;33;NY;White;Single;53571.00;0;Yes;2022-07-16;No;0;0;0;0;Technology;Bachelors;Information Systems;Machine Learning Engineer
1456;FBC2-C5FA;Hillel;Quenby;Hillel Quenby;Male;44;35-44;Some Travel;4;IL;Mixed or multiple ethnic groups;Married;74172.00;2;No;2013-11-26;No;9;8;9;9;Technology;Bachelors;Computer Science;Data Scientist
1457;FBED-F86B;Karylin;Aphale;Karylin Aphale;Female;29;25-34;Frequent Traveller;12;IL;Mixed or multiple ethnic groups;Single;72057.00;0;No;2014-11-27;No;8;8;8;3;Technology;Bachelors;Information Systems;Software Engineer
1458;FC24-43F6;Stevana;Djorvic;Stevana Djorvic;Female;26;25-34;Some Travel;33;CA;Black or African American;Married;34805.00;0;No;2017-10-21;No;5;5;5;0;Technology;Bachelors;Computer Science;Data Scientist
1459;FC2A-4F21;Torre;Blazynski;Torre Blazynski;Male;32;25-34;Some Travel;14;CA;White;Married;173656.00;2;No;2022-07-26;No;0;0;0;0;Sales;Bachelors;Economics;Sales Executive
1460;FC47-1953;Barby;Plaid;Barby Plaid;Female;25;25-34;Frequent Traveller;15;CA;Black or African American;Married;31931.00;1;No;2016-04-21;No;6;1;1;3;Technology;Masters;Other;Data Scientist
1461;FD0B-7B0A;Melessa;Eyres;Melessa Eyres;Female;27;25-34;Some Travel;21;CA;White;Single;22648.00;0;Yes;2016-01-12;Yes;1;0;0;0;Sales;No Formal Qualifications;Marketing;Sales Representative
1462;FD1A-92C2;Belvia;Dockrell;Belvia Dockrell;Female;35;35-44;Some Travel;21;CA;White;Single;225565.00;1;No;2022-02-16;No;0;0;0;0;Sales;Masters;Marketing;Sales Executive
1463;FD3F-5255;Quintilla;Wyllt;Quintilla Wyllt;Female;45;45-54;Some Travel;2;IL;White;Divorced;64795.00;3;Yes;2012-03-03;No;10;5;8;10;Technology;No Formal Qualifications;Information Systems;Data Scientist
1464;FD95-9EEB;Sasha;Incogna;Sasha Incogna;Male;30;25-34;Some Travel;19;IL;White;Single;96187.00;0;Yes;2020-11-19;Yes;0;0;0;0;Technology;Masters;Business Studies;Data Scientist
1465;FE0F-498F;Jerrie;Juares;Jerrie Juares;Female;22;Under 25;Some Travel;36;CA;White;Divorced;57686.00;2;No;2018-05-23;No;4;2;4;1;Technology;Bachelors;Other;Data Scientist
1466;FE2B-3DC7;Mattie;Wippermann;Mattie Wippermann;Female;28;25-34;Some Travel;23;NY;White;Married;35606.00;3;Yes;2012-05-07;Yes;5;3;4;5;Technology;Bachelors;Information Systems;Data Scientist
1467;FEEC-A663;Cher;Molian;Cher Molian;Non-Binary;27;25-34;Some Travel;1;CA;White;Single;48442.00;0;No;2015-04-17;No;7;3;4;5;Technology;No Formal Qualifications;Information Systems;Software Engineer
1468;FF14-A43E;Koenraad;Nannizzi;Koenraad Nannizzi;Male;47;45-54;Some Travel;41;NY;American Indian or Alaska Native;Married;40786.00;0;No;2012-02-01;No;10;3;5;5;Technology;No Formal Qualifications;Computer Science;Data Scientist
1469;FF42-EA28;Madella;Worham;Madella Worham;Female;18;Under 25;Some Travel;14;IL;Black or African American;Single;28246.00;1;No;2022-11-13;No;0;0;0;0;Technology;No Formal Qualifications;Computer Science;Data Scientist
1470;FFCF-0BD5;Sky;Mattioni;Sky Mattioni;Prefer Not To Say;23;Under 25;Some Travel;42;CA;Black or African American;Married;30683.00;1;No;2017-06-25;No;5;5;5;5;Human Resources;No Formal Qualifications;Marketing;Recruiter
