PerformanceRating_ID;PerformanceCode;Employee_ID;ReviewDateKey;EnvironmentSatisfactionKey;JobSatisfactionKey;RelationshipSatisfactionKey;WorkLifeBalanceKey;SelfRatingKey;ManagerRatingKey;TrainingOpportunitiesWithinYear;TrainingOpportunitiesTaken;ReviewCount
1;PR01;696;20130102;5;3;5;3;2;2;1;0;1
2;PR02;1040;20130103;5;3;3;3;2;3;1;3;1
3;PR03;1417;20130103;2;3;5;2;1;2;3;2;1
4;PR04;37;20130104;5;2;1;1;3;4;2;0;1
5;PR05;472;20130104;5;1;2;3;2;3;1;0;1
6;PR06;1433;20130104;2;2;1;3;2;2;2;0;1
7;PR07;893;20130108;2;3;5;5;2;3;2;1;1
8;PR08;33;20130110;3;5;3;2;3;4;1;1;1
9;PR09;1422;20130110;3;5;1;3;1;2;1;1;1
10;PR10;679;20130111;5;3;2;3;1;2;2;3;1
11;PR100;998;20130410;3;2;2;3;3;3;2;0;1
12;PR1000;463;20160316;3;3;1;3;1;1;2;2;1
13;PR1001;1190;20160317;2;5;2;2;1;1;2;2;1
14;PR1002;852;20160318;3;2;2;1;2;3;2;2;1
15;PR1003;1260;20160318;2;5;3;5;1;1;1;0;1
16;PR1004;1285;20160318;2;3;2;1;2;2;2;3;1
17;PR1005;780;20160319;2;3;1;3;1;1;3;1;1
18;PR1006;877;20160319;5;3;1;1;3;3;1;1;1
19;PR1007;1300;20160322;5;3;2;2;2;3;3;2;1
20;PR1008;331;20160323;5;3;1;3;2;3;2;0;1
21;PR1009;1064;20160323;2;2;3;1;3;3;2;1;1
22;PR101;137;20130412;5;1;5;5;1;2;1;0;1
23;PR1010;1132;20160323;3;1;2;1;2;2;3;0;1
24;PR1011;459;20160324;3;1;5;1;1;1;1;2;1
25;PR1012;744;20160324;2;3;2;3;1;2;2;0;1
26;PR1013;759;20160325;2;5;2;3;3;3;1;1;1
27;PR1014;550;20160325;2;2;2;5;1;1;2;1;1
28;PR1015;563;20160327;5;2;1;5;1;2;2;0;1
29;PR1016;403;20160327;2;5;2;1;3;3;3;0;1
30;PR1017;949;20160327;3;2;3;5;2;3;2;1;1
31;PR1018;1123;20160327;2;3;3;2;2;3;1;2;1
32;PR1019;870;20160328;3;3;1;5;1;2;2;1;1
33;PR102;465;20130413;2;2;2;5;3;3;3;1;1
34;PR1020;6;20160329;2;2;5;2;1;2;3;0;1
35;PR1021;18;20160330;3;3;2;3;1;2;2;0;1
36;PR1022;939;20160330;2;5;3;5;3;3;3;2;1
37;PR1023;1274;20160330;5;3;1;1;2;3;2;0;1
38;PR1024;813;20160331;5;1;5;1;1;2;1;1;1
39;PR1025;770;20160331;5;2;1;1;2;3;2;0;1
40;PR1026;156;20160401;2;3;5;5;3;4;3;2;1
41;PR1027;11;20160402;3;1;1;3;2;2;2;1;1
42;PR1028;48;20160402;3;3;5;3;1;2;3;1;1
43;PR1029;740;20160402;5;5;2;2;2;3;3;0;1
44;PR103;1128;20130414;2;1;5;5;2;2;3;1;1
45;PR1030;1045;20160403;5;3;5;3;1;1;2;1;1
46;PR1031;83;20160405;3;1;3;2;1;1;2;2;1
47;PR1032;147;20160405;5;5;5;3;3;4;3;0;1
48;PR1033;322;20160405;5;2;5;1;2;2;3;1;1
49;PR1034;44;20160406;2;1;2;3;2;3;3;2;1
50;PR1035;843;20160408;2;2;1;1;3;4;1;0;1
51;PR1036;998;20160409;2;5;2;1;1;1;2;0;1
52;PR1037;467;20160409;2;2;5;1;2;2;2;1;1
53;PR1038;986;20160410;3;3;1;1;2;3;3;1;1
54;PR1039;1403;20160410;3;5;3;1;3;4;2;1;1
55;PR104;1173;20130414;2;3;3;5;3;4;3;1;1
56;PR1040;711;20160410;5;3;1;1;1;2;2;0;1
57;PR1041;137;20160411;5;2;1;3;3;3;1;1;1
58;PR1042;157;20160411;3;5;2;5;1;2;3;0;1
59;PR1043;409;20160411;5;1;1;3;3;4;2;2;1
60;PR1044;465;20160412;2;2;3;2;3;4;1;1;1
61;PR1045;926;20160412;2;2;3;5;2;2;1;2;1
62;PR1046;1128;20160413;3;3;3;2;2;3;1;3;1
63;PR1047;1173;20160413;5;5;5;1;1;1;1;3;1
64;PR1048;529;20160413;2;1;5;5;1;2;1;2;1
65;PR1049;1340;20160413;5;5;2;2;3;3;1;0;1
66;PR105;1377;20130415;2;5;1;2;2;3;3;0;1
67;PR1050;1377;20160414;3;5;1;1;2;2;1;0;1
68;PR1051;714;20160414;2;3;3;3;3;3;3;1;1
69;PR1052;1181;20160414;5;1;3;3;3;4;3;0;1
70;PR1053;702;20160416;2;5;2;3;1;1;3;1;1
71;PR1054;1117;20160416;2;1;1;1;3;4;1;1;1
72;PR1055;850;20160416;5;5;5;2;3;4;3;2;1
73;PR1056;1034;20160416;5;3;3;5;1;2;3;0;1
74;PR1057;536;20160417;5;3;2;3;1;2;2;2;1
75;PR1058;422;20160417;5;2;2;3;1;2;3;1;1
76;PR1059;964;20160418;3;2;1;2;1;1;1;1;1
77;PR106;536;20130418;2;3;5;5;1;1;3;3;1
78;PR1060;1463;20160419;5;2;1;1;3;3;2;3;1
79;PR1061;1130;20160420;5;1;3;3;1;1;3;0;1
80;PR1062;1091;20160420;3;5;1;1;2;3;1;0;1
81;PR1063;838;20160421;2;5;1;1;1;1;2;1;1
82;PR1064;359;20160422;3;5;3;2;2;3;3;0;1
83;PR1065;1295;20160422;2;5;5;1;3;4;3;0;1
84;PR1066;661;20160422;3;5;3;1;3;4;2;0;1
85;PR1067;415;20160423;3;1;1;1;3;3;3;1;1
86;PR1068;460;20160424;3;5;1;2;2;2;2;1;1
87;PR1069;923;20160424;3;3;1;3;3;4;1;0;1
88;PR107;1130;20130421;5;3;5;3;3;3;2;0;1
89;PR1070;1063;20160424;5;5;1;3;1;1;2;1;1
90;PR1071;105;20160425;3;5;1;3;3;4;1;2;1
91;PR1072;441;20160426;3;1;1;3;1;2;2;0;1
92;PR1073;160;20160428;5;5;3;5;1;2;2;2;1
93;PR1074;1253;20160428;2;5;2;3;3;4;1;0;1
94;PR1075;1138;20160429;3;1;1;3;1;2;1;0;1
95;PR1076;911;20160430;5;2;2;2;2;3;1;0;1
96;PR1077;1211;20160430;5;5;1;2;1;2;1;1;1
97;PR1078;270;20160430;2;1;3;5;3;3;3;2;1
98;PR1079;308;20160430;2;1;2;2;1;2;2;1;1
99;PR108;359;20130423;5;1;5;5;1;1;3;1;1
100;PR1080;289;20160501;5;1;5;2;3;4;3;1;1
101;PR1081;1008;20160501;2;5;3;5;1;2;1;3;1
102;PR1082;1354;20160501;5;5;2;2;2;2;1;2;1
103;PR1083;133;20160502;3;3;3;5;1;2;1;0;1
104;PR1084;512;20160502;5;5;3;3;3;4;2;0;1
105;PR1085;1202;20160503;5;1;2;1;3;4;3;0;1
106;PR1086;491;20160503;3;2;5;3;3;3;3;2;1
107;PR1087;127;20160504;2;1;2;2;3;3;3;0;1
108;PR1088;981;20160504;3;5;1;5;2;3;2;2;1
109;PR1089;1466;20160505;3;5;1;2;2;3;3;0;1
110;PR109;1295;20130423;2;3;3;1;2;2;3;1;1
111;PR1090;1401;20160505;4;3;2;4;3;4;3;1;1
112;PR1091;109;20160505;2;3;3;4;1;1;1;2;1
113;PR1092;257;20160506;1;4;4;2;3;3;3;0;1
114;PR1093;57;20160506;4;3;1;2;3;4;1;2;1
115;PR1094;1201;20160506;3;1;1;4;3;3;2;2;1
116;PR1095;873;20160506;3;1;3;1;2;2;1;1;1
117;PR1096;1341;20160507;4;3;1;3;1;1;1;1;1
118;PR1097;234;20160508;2;3;3;2;1;1;2;0;1
119;PR1098;616;20160508;4;4;4;2;2;2;1;3;1
120;PR1099;391;20160509;1;3;4;1;2;2;1;2;1
121;PR11;865;20130111;5;5;1;1;1;1;2;0;1
122;PR110;1199;20130423;3;2;3;3;2;2;3;1;1
123;PR1100;805;20160509;2;3;2;2;2;3;2;1;1
124;PR1101;1305;20160510;2;1;1;3;1;2;2;2;1
125;PR1102;705;20160510;2;2;1;5;1;2;2;2;1
126;PR1103;941;20160511;2;3;1;5;3;4;1;0;1
127;PR1104;171;20160512;2;1;3;5;3;3;1;0;1
128;PR1105;363;20160512;5;5;5;3;1;2;1;0;1
129;PR1106;932;20160512;2;1;5;3;3;4;2;0;1
130;PR1107;370;20160513;3;2;1;5;3;4;1;0;1
131;PR1108;1149;20160513;5;2;5;5;1;1;2;2;1
132;PR1109;1084;20160513;3;2;5;1;1;2;1;0;1
133;PR111;1373;20130423;2;3;5;3;3;3;3;0;1
134;PR1110;185;20160514;5;3;5;2;2;2;3;0;1
135;PR1111;1280;20160515;5;2;2;2;2;2;1;2;1
136;PR1112;1470;20160515;3;2;1;5;3;4;3;2;1
137;PR1113;61;20160516;3;1;1;1;1;1;2;0;1
138;PR1114;899;20160516;2;2;5;5;3;3;3;0;1
139;PR1115;591;20160516;2;1;5;3;2;2;3;1;1
140;PR1116;886;20160517;3;2;5;1;1;1;3;1;1
141;PR1117;213;20160518;2;1;1;3;2;2;2;1;1
142;PR1118;435;20160519;3;2;2;2;1;1;3;1;1
143;PR1119;456;20160519;5;3;2;3;1;1;3;3;1
144;PR112;1063;20130425;5;1;3;5;1;2;3;0;1
145;PR1120;915;20160519;2;3;3;3;2;3;1;1;1
146;PR1121;1082;20160519;2;2;1;3;2;3;1;2;1
147;PR1122;823;20160520;3;3;2;2;1;1;1;0;1
148;PR1123;4;20160521;2;2;5;5;1;2;3;2;1
149;PR1124;144;20160522;5;3;3;5;3;4;2;2;1
150;PR1125;776;20160523;3;2;1;2;2;2;1;2;1
151;PR1126;387;20160523;3;5;1;2;1;2;1;0;1
152;PR1127;1074;20160523;5;3;1;5;2;3;1;1;1
153;PR1128;741;20160523;5;1;1;2;2;3;2;1;1
154;PR1129;41;20160524;3;2;2;1;2;3;1;2;1
155;PR113;105;20130426;2;2;1;1;3;4;1;2;1
156;PR1130;92;20160524;3;2;2;5;2;3;2;1;1
157;PR1131;1366;20160524;2;5;1;3;1;2;1;0;1
158;PR1132;1248;20160526;2;2;5;1;3;3;3;0;1
159;PR1133;240;20160526;5;3;2;2;1;1;2;0;1
160;PR1134;390;20160526;3;1;1;1;3;3;2;1;1
161;PR1135;272;20160527;2;3;5;3;2;3;2;0;1
162;PR1136;1405;20160527;2;1;5;5;2;2;1;2;1
163;PR1137;1155;20160528;5;2;2;2;1;1;3;1;1
164;PR1138;1093;20160529;5;5;1;2;2;2;1;0;1
165;PR1139;1284;20160529;2;1;2;3;1;2;1;0;1
166;PR114;441;20130427;3;5;2;2;3;4;1;0;1
167;PR1140;618;20160529;5;1;1;1;2;3;3;0;1
168;PR1141;662;20160529;2;1;3;1;1;1;1;1;1
169;PR1142;576;20160531;2;2;3;2;2;2;2;1;1
170;PR1143;1419;20160531;5;1;5;5;2;3;2;3;1
171;PR1144;1023;20160601;3;5;2;5;2;2;1;1;1
172;PR1145;589;20160601;2;1;5;2;1;1;2;0;1
173;PR1146;767;20160601;2;3;1;5;2;3;3;2;1
174;PR1147;1408;20160601;2;2;2;1;2;2;3;3;1
175;PR1148;77;20160603;5;1;3;3;1;2;1;2;1
176;PR1149;42;20160604;2;1;2;3;3;3;1;1;1
177;PR115;722;20130427;5;1;5;3;2;2;2;1;1
178;PR1150;887;20160605;2;2;3;3;2;2;2;0;1
179;PR1151;1278;20160606;5;5;3;5;1;2;1;0;1
180;PR1152;637;20160606;3;2;1;2;3;3;1;1;1
181;PR1153;1168;20160606;3;5;2;3;3;4;3;2;1
182;PR1154;1050;20160609;2;2;2;3;3;3;1;1;1
183;PR1155;1219;20160609;5;5;3;5;3;4;2;1;1
184;PR1156;785;20160610;3;5;1;5;1;2;2;0;1
185;PR1157;346;20160612;5;1;2;5;1;1;2;2;1
186;PR1158;1294;20160613;5;5;1;3;1;1;3;3;1
187;PR1159;340;20160614;2;5;5;3;1;1;3;0;1
188;PR116;160;20130429;2;2;5;3;1;2;1;2;1
189;PR1160;1348;20160614;5;5;3;2;2;3;1;0;1
190;PR1161;947;20160614;2;5;2;3;1;2;1;1;1
191;PR1162;962;20160616;3;3;2;5;3;3;1;2;1
192;PR1163;181;20160617;2;1;2;1;3;4;2;1;1
193;PR1164;477;20160617;3;5;3;2;2;3;1;2;1
194;PR1165;3;20160619;3;5;3;5;2;3;2;2;1
195;PR1166;1407;20160619;3;3;5;5;3;3;3;0;1
196;PR1167;1079;20160621;2;1;3;2;3;3;1;0;1
197;PR1168;475;20160621;3;2;5;3;1;2;1;2;1
198;PR1169;263;20160622;3;3;2;5;2;2;1;2;1
199;PR117;1253;20130429;3;5;2;5;1;2;1;0;1
200;PR1170;344;20160623;5;2;2;3;2;2;3;1;1
201;PR1171;778;20160623;3;3;2;5;3;4;1;1;1
202;PR1172;871;20160624;3;1;5;3;3;3;3;0;1
203;PR1173;432;20160626;2;2;3;5;1;2;1;0;1
204;PR1174;1344;20160626;2;1;2;1;2;3;3;1;1
205;PR1175;733;20160626;2;3;2;3;2;2;1;2;1
206;PR1176;380;20160626;5;5;5;1;3;3;2;1;1
207;PR1177;1097;20160628;3;5;5;2;2;2;2;0;1
208;PR1178;1114;20160628;5;5;3;2;1;1;3;0;1
209;PR1179;249;20160629;3;3;2;3;3;3;1;1;1
210;PR118;1138;20130430;2;1;1;5;2;3;1;1;1
211;PR1180;429;20160701;5;3;1;3;1;2;3;1;1
212;PR1181;496;20160701;2;3;1;5;2;2;1;1;1
213;PR1182;1456;20160701;3;3;2;3;1;1;3;0;1
214;PR1183;851;20160701;2;3;5;5;3;3;3;0;1
215;PR1184;1439;20160703;3;2;5;1;1;1;1;0;1
216;PR1185;271;20160705;3;1;3;3;3;3;3;0;1
217;PR1186;368;20160706;2;1;1;5;1;2;3;2;1
218;PR1187;791;20160708;5;2;5;2;2;2;3;1;1
219;PR1188;990;20160708;3;2;2;1;3;3;2;2;1
220;PR1189;95;20160709;2;1;1;3;3;3;1;2;1
221;PR119;911;20130501;5;1;1;3;3;4;1;0;1
222;PR1190;708;20160709;5;2;1;5;3;4;3;1;1
223;PR1191;868;20160709;2;1;5;3;1;2;3;1;1
224;PR1192;1304;20160710;2;1;2;2;3;4;3;1;1
225;PR1193;120;20160710;5;5;2;2;3;4;3;0;1
226;PR1194;914;20160710;2;5;2;3;2;2;3;1;1
227;PR1195;577;20160711;3;2;5;2;2;2;1;1;1
228;PR1196;763;20160713;5;1;2;1;1;1;2;0;1
229;PR1197;1307;20160715;5;3;3;5;2;3;3;1;1
230;PR1198;210;20160715;2;2;3;1;3;3;1;1;1
231;PR1199;1247;20160717;2;2;2;2;1;2;2;1;1
232;PR12;1169;20130111;5;1;2;2;3;4;2;0;1
233;PR120;1211;20130501;2;3;1;1;3;4;3;1;1
234;PR1200;1246;20160718;5;2;3;1;3;3;2;0;1
235;PR1201;1385;20160718;5;1;1;5;1;2;2;2;1
236;PR1202;1406;20160718;5;3;2;2;2;2;3;1;1
237;PR1203;1427;20160719;2;3;2;5;1;2;1;1;1
238;PR1204;1096;20160719;2;1;3;2;2;3;1;0;1
239;PR1205;279;20160719;3;5;1;2;1;2;1;0;1
240;PR1206;955;20160720;5;3;3;5;2;2;2;1;1
241;PR1207;373;20160722;2;3;1;5;1;1;2;0;1
242;PR1208;889;20160725;5;2;1;3;1;2;1;1;1
243;PR1209;1218;20160725;2;1;3;2;3;4;2;1;1
244;PR121;289;20130502;2;5;5;1;1;1;2;0;1
245;PR1210;703;20160727;3;3;1;2;1;1;3;3;1
246;PR1211;1398;20160728;2;1;1;2;3;3;1;0;1
247;PR1212;1226;20160728;2;3;3;5;1;2;2;3;1
248;PR1213;1159;20160730;2;2;1;5;2;2;2;0;1
249;PR1214;112;20160730;2;1;5;5;2;2;1;1;1
250;PR1215;228;20160731;3;5;5;3;1;1;3;2;1
251;PR1216;701;20160801;5;1;2;5;2;2;1;1;1
252;PR1217;602;20160804;5;5;3;5;2;3;1;1;1
253;PR1218;483;20160804;3;2;2;3;3;3;3;0;1
254;PR1219;1369;20160804;3;3;2;5;3;3;3;3;1
255;PR122;1354;20130502;3;5;3;1;1;2;1;3;1
256;PR1220;607;20160806;2;1;5;3;1;2;2;1;1
257;PR1221;1088;20160806;3;1;2;5;3;3;2;1;1
258;PR1222;502;20160807;2;3;3;2;2;2;1;1;1
259;PR1223;525;20160809;2;3;5;2;1;1;1;1;1
260;PR1224;246;20160810;5;3;3;3;3;4;1;1;1
261;PR1225;860;20160812;3;2;5;3;1;2;3;0;1
262;PR1226;1410;20160812;5;3;5;1;3;4;2;3;1
263;PR1227;23;20160813;2;5;1;1;2;3;2;1;1
264;PR1228;400;20160813;5;5;1;1;3;3;1;0;1
265;PR1229;859;20160813;2;1;5;2;1;1;1;2;1
266;PR123;133;20130503;5;3;3;3;1;1;3;0;1
267;PR1230;993;20160814;2;2;1;5;3;3;3;1;1
268;PR1231;557;20160815;5;1;3;5;1;1;3;1;1
269;PR1232;1192;20160815;5;1;5;5;2;2;2;0;1
270;PR1233;244;20160816;3;2;3;5;1;2;1;0;1
271;PR1234;307;20160817;2;5;3;2;3;4;2;0;1
272;PR1235;466;20160817;5;2;5;3;3;4;2;1;1
273;PR1236;1048;20160818;3;5;3;2;2;2;3;0;1
274;PR1237;1286;20160818;5;5;3;2;2;3;3;1;1
275;PR1238;1429;20160821;5;5;3;1;2;2;1;1;1
276;PR1239;237;20160821;2;1;1;1;2;2;1;0;1
277;PR124;1202;20130504;3;5;3;3;1;2;3;0;1
278;PR1240;555;20160821;3;2;2;2;3;3;2;0;1
279;PR1241;143;20160823;3;1;3;5;1;2;3;3;1
280;PR1242;1193;20160825;3;3;1;3;3;4;3;3;1
281;PR1243;486;20160825;3;5;5;3;2;2;1;0;1
282;PR1244;451;20160827;2;5;5;3;3;3;3;1;1
283;PR1245;121;20160901;2;5;3;2;2;3;3;0;1
284;PR1246;261;20160902;2;5;2;5;2;2;2;3;1
285;PR1247;1135;20160902;2;1;2;1;2;3;3;1;1
286;PR1248;1227;20160903;2;5;2;1;3;3;2;2;1
287;PR1249;315;20160904;3;1;5;2;1;1;3;0;1
288;PR125;127;20130505;5;3;5;3;2;2;1;0;1
289;PR1250;1000;20160906;5;5;2;3;1;2;3;1;1
290;PR1251;1186;20160908;3;3;5;2;2;3;2;1;1
291;PR1252;1147;20160909;5;1;1;2;1;1;1;3;1
292;PR1253;174;20160911;5;5;3;1;1;2;1;0;1
293;PR1254;376;20160912;2;5;5;1;1;2;1;3;1
294;PR1255;560;20160914;5;5;1;1;3;4;2;3;1
295;PR1256;347;20160916;3;5;5;1;3;3;2;0;1
296;PR1257;935;20160916;2;2;5;2;3;4;3;3;1
297;PR1258;275;20160920;5;1;5;1;3;3;1;1;1
298;PR1259;294;20160921;5;3;1;2;1;2;3;0;1
299;PR126;981;20130505;5;3;2;3;3;3;3;0;1
300;PR1260;51;20160922;3;3;3;5;3;3;2;0;1
301;PR1261;1336;20160924;5;1;5;3;1;2;2;1;1
302;PR1262;727;20160926;3;5;1;3;1;2;2;1;1
303;PR1263;1356;20160926;3;5;3;3;3;3;2;1;1
304;PR1264;396;20160927;3;1;3;3;3;4;1;0;1
305;PR1265;172;20160928;3;5;2;1;2;2;2;0;1
306;PR1266;817;20160928;2;3;3;2;1;1;2;1;1
307;PR1267;1430;20160928;3;3;3;5;2;2;2;1;1
308;PR1268;1058;20160929;5;3;5;2;1;1;2;2;1
309;PR1269;119;20161001;3;2;5;3;2;3;2;2;1
310;PR127;1466;20130506;5;1;5;5;3;3;2;2;1
311;PR1270;1020;20161001;2;5;2;5;2;3;3;1;1
312;PR1271;777;20161001;3;5;1;2;3;3;1;3;1
313;PR1272;256;20161001;3;3;3;3;1;2;2;1;1
314;PR1273;224;20161003;2;1;1;1;1;1;1;2;1
315;PR1274;746;20161004;2;3;1;1;3;3;2;2;1
316;PR1275;12;20161008;2;5;2;5;2;3;2;2;1
317;PR1276;738;20161009;5;5;2;3;1;1;1;1;1
318;PR1277;1361;20161009;5;3;2;3;3;3;3;1;1
319;PR1278;751;20161009;3;5;3;3;3;3;2;2;1
320;PR1279;1446;20161014;5;1;5;2;1;2;2;2;1
321;PR128;257;20130507;2;2;1;1;2;3;1;1;1
322;PR1280;388;20161017;3;3;5;1;1;2;2;1;1
323;PR1281;951;20161017;2;2;1;2;3;4;1;1;1
324;PR1282;657;20161018;5;2;3;1;2;3;1;0;1
325;PR1283;392;20161019;2;1;5;2;1;1;3;0;1
326;PR1284;648;20161020;3;3;1;2;1;1;1;2;1
327;PR1285;1167;20161020;5;1;1;5;3;4;3;1;1
328;PR1286;199;20161022;5;3;2;5;3;4;2;2;1
329;PR1287;265;20161025;2;5;1;5;3;4;1;1;1
330;PR1288;663;20161025;2;1;1;1;3;4;3;3;1
331;PR1289;1179;20161025;5;5;3;1;2;2;1;0;1
332;PR129;873;20130507;2;3;1;2;3;4;2;1;1
333;PR1290;881;20161026;3;3;1;2;1;2;3;0;1
334;PR1291;1195;20161026;2;5;5;3;2;3;1;0;1
335;PR1292;728;20161026;2;5;2;2;2;2;2;2;1
336;PR1293;794;20161028;2;3;3;1;1;2;1;2;1
337;PR1294;892;20161029;2;3;1;2;3;3;1;0;1
338;PR1295;276;20161030;2;2;1;3;3;3;3;0;1
339;PR1296;574;20161031;2;2;2;2;2;2;2;1;1
340;PR1297;55;20161031;3;5;5;3;2;2;2;1;1
341;PR1298;709;20161031;2;5;3;5;2;3;3;1;1
342;PR1299;1101;20161101;2;2;1;3;2;2;2;2;1
343;PR13;687;20130112;5;2;5;3;2;3;3;2;1
344;PR130;234;20130509;2;5;1;3;3;4;3;2;1
345;PR1300;1358;20161102;2;2;2;5;2;2;1;2;1
346;PR1301;729;20161103;3;2;2;2;1;1;3;1;1
347;PR1302;1276;20161104;3;3;2;2;3;4;3;0;1
348;PR1303;1362;20161105;5;1;3;1;1;2;2;2;1
349;PR1304;124;20161106;5;1;3;5;3;3;3;0;1
350;PR1305;166;20161106;3;1;1;2;1;1;2;1;1
351;PR1306;608;20161106;5;2;2;3;3;4;1;1;1
352;PR1307;1464;20161107;5;1;3;3;2;3;1;1;1
353;PR1308;426;20161107;5;2;3;1;1;1;2;2;1
354;PR1309;995;20161108;3;2;1;2;3;3;2;0;1
355;PR131;1125;20130509;5;2;1;1;3;3;2;2;1
356;PR1310;1089;20161109;2;5;3;2;3;4;1;2;1
357;PR1311;961;20161109;2;2;2;1;2;3;2;0;1
358;PR1312;449;20161110;3;1;1;1;3;4;1;3;1
359;PR1313;699;20161110;3;2;1;3;3;3;2;1;1
360;PR1314;341;20161111;3;5;2;1;2;2;3;2;1
361;PR1315;1412;20161111;3;3;5;2;2;3;3;2;1
362;PR1316;242;20161111;3;2;2;3;1;2;2;0;1
363;PR1317;853;20161114;3;2;2;5;3;3;2;2;1
364;PR1318;1116;20161117;3;1;5;1;3;3;3;0;1
365;PR1319;1453;20161117;5;3;2;3;1;2;3;1;1
366;PR132;963;20130509;3;1;2;5;2;3;3;1;1
367;PR1320;1107;20161118;2;2;1;1;1;1;1;0;1
368;PR1321;438;20161118;5;3;3;1;1;1;2;0;1
369;PR1322;7;20161119;2;3;2;1;3;4;2;0;1
370;PR1323;54;20161120;3;5;1;3;3;4;2;3;1
371;PR1324;730;20161121;5;2;5;2;1;2;2;1;1
372;PR1325;1103;20161122;3;3;1;5;2;2;3;1;1
373;PR1326;145;20161123;2;3;5;2;2;2;3;0;1
374;PR1327;526;20161125;3;3;2;1;1;2;2;1;1
375;PR1328;623;20161125;3;5;5;2;2;2;3;0;1
376;PR1329;1426;20161125;2;3;2;1;2;2;3;1;1
377;PR133;391;20130510;2;3;5;2;2;3;1;0;1
378;PR1330;314;20161126;3;3;3;2;3;4;2;0;1
379;PR1331;116;20161127;3;5;2;5;2;2;1;0;1
380;PR1332;413;20161128;2;2;2;1;2;3;2;2;1
381;PR1333;253;20161128;5;2;3;2;2;2;2;2;1
382;PR1334;1124;20161129;2;1;1;2;1;1;1;2;1
383;PR1335;900;20161201;3;3;2;2;1;2;1;0;1
384;PR1336;1394;20161201;5;5;2;2;3;3;1;0;1
385;PR1337;408;20161202;3;3;2;5;1;2;1;0;1
386;PR1338;1076;20161203;3;3;1;5;1;1;1;0;1
387;PR1339;1277;20161203;2;2;3;1;1;1;1;0;1
388;PR134;941;20130512;5;3;1;3;1;2;1;0;1
389;PR1340;334;20161205;3;1;2;3;1;1;2;0;1
390;PR1341;948;20161205;2;5;3;2;2;3;3;1;1
391;PR1342;1293;20161205;3;3;5;1;2;2;2;0;1
392;PR1343;1206;20161205;3;5;2;2;2;2;2;3;1
393;PR1344;1133;20161207;5;2;5;5;2;3;3;1;1
394;PR1345;511;20161208;5;2;5;3;1;2;3;1;1
395;PR1346;1057;20161208;3;1;5;3;2;3;3;3;1
396;PR1347;582;20161209;2;1;5;5;1;2;1;1;1
397;PR1348;504;20161209;3;1;2;1;1;1;2;1;1
398;PR1349;1184;20161211;3;5;2;5;2;3;2;0;1
399;PR135;171;20130513;3;2;2;1;3;3;1;1;1
400;PR1350;1331;20161213;3;5;3;1;3;4;2;1;1
401;PR1351;1325;20161213;3;5;2;5;1;2;3;1;1
402;PR1352;316;20161213;3;2;3;2;3;3;2;2;1
403;PR1353;1324;20161216;5;2;2;3;2;3;2;0;1
404;PR1354;1291;20161217;5;2;3;1;1;2;3;2;1
405;PR1355;879;20161218;3;1;1;5;1;2;2;2;1
406;PR1356;991;20161219;5;3;5;2;2;3;1;0;1
407;PR1357;1272;20161219;5;3;2;1;3;4;1;1;1
408;PR1358;78;20161220;2;2;2;1;1;1;3;1;1
409;PR1359;533;20161220;5;3;1;2;3;4;2;0;1
410;PR136;363;20130513;2;3;5;2;3;3;2;0;1
411;PR1360;916;20161222;2;1;3;2;2;3;2;0;1
412;PR1361;1432;20161222;3;3;5;5;2;2;3;1;1
413;PR1362;38;20161222;2;3;3;2;3;4;3;2;1
414;PR1363;1329;20161224;5;1;3;1;2;3;1;0;1
415;PR1364;579;20161224;5;1;2;2;1;1;3;1;1
416;PR1365;1240;20161224;3;2;2;1;1;2;1;1;1
417;PR1366;634;20161225;3;1;5;1;3;3;2;1;1
418;PR1367;950;20161225;3;5;1;1;2;2;1;1;1
419;PR1368;431;20161226;3;2;1;3;3;3;2;1;1
420;PR1369;580;20161227;3;1;3;5;3;4;1;3;1
421;PR137;370;20130514;5;1;3;5;2;3;2;1;1
422;PR1370;141;20161228;3;5;2;2;1;2;3;0;1
423;PR1371;22;20161229;1;3;1;2;1;2;1;3;1
424;PR1372;667;20161230;3;4;1;2;2;2;1;0;1
425;PR1373;971;20161230;2;1;1;4;3;4;3;1;1
426;PR1374;194;20161230;1;4;4;3;3;3;3;3;1
427;PR1375;356;20161231;3;3;2;3;1;1;2;3;1
428;PR1376;695;20161231;4;2;1;4;3;4;2;1;1
429;PR1377;696;20170101;1;2;4;3;1;2;3;1;1
430;PR1378;1040;20170102;4;4;3;3;1;2;1;2;1
431;PR1379;1417;20170102;1;1;2;4;1;2;1;2;1
432;PR138;1149;20130514;2;2;1;2;2;3;3;2;1
433;PR1380;1112;20170102;5;1;5;2;3;4;3;0;1
434;PR1381;1289;20170102;3;2;3;3;3;4;2;0;1
435;PR1382;37;20170103;2;1;2;1;3;3;3;2;1
436;PR1383;472;20170103;2;3;5;5;3;3;3;1;1
437;PR1384;1433;20170103;2;5;5;1;1;1;1;2;1
438;PR1385;1094;20170104;3;5;3;5;3;3;1;0;1
439;PR1386;122;20170105;5;3;5;3;3;4;2;0;1
440;PR1387;1222;20170106;5;3;3;3;1;1;1;3;1
441;PR1388;893;20170107;2;3;1;3;1;2;2;1;1
442;PR1389;505;20170107;2;5;5;5;3;4;1;2;1
443;PR139;185;20130515;2;3;3;5;1;2;1;1;1
444;PR1390;33;20170109;3;5;2;2;2;3;1;1;1
445;PR1391;1422;20170109;2;1;5;5;1;1;3;1;1
446;PR1392;312;20170109;2;1;1;5;3;4;1;0;1
447;PR1393;1191;20170109;3;1;5;3;2;3;2;1;1
448;PR1394;381;20170109;2;2;5;5;2;3;2;3;1
449;PR1395;679;20170110;2;3;2;5;2;2;1;0;1
450;PR1396;865;20170110;3;3;3;3;1;1;2;2;1
451;PR1397;1169;20170110;3;1;3;5;2;2;2;2;1
452;PR1398;687;20170111;2;5;2;1;2;3;3;0;1
453;PR1399;1355;20170111;5;1;3;2;3;4;2;2;1
454;PR14;118;20130114;5;1;1;5;1;1;2;1;1
455;PR140;61;20130517;5;3;5;2;1;2;2;1;1
456;PR1400;781;20170111;2;3;3;2;2;3;3;0;1
457;PR1401;674;20170112;3;3;5;1;2;3;2;0;1
458;PR1402;894;20170112;5;1;5;2;3;4;2;0;1
459;PR1403;118;20170113;5;3;2;3;1;2;2;1;1
460;PR1404;1187;20170113;5;2;3;3;1;2;1;1;1
461;PR1405;1017;20170113;3;2;2;5;1;2;1;0;1
462;PR1406;1468;20170114;5;1;2;2;2;3;2;0;1
463;PR1407;14;20170115;5;2;2;2;2;2;3;0;1
464;PR1408;232;20170115;5;2;5;2;1;2;1;1;1
465;PR1409;1158;20170115;2;2;3;2;3;4;3;1;1
466;PR141;899;20130517;5;5;2;2;2;3;2;1;1
467;PR1410;1113;20170115;3;1;5;2;3;3;2;1;1
468;PR1411;1028;20170116;5;3;1;1;2;3;2;0;1
469;PR1412;641;20170116;5;5;1;5;1;2;1;1;1
470;PR1413;290;20170117;2;5;2;3;1;1;1;0;1
471;PR1414;787;20170117;2;1;2;5;3;4;3;0;1
472;PR1415;798;20170117;5;1;5;5;3;4;2;3;1
473;PR1416;792;20170117;3;1;3;2;1;2;3;1;1
474;PR1417;652;20170118;3;2;5;2;2;3;2;0;1
475;PR1418;1357;20170118;5;3;1;2;3;4;2;2;1
476;PR1419;1249;20170118;3;5;1;5;1;1;3;0;1
477;PR142;435;20130520;3;2;1;1;1;2;3;1;1
478;PR1420;553;20170119;5;2;5;1;1;2;1;0;1
479;PR1421;1180;20170119;3;2;3;1;2;3;3;0;1
480;PR1422;30;20170120;5;2;5;1;1;1;2;0;1
481;PR1423;922;20170120;3;3;2;2;1;1;3;1;1
482;PR1424;385;20170121;3;3;5;2;3;3;2;0;1
483;PR1425;724;20170121;2;5;2;3;1;1;3;0;1
484;PR1426;1436;20170121;3;1;5;3;3;3;2;2;1
485;PR1427;1213;20170122;3;3;2;3;2;2;2;1;1
486;PR1428;880;20170122;2;1;3;5;3;3;1;2;1
487;PR1429;788;20170123;5;1;5;1;3;4;2;2;1
488;PR143;456;20130520;3;1;2;2;2;2;3;1;1
489;PR1430;191;20170123;2;3;1;1;1;1;1;1;1
490;PR1431;386;20170124;5;2;2;1;1;1;2;1;1
491;PR1432;959;20170124;3;1;2;3;2;3;3;1;1
492;PR1433;1031;20170125;2;2;5;1;1;2;3;0;1
493;PR1434;565;20170126;3;1;1;3;2;2;3;2;1
494;PR1435;1457;20170126;5;5;5;5;3;4;2;0;1
495;PR1436;559;20170126;5;1;5;3;2;3;3;2;1
496;PR1437;571;20170126;2;1;1;5;3;4;2;1;1
497;PR1438;515;20170128;2;5;2;1;2;3;1;1;1
498;PR1439;1319;20170128;3;3;3;2;3;3;2;1;1
499;PR144;915;20130520;5;1;5;3;1;1;3;2;1
500;PR1440;1014;20170128;2;2;5;2;2;3;2;2;1
501;PR1441;862;20170129;3;5;5;5;1;1;2;1;1
502;PR1442;24;20170129;2;5;5;2;1;2;2;0;1
503;PR1443;658;20170130;5;5;1;2;1;2;2;0;1
504;PR1444;1379;20170130;2;5;3;2;1;2;3;1;1
505;PR1445;108;20170131;2;5;5;5;3;4;3;0;1
506;PR1446;1372;20170131;5;3;5;5;1;2;3;1;1
507;PR1447;1032;20170201;3;5;1;1;1;2;1;3;1
508;PR1448;797;20170202;3;2;1;2;2;3;2;0;1
509;PR1449;1237;20170202;5;5;2;3;1;2;1;3;1
510;PR145;1082;20130520;2;1;1;1;2;3;3;3;1
511;PR1450;186;20170202;3;3;5;1;1;2;3;2;1
512;PR1451;848;20170202;5;2;1;2;2;3;2;3;1
513;PR1452;1003;20170202;2;5;5;1;3;4;1;0;1
514;PR1453;575;20170203;5;3;3;1;3;3;2;1;1
515;PR1454;503;20170203;5;3;3;3;2;2;3;1;1
516;PR1455;807;20170204;5;5;1;1;3;3;3;1;1
517;PR1456;1400;20170204;5;1;5;1;1;1;2;1;1
518;PR1457;975;20170204;5;3;5;3;3;4;2;0;1
519;PR1458;1243;20170204;5;2;3;3;2;2;1;1;1
520;PR1459;1055;20170204;2;3;5;2;2;3;2;0;1
521;PR146;823;20130521;3;5;5;3;3;4;2;1;1
522;PR1460;136;20170205;2;3;1;1;3;3;2;1;1
523;PR1461;476;20170205;2;3;1;2;3;4;2;0;1
524;PR1462;1225;20170205;2;2;3;3;2;3;3;0;1
525;PR1463;1146;20170208;5;3;2;1;1;1;2;3;1
526;PR1464;1374;20170208;2;5;3;5;1;2;1;0;1
527;PR1465;1288;20170208;5;2;5;5;2;3;1;0;1
528;PR1466;891;20170209;2;1;2;5;3;3;3;2;1
529;PR1467;81;20170210;2;3;5;3;1;2;1;0;1
530;PR1468;1025;20170210;2;2;2;1;3;4;1;1;1
531;PR1469;501;20170210;2;1;2;1;2;2;1;0;1
532;PR147;776;20130524;3;2;5;3;2;3;3;1;1
533;PR1470;1264;20170211;3;3;1;1;3;3;3;0;1
534;PR1471;806;20170211;2;1;1;5;3;4;1;1;1
535;PR1472;227;20170212;2;2;2;3;3;3;2;0;1
536;PR1473;754;20170212;3;1;5;2;3;4;1;0;1
537;PR1474;1013;20170212;3;3;1;5;3;4;3;0;1
538;PR1475;572;20170213;2;5;2;5;1;2;2;1;1
539;PR1476;85;20170214;5;1;2;1;3;4;2;3;1
540;PR1477;514;20170215;2;1;1;2;2;3;3;1;1
541;PR1478;104;20170215;3;5;5;3;1;2;1;2;1
542;PR1479;857;20170215;2;2;2;2;1;2;3;0;1
543;PR148;1248;20130527;2;2;3;5;1;2;1;0;1
544;PR1480;454;20170217;3;2;3;5;1;2;2;1;1
545;PR1481;1056;20170217;3;1;5;5;3;4;1;2;1
546;PR1482;1203;20170217;5;3;1;5;1;1;3;0;1
547;PR1483;329;20170218;5;1;1;5;1;2;2;3;1
548;PR1484;200;20170220;5;3;5;2;2;3;1;0;1
549;PR1485;812;20170220;2;5;1;1;3;3;2;0;1
550;PR1486;462;20170221;2;2;2;5;1;2;2;0;1
551;PR1487;1435;20170221;3;5;2;1;2;2;2;3;1
552;PR1488;1438;20170221;5;3;3;2;1;1;3;1;1
553;PR1489;1178;20170221;5;1;2;1;3;3;2;0;1
554;PR149;272;20130528;2;2;3;3;2;2;1;1;1
555;PR1490;523;20170222;5;1;2;2;2;2;1;0;1
556;PR1491;1308;20170222;5;5;1;2;2;3;3;3;1
557;PR1492;789;20170222;5;3;2;2;3;4;3;2;1
558;PR1493;1131;20170222;3;3;2;1;1;1;3;1;1
559;PR1494;1142;20170222;2;1;2;5;3;4;1;0;1
560;PR1495;584;20170223;5;3;1;1;2;2;3;0;1
561;PR1496;283;20170224;5;1;1;5;2;3;1;0;1
562;PR1497;1090;20170225;3;1;2;1;3;4;2;1;1
563;PR1498;683;20170225;2;3;3;5;1;1;2;0;1
564;PR1499;297;20170226;2;2;2;3;1;1;2;1;1
565;PR15;1187;20130114;5;2;2;5;3;3;3;0;1
566;PR150;1093;20130530;3;3;5;1;1;2;1;2;1
567;PR1500;152;20170226;2;2;2;2;3;4;2;1;1
568;PR1501;508;20170227;2;3;3;2;3;3;3;2;1
569;PR1502;1335;20170227;3;3;2;3;3;3;3;2;1
570;PR1503;5;20170228;5;3;1;3;1;1;2;1;1
571;PR1504;678;20170228;5;5;2;2;3;4;2;1;1
572;PR1505;686;20170228;3;1;3;1;1;1;3;0;1
573;PR1506;644;20170228;5;1;2;5;1;1;2;2;1
574;PR1507;148;20170301;3;3;2;3;2;3;1;2;1
575;PR1508;1164;20170301;5;5;2;5;1;1;2;0;1
576;PR1509;1279;20170301;2;3;2;2;3;4;1;2;1
577;PR151;1284;20130530;5;1;3;1;3;3;3;1;1
578;PR1510;918;20170301;5;1;3;3;3;4;2;2;1
579;PR1511;1353;20170302;2;1;1;3;2;2;1;2;1
580;PR1512;197;20170302;3;5;2;3;3;4;3;0;1
581;PR1513;1127;20170303;2;1;1;2;3;4;3;0;1
582;PR1514;1161;20170303;5;2;3;5;3;3;3;0;1
583;PR1515;1461;20170303;2;1;1;5;2;2;3;0;1
584;PR1516;16;20170303;3;5;2;5;1;2;1;0;1
585;PR1517;40;20170304;2;2;1;5;2;3;3;0;1
586;PR1518;99;20170305;3;2;2;1;1;1;1;1;1
587;PR1519;138;20170305;5;5;3;3;3;4;3;0;1
588;PR152;356;20140101;5;5;1;2;3;3;1;2;1
589;PR1520;461;20170305;3;3;1;3;2;2;2;0;1
590;PR1521;1010;20170305;2;5;5;3;3;3;2;1;1
591;PR1522;762;20170306;3;2;3;5;1;2;1;3;1
592;PR1523;1256;20170306;5;3;5;3;2;2;1;0;1
593;PR1524;1352;20170306;2;5;3;1;3;4;1;0;1
594;PR1525;721;20170307;2;1;2;5;1;1;1;2;1
595;PR1526;1254;20170307;5;5;5;3;2;3;3;0;1
596;PR1527;664;20170307;2;3;3;1;3;3;2;1;1
597;PR1528;1311;20170307;3;5;1;1;1;2;2;3;1
598;PR1529;420;20170309;2;5;1;3;2;3;1;1;1
599;PR153;696;20140102;5;1;1;5;2;2;1;1;1
600;PR1530;355;20170309;5;1;3;2;1;1;3;0;1
601;PR1531;72;20170309;5;1;3;1;2;2;3;3;1
602;PR1532;997;20170310;5;5;1;5;3;4;2;1;1
603;PR1533;417;20170311;1;1;2;4;3;4;3;3;1
604;PR1534;1185;20170311;1;4;3;1;3;3;2;0;1
605;PR1535;928;20170312;3;2;2;1;1;1;3;1;1
606;PR1536;614;20170313;1;3;3;3;1;1;2;0;1
607;PR1537;215;20170313;2;2;4;2;3;4;1;0;1
608;PR1538;493;20170313;4;3;2;2;2;3;3;3;1
609;PR1539;1024;20170313;4;2;3;1;2;2;3;0;1
610;PR154;1040;20140103;3;3;3;3;1;2;3;2;1
611;PR1540;444;20170314;3;3;2;3;1;2;3;2;1
612;PR1541;712;20170314;1;1;1;2;1;2;2;0;1
613;PR1542;745;20170314;1;3;2;4;1;2;1;1;1
614;PR1543;937;20170315;3;2;1;3;3;4;2;2;1
615;PR1544;786;20170315;2;1;4;2;2;2;3;2;1
616;PR1545;379;20170316;4;2;4;2;3;4;2;1;1
617;PR1546;463;20170316;2;1;1;3;3;3;3;2;1
618;PR1547;1190;20170317;3;1;1;1;1;2;2;0;1
619;PR1548;852;20170318;3;1;4;2;1;2;1;1;1
620;PR1549;1260;20170318;4;1;3;3;3;3;2;1;1
621;PR155;1417;20140103;3;2;1;2;2;2;2;1;1
622;PR1550;1285;20170318;1;1;3;4;1;2;2;2;1
623;PR1551;780;20170319;5;2;3;1;1;2;1;0;1
624;PR1552;877;20170319;3;3;5;5;2;2;1;1;1
625;PR1553;1300;20170322;3;5;2;1;3;4;3;1;1
626;PR1554;331;20170323;3;2;5;1;1;2;2;3;1
627;PR1555;1064;20170323;5;5;5;3;3;4;3;1;1
628;PR1556;1132;20170323;2;1;2;3;3;4;3;1;1
629;PR1557;459;20170324;5;5;1;5;1;1;3;0;1
630;PR1558;744;20170324;2;2;3;3;2;3;2;0;1
631;PR1559;759;20170325;2;5;1;3;3;4;3;1;1
632;PR156;37;20140104;5;2;5;3;3;4;3;3;1
633;PR1560;550;20170325;3;3;3;2;1;2;1;1;1
634;PR1561;563;20170327;3;1;2;5;2;2;1;2;1
635;PR1562;403;20170327;3;5;5;5;2;3;1;1;1
636;PR1563;949;20170327;2;1;2;5;2;3;1;2;1
637;PR1564;1123;20170327;3;3;2;2;1;1;3;1;1
638;PR1565;870;20170328;2;5;3;3;3;3;2;0;1
639;PR1566;6;20170329;5;2;3;3;2;3;3;2;1
640;PR1567;18;20170330;5;2;5;5;3;3;1;0;1
641;PR1568;939;20170330;3;5;3;2;2;3;1;0;1
642;PR1569;793;20170330;5;3;2;1;2;3;2;2;1
643;PR157;472;20140104;5;5;5;1;1;1;2;1;1
644;PR1570;1274;20170330;3;2;2;3;3;4;3;3;1
645;PR1571;813;20170331;3;1;2;1;1;1;1;0;1
646;PR1572;770;20170331;5;5;2;1;2;2;2;2;1
647;PR1573;11;20170402;3;3;2;3;1;1;1;1;1
648;PR1574;48;20170402;2;5;2;2;2;2;1;3;1
649;PR1575;740;20170402;3;5;1;5;2;3;2;1;1
650;PR1576;260;20170402;5;3;3;5;3;4;3;1;1
651;PR1577;1045;20170403;2;5;3;3;3;4;1;1;1
652;PR1578;83;20170405;2;5;2;2;1;2;1;3;1
653;PR1579;147;20170405;5;2;3;2;3;3;1;1;1
654;PR158;1433;20140104;5;5;5;1;3;4;2;2;1
655;PR1580;322;20170405;5;5;3;5;1;2;1;2;1
656;PR1581;1144;20170405;2;3;1;5;3;3;2;1;1
657;PR1582;44;20170406;3;2;5;2;3;3;2;1;1
658;PR1583;843;20170408;3;3;2;5;2;2;2;2;1
659;PR1584;998;20170409;3;2;1;2;2;3;2;1;1
660;PR1585;467;20170409;2;1;5;3;2;2;2;2;1
661;PR1586;986;20170410;5;1;1;1;1;1;2;1;1
662;PR1587;1403;20170410;5;3;5;5;2;2;2;1;1
663;PR1588;711;20170410;2;2;3;5;2;2;2;0;1
664;PR1589;137;20170411;5;1;3;3;2;2;2;0;1
665;PR159;893;20140108;5;5;1;5;1;1;1;0;1
666;PR1590;157;20170411;3;3;1;1;1;2;2;1;1
667;PR1591;409;20170411;3;1;2;5;3;3;3;1;1
668;PR1592;1238;20170411;5;2;5;3;1;1;1;0;1
669;PR1593;465;20170412;2;1;5;2;3;4;3;1;1
670;PR1594;926;20170412;3;1;3;3;2;3;2;2;1
671;PR1595;1128;20170413;3;3;5;2;3;3;2;3;1
672;PR1596;1173;20170413;2;3;2;3;3;4;1;0;1
673;PR1597;529;20170413;2;5;5;5;3;3;3;1;1
674;PR1598;1340;20170413;2;3;3;1;2;3;2;0;1
675;PR1599;1377;20170414;2;1;3;5;2;2;1;1;1
676;PR16;14;20130116;5;5;5;1;2;2;1;0;1
677;PR160;33;20140110;5;3;5;5;2;3;1;0;1
678;PR1600;714;20170414;3;5;2;5;3;4;2;1;1
679;PR1601;1181;20170414;5;1;5;5;2;3;1;2;1
680;PR1602;702;20170416;3;3;2;2;1;1;3;1;1
681;PR1603;1117;20170416;3;2;5;1;1;1;1;0;1
682;PR1604;850;20170416;5;3;1;3;1;1;2;0;1
683;PR1605;1034;20170416;3;1;3;5;2;3;3;1;1
684;PR1606;536;20170417;5;5;5;2;2;3;3;1;1
685;PR1607;422;20170417;5;3;5;3;3;3;2;1;1
686;PR1608;103;20170417;5;2;2;3;2;3;3;1;1
687;PR1609;600;20170417;5;3;5;3;1;2;1;0;1
688;PR161;1422;20140110;2;5;3;2;2;3;1;2;1
689;PR1610;964;20170418;3;3;1;3;2;3;3;0;1
690;PR1611;885;20170418;2;3;3;5;1;1;1;0;1
691;PR1612;1463;20170419;2;3;5;1;2;3;3;1;1
692;PR1613;1130;20170420;3;2;2;3;1;1;1;2;1
693;PR1614;1091;20170420;2;3;3;2;1;2;1;1;1
694;PR1615;838;20170421;2;1;2;1;2;3;3;3;1
695;PR1616;1441;20170421;3;5;1;5;1;1;1;3;1
696;PR1617;359;20170422;3;5;2;5;2;3;2;0;1
697;PR1618;1295;20170422;2;3;5;3;1;2;3;1;1
698;PR1619;661;20170422;3;1;2;3;2;3;2;1;1
699;PR162;679;20140111;2;5;5;2;1;1;3;1;1
700;PR1620;415;20170423;5;5;5;1;2;3;1;2;1
701;PR1621;460;20170424;3;3;5;3;3;3;2;1;1
702;PR1622;923;20170424;5;2;3;3;2;3;1;2;1
703;PR1623;1063;20170424;5;3;2;2;3;3;3;2;1
704;PR1624;105;20170425;3;1;1;3;1;1;2;0;1
705;PR1625;917;20170425;2;2;3;1;1;2;2;1;1
706;PR1626;441;20170426;5;1;5;5;3;4;3;2;1
707;PR1627;160;20170428;3;5;3;5;1;1;3;0;1
708;PR1628;1253;20170428;3;2;3;1;2;3;2;0;1
709;PR1629;1138;20170429;5;1;5;1;1;2;3;2;1
710;PR163;865;20140111;5;2;2;5;3;3;3;0;1
711;PR1630;911;20170430;5;2;5;3;3;3;3;0;1
712;PR1631;1211;20170430;2;1;1;5;1;2;3;0;1
713;PR1632;270;20170430;3;1;2;3;1;1;2;2;1
714;PR1633;308;20170430;3;3;1;1;3;4;3;0;1
715;PR1634;289;20170501;5;2;5;2;1;1;3;3;1
716;PR1635;1008;20170501;2;5;2;5;2;3;3;2;1
717;PR1636;1354;20170501;3;2;2;5;2;2;1;3;1
718;PR1637;133;20170502;3;1;2;5;2;3;2;0;1
719;PR1638;512;20170502;3;3;2;1;1;1;2;3;1
720;PR1639;1202;20170503;5;1;1;5;2;2;3;0;1
721;PR164;1169;20140111;5;5;2;1;3;4;1;2;1
722;PR1640;491;20170503;2;1;3;3;1;2;1;3;1
723;PR1641;127;20170504;2;5;1;1;1;2;2;0;1
724;PR1642;981;20170504;2;1;5;1;2;2;1;2;1
725;PR1643;1367;20170504;2;3;3;3;3;4;2;0;1
726;PR1644;1466;20170505;2;2;1;5;1;2;3;1;1
727;PR1645;1401;20170505;2;3;1;3;3;4;1;0;1
728;PR1646;109;20170505;2;5;3;2;3;3;3;1;1
729;PR1647;257;20170506;2;1;3;5;2;2;3;1;1
730;PR1648;57;20170506;2;1;3;3;1;1;2;0;1
731;PR1649;1201;20170506;3;5;1;1;1;2;2;1;1
732;PR165;687;20140112;3;1;3;1;3;4;2;1;1
733;PR1650;873;20170506;3;5;3;1;1;1;1;1;1
734;PR1651;1341;20170507;3;2;5;3;3;3;2;2;1
735;PR1652;234;20170508;3;3;5;5;2;3;2;1;1
736;PR1653;616;20170508;3;3;3;5;1;2;2;0;1
737;PR1654;517;20170508;5;3;2;5;2;2;1;3;1
738;PR1655;391;20170509;5;1;1;2;3;4;3;1;1
739;PR1656;1305;20170510;5;5;3;1;1;1;3;2;1
740;PR1657;705;20170510;2;2;5;1;3;3;2;2;1
741;PR1658;941;20170511;3;2;3;5;2;2;1;0;1
742;PR1659;171;20170512;2;3;1;3;2;3;2;2;1
743;PR166;1355;20140112;2;1;5;1;1;2;3;0;1
744;PR1660;363;20170512;3;2;5;3;2;2;2;1;1
745;PR1661;932;20170512;5;3;2;5;3;4;1;3;1
746;PR1662;370;20170513;3;2;5;3;2;3;1;2;1
747;PR1663;1149;20170513;2;5;5;2;3;3;2;1;1
748;PR1664;1084;20170513;3;5;2;2;3;4;3;1;1
749;PR1665;185;20170514;2;2;1;3;2;3;3;1;1
750;PR1666;1280;20170515;3;1;3;3;3;4;1;0;1
751;PR1667;1470;20170515;2;3;3;3;1;1;1;1;1
752;PR1668;61;20170516;3;5;1;1;2;2;2;1;1
753;PR1669;899;20170516;5;5;2;5;3;3;3;1;1
754;PR167;118;20140114;3;3;3;5;3;3;1;0;1
755;PR1670;591;20170516;3;3;5;3;1;2;2;1;1
756;PR1671;886;20170517;3;1;2;5;3;3;3;0;1
757;PR1672;213;20170518;2;1;1;3;1;2;1;2;1
758;PR1673;435;20170519;3;3;1;2;2;2;3;2;1
759;PR1674;456;20170519;2;1;1;1;3;4;2;1;1
760;PR1675;915;20170519;3;3;1;2;1;2;1;1;1
761;PR1676;1082;20170519;2;1;3;3;2;3;1;0;1
762;PR1677;823;20170520;3;1;5;5;3;4;2;0;1
763;PR1678;4;20170521;3;2;3;1;2;2;2;0;1
764;PR1679;510;20170521;3;1;2;2;2;3;2;1;1
765;PR168;1187;20140114;2;5;3;5;2;2;1;2;1
766;PR1680;144;20170522;5;2;3;1;2;2;3;2;1
767;PR1681;776;20170523;2;5;3;1;2;2;3;0;1
768;PR1682;387;20170523;2;1;3;2;2;2;2;2;1
769;PR1683;1074;20170523;3;2;1;3;2;3;1;0;1
770;PR1684;741;20170523;3;1;2;2;1;2;1;0;1
771;PR1685;162;20170523;3;1;5;1;3;3;3;1;1
772;PR1686;324;20170523;3;2;2;2;3;4;3;2;1
773;PR1687;1287;20170523;3;1;1;1;3;3;1;1;1
774;PR1688;41;20170524;3;1;2;3;1;1;2;1;1
775;PR1689;92;20170524;5;3;1;1;3;3;2;1;1
776;PR169;14;20140116;3;1;2;3;2;2;2;0;1
777;PR1690;1366;20170524;5;1;3;3;2;3;1;1;1
778;PR1691;875;20170525;5;3;2;1;1;1;3;0;1
779;PR1692;1248;20170526;2;1;5;1;2;3;3;0;1
780;PR1693;240;20170526;3;5;3;2;3;4;2;0;1
781;PR1694;390;20170526;3;3;1;1;1;1;1;0;1
782;PR1695;272;20170527;3;1;5;3;2;3;3;1;1
783;PR1696;1405;20170527;3;2;5;5;3;3;3;1;1
784;PR1697;1155;20170528;2;1;3;2;3;3;1;0;1
785;PR1698;1093;20170529;2;3;3;3;3;4;1;0;1
786;PR1699;1284;20170529;5;3;5;3;2;2;2;0;1
787;PR17;232;20130116;5;3;2;2;1;2;2;2;1
788;PR170;232;20140116;5;3;1;3;2;3;3;2;1
789;PR1700;618;20170529;3;2;1;5;2;3;1;1;1
790;PR1701;662;20170529;2;3;2;1;2;3;1;0;1
791;PR1702;576;20170531;2;5;5;2;2;3;2;3;1
792;PR1703;1419;20170531;2;5;2;5;1;2;2;1;1
793;PR1704;676;20170531;5;3;1;3;3;3;3;0;1
794;PR1705;1023;20170601;2;5;5;2;3;4;3;0;1
795;PR1706;589;20170601;3;3;2;3;2;3;1;2;1
796;PR1707;767;20170601;5;5;3;1;3;3;3;1;1
797;PR1708;1408;20170601;3;2;2;5;2;2;3;1;1
798;PR1709;77;20170603;3;2;5;2;2;3;3;0;1
799;PR171;1158;20140116;5;1;1;1;3;3;3;1;1
800;PR1710;42;20170604;3;5;1;5;2;2;1;3;1
801;PR1711;887;20170605;3;1;3;3;3;4;3;0;1
802;PR1712;1278;20170606;3;5;2;5;1;2;1;0;1
803;PR1713;637;20170606;2;2;5;3;1;1;2;2;1
804;PR1714;1168;20170606;5;2;2;5;1;2;2;2;1
805;PR1715;1418;20170608;3;5;1;1;2;3;2;2;1
806;PR1716;1050;20170609;3;2;3;3;2;2;3;2;1
807;PR1717;1219;20170609;5;1;1;5;1;1;3;1;1
808;PR1718;785;20170610;5;5;1;1;1;2;3;1;1
809;PR1719;153;20170610;3;2;5;5;2;2;2;2;1
810;PR172;1028;20140117;2;2;1;5;1;1;2;1;1
811;PR1720;346;20170612;2;5;1;3;1;1;3;0;1
812;PR1721;1294;20170613;2;3;3;3;1;1;2;0;1
813;PR1722;340;20170614;5;3;5;5;2;2;2;1;1
814;PR1723;1348;20170614;3;2;3;1;1;2;2;1;1
815;PR1724;947;20170614;3;3;1;2;1;1;1;0;1
816;PR1725;471;20170615;5;5;5;2;3;3;2;2;1
817;PR1726;962;20170616;2;3;1;3;3;3;3;1;1
818;PR1727;445;20170616;3;5;2;1;2;2;1;0;1
819;PR1728;181;20170617;3;2;3;3;2;3;2;0;1
820;PR1729;477;20170617;3;5;1;2;3;4;2;0;1
821;PR173;641;20140117;2;2;5;1;1;2;2;0;1
822;PR1730;653;20170617;5;1;3;2;1;2;3;0;1
823;PR1731;3;20170619;5;1;5;5;1;2;3;0;1
824;PR1732;1407;20170619;3;5;2;2;1;2;1;1;1
825;PR1733;168;20170619;3;3;3;5;2;2;2;0;1
826;PR1734;1079;20170621;3;2;2;2;1;1;3;1;1
827;PR1735;475;20170621;2;5;3;5;1;1;2;0;1
828;PR1736;263;20170622;5;2;5;1;2;3;2;1;1
829;PR1737;344;20170623;3;3;3;1;3;4;2;1;1
830;PR1738;778;20170623;2;1;3;1;1;2;2;0;1
831;PR1739;479;20170623;5;1;3;2;3;4;3;1;1
832;PR174;290;20140118;5;1;5;5;2;3;3;1;1
833;PR1740;884;20170623;5;1;5;2;3;4;2;1;1
834;PR1741;871;20170624;2;3;3;1;3;3;3;3;1
835;PR1742;432;20170626;3;1;3;1;2;3;2;0;1
836;PR1743;1344;20170626;3;3;2;1;3;3;1;3;1
837;PR1744;733;20170626;2;3;3;5;3;3;3;0;1
838;PR1745;380;20170626;5;1;2;1;1;1;1;0;1
839;PR1746;1097;20170628;2;3;3;1;2;3;1;1;1
840;PR1747;1114;20170628;5;2;3;1;3;4;1;2;1
841;PR1748;249;20170629;5;1;5;1;1;2;1;0;1
842;PR1749;622;20170630;2;2;3;2;2;3;3;3;1
843;PR175;787;20140118;5;3;5;5;3;4;2;3;1
844;PR1750;1224;20170630;3;5;1;3;1;2;3;0;1
845;PR1751;429;20170701;2;2;1;2;3;4;3;1;1
846;PR1752;496;20170701;5;2;3;1;1;2;3;1;1
847;PR1753;1456;20170701;5;2;2;1;3;4;1;1;1
848;PR1754;541;20170701;5;1;3;3;2;3;2;0;1
849;PR1755;1439;20170703;5;3;3;1;2;3;1;0;1
850;PR1756;271;20170705;3;2;3;5;1;1;2;2;1
851;PR1757;368;20170706;3;5;1;1;3;4;3;2;1
852;PR1758;791;20170708;3;3;1;1;3;4;3;2;1
853;PR1759;990;20170708;2;1;3;5;2;3;1;1;1
854;PR176;798;20140118;5;2;5;5;3;4;2;1;1
855;PR1760;95;20170709;5;1;3;2;3;4;3;0;1
856;PR1761;708;20170709;3;3;3;2;1;1;1;0;1
857;PR1762;309;20170709;2;2;5;1;2;3;2;1;1
858;PR1763;506;20170709;5;2;3;5;3;4;1;2;1
859;PR1764;868;20170709;3;3;2;3;1;1;1;0;1
860;PR1765;1304;20170710;3;1;1;2;3;3;3;2;1
861;PR1766;120;20170710;2;3;1;5;1;1;1;3;1
862;PR1767;914;20170710;5;5;5;5;2;2;2;0;1
863;PR1768;577;20170711;5;2;3;2;3;3;2;0;1
864;PR1769;863;20170711;5;3;3;2;2;2;1;2;1
865;PR177;792;20140118;5;3;2;2;3;3;3;0;1
866;PR1770;1271;20170712;5;5;3;5;2;2;1;2;1
867;PR1771;763;20170713;5;2;5;1;3;4;1;1;1
868;PR1772;241;20170713;2;1;3;5;3;4;1;1;1
869;PR1773;464;20170714;2;5;5;2;3;3;1;2;1
870;PR1774;1307;20170715;3;5;3;3;1;2;2;1;1
871;PR1775;243;20170715;2;1;5;1;3;3;1;0;1
872;PR1776;210;20170715;5;1;3;3;2;2;2;1;1
873;PR1777;1247;20170717;3;5;5;3;2;2;3;2;1
874;PR1778;1165;20170717;3;3;1;3;1;2;3;1;1
875;PR1779;1246;20170718;2;3;2;1;2;3;1;1;1
876;PR178;652;20140119;5;5;3;2;2;3;1;1;1
877;PR1780;1385;20170718;2;3;1;1;1;1;2;0;1
878;PR1781;1406;20170718;3;5;1;1;1;2;3;3;1
879;PR1782;129;20170718;5;3;3;3;1;2;2;2;1
880;PR1783;1250;20170718;3;3;3;1;3;4;1;3;1
881;PR1784;1427;20170719;3;5;1;2;2;3;3;1;1
882;PR1785;1096;20170719;3;3;4;4;3;4;2;2;1
883;PR1786;279;20170719;4;2;1;2;3;4;3;1;1
884;PR1787;955;20170720;3;3;4;3;3;3;3;0;1
885;PR1788;844;20170721;2;3;4;2;3;3;3;0;1
886;PR1789;1039;20170721;2;3;3;2;3;3;1;0;1
887;PR179;1357;20140119;3;2;1;5;3;3;1;1;1
888;PR1790;373;20170722;3;2;1;2;1;1;1;1;1
889;PR1791;1258;20170722;1;4;2;1;3;4;1;3;1
890;PR1792;643;20170723;3;4;2;3;3;4;2;0;1
891;PR1793;1283;20170724;2;3;3;1;1;1;2;2;1
892;PR1794;889;20170725;3;2;2;1;2;3;2;3;1
893;PR1795;1218;20170725;5;3;5;3;1;1;3;0;1
894;PR1796;190;20170725;2;5;2;5;3;4;2;1;1
895;PR1797;703;20170727;3;2;1;5;1;2;1;0;1
896;PR1798;1398;20170728;3;3;3;3;2;3;3;1;1
897;PR1799;1226;20170728;5;2;3;1;2;3;3;1;1
898;PR18;1158;20130116;5;3;3;3;2;2;1;1;1
899;PR180;553;20140120;2;3;2;5;1;2;2;0;1
900;PR1800;1159;20170730;2;5;5;1;2;3;2;0;1
901;PR1801;112;20170730;3;2;1;3;2;3;2;1;1
902;PR1802;888;20170730;2;2;2;1;1;1;3;1;1
903;PR1803;228;20170731;2;5;3;5;3;3;3;1;1
904;PR1804;701;20170801;2;5;3;2;3;4;1;1;1
905;PR1805;437;20170802;5;1;1;2;1;1;1;1;1
906;PR1806;602;20170804;3;2;5;2;2;3;2;0;1
907;PR1807;483;20170804;2;5;5;2;2;2;3;3;1
908;PR1808;1369;20170804;5;1;3;2;2;2;1;0;1
909;PR1809;992;20170804;5;5;2;3;1;1;2;0;1
910;PR181;1213;20140123;3;1;5;1;1;2;1;2;1
911;PR1810;607;20170806;2;1;2;1;3;4;1;1;1
912;PR1811;1088;20170806;5;2;3;3;1;2;3;1;1
913;PR1812;525;20170809;3;5;2;2;1;2;3;2;1
914;PR1813;246;20170810;5;2;5;1;2;2;1;1;1
915;PR1814;860;20170812;5;2;2;2;1;2;1;0;1
916;PR1815;23;20170813;3;5;2;2;3;3;1;0;1
917;PR1816;400;20170813;5;1;3;3;2;2;3;3;1
918;PR1817;859;20170813;2;1;5;1;1;2;2;1;1
919;PR1818;993;20170814;5;2;3;1;2;3;3;1;1
920;PR1819;557;20170815;5;2;3;1;1;2;1;2;1
921;PR182;880;20140123;3;3;2;1;2;3;1;3;1
922;PR1820;1192;20170815;5;3;2;3;1;1;2;1;1
923;PR1821;1011;20170815;2;5;3;1;3;4;3;2;1
924;PR1822;719;20170815;2;1;2;3;2;3;1;1;1
925;PR1823;244;20170816;3;1;3;3;2;3;2;0;1
926;PR1824;361;20170816;2;3;5;2;2;3;3;2;1
927;PR1825;1151;20170816;2;2;2;1;3;4;3;1;1
928;PR1826;307;20170817;3;3;5;3;3;4;1;0;1
929;PR1827;466;20170817;5;2;5;1;3;3;1;0;1
930;PR1828;1048;20170818;2;3;5;1;1;1;2;1;1
931;PR1829;1286;20170818;2;1;3;1;3;4;1;2;1
932;PR183;788;20140124;5;5;1;3;1;1;1;1;1
933;PR1830;1429;20170821;2;2;2;5;2;2;1;0;1
934;PR1831;237;20170821;3;5;5;3;3;4;1;1;1
935;PR1832;555;20170821;2;5;1;5;3;4;3;1;1
936;PR1833;143;20170823;2;3;3;5;3;4;3;1;1
937;PR1834;149;20170824;3;5;1;2;2;2;3;3;1
938;PR1835;1193;20170825;3;1;5;1;3;4;3;1;1
939;PR1836;486;20170825;5;2;1;1;3;3;3;0;1
940;PR1837;451;20170827;2;2;2;5;1;1;1;0;1
941;PR1838;139;20170830;5;1;2;5;3;3;3;0;1
942;PR1839;121;20170901;3;2;3;2;2;3;1;2;1
943;PR184;191;20140124;3;2;1;2;2;2;1;1;1
944;PR1840;1078;20170901;3;1;3;3;3;3;3;0;1
945;PR1841;261;20170902;5;1;1;5;3;4;3;0;1
946;PR1842;1135;20170902;5;5;1;1;3;4;1;2;1
947;PR1843;1227;20170903;5;3;3;3;3;3;1;0;1
948;PR1844;268;20170903;2;1;3;1;1;1;2;0;1
949;PR1845;315;20170904;3;5;5;5;1;2;3;1;1
950;PR1846;1000;20170906;2;5;1;5;1;2;3;0;1
951;PR1847;1186;20170908;5;5;5;5;3;4;2;0;1
952;PR1848;1147;20170909;2;5;5;1;2;2;3;2;1
953;PR1849;174;20170911;5;5;5;2;1;2;2;2;1
954;PR185;386;20140125;3;2;3;1;3;4;1;0;1
955;PR1850;376;20170912;2;3;2;2;2;2;1;0;1
956;PR1851;560;20170914;3;5;5;3;1;1;3;3;1
957;PR1852;673;20170915;2;2;2;1;3;4;2;1;1
958;PR1853;347;20170916;3;2;2;5;1;2;2;1;1
959;PR1854;935;20170916;5;5;2;3;3;4;3;1;1
960;PR1855;275;20170920;5;2;5;1;2;3;1;1;1
961;PR1856;294;20170921;5;2;5;1;2;3;2;0;1
962;PR1857;736;20170921;3;5;2;5;2;2;1;1;1
963;PR1858;51;20170922;3;3;3;3;2;3;2;2;1
964;PR1859;398;20170923;2;2;5;3;2;3;1;0;1
965;PR186;1031;20140126;3;2;1;1;1;2;1;0;1
966;PR1860;1336;20170924;5;1;1;2;3;4;2;0;1
967;PR1861;1290;20170925;2;1;2;5;3;3;1;0;1
968;PR1862;727;20170926;5;1;2;2;3;3;1;2;1
969;PR1863;1356;20170926;3;2;2;1;2;3;3;0;1
970;PR1864;396;20170927;5;1;3;3;2;2;2;0;1
971;PR1865;172;20170928;5;1;3;3;3;4;1;1;1
972;PR1866;817;20170928;3;5;2;3;1;1;2;1;1
973;PR1867;1430;20170928;5;3;2;5;1;1;1;0;1
974;PR1868;1058;20170929;2;5;5;2;1;1;3;0;1
975;PR1869;534;20170930;5;5;2;1;1;1;1;0;1
976;PR187;559;20140127;5;3;3;2;1;2;3;2;1
977;PR1870;119;20171001;5;1;5;5;2;3;1;0;1
978;PR1871;1020;20171001;2;5;5;1;1;1;3;3;1
979;PR1872;777;20171001;5;1;3;1;1;1;2;3;1
980;PR1873;256;20171001;5;2;2;2;1;1;2;0;1
981;PR1874;224;20171003;2;3;2;2;3;3;1;0;1
982;PR1875;746;20171004;5;2;5;5;1;2;1;0;1
983;PR1876;636;20171004;3;5;2;5;1;2;3;2;1
984;PR1877;1214;20171004;3;5;3;1;2;3;3;0;1
985;PR1878;96;20171004;2;3;2;1;2;2;2;0;1
986;PR1879;1019;20171004;2;3;5;2;1;1;2;2;1
987;PR188;515;20140129;2;1;3;5;1;2;3;0;1
988;PR1880;12;20171008;3;1;5;2;3;4;3;3;1
989;PR1881;738;20171009;2;1;2;2;2;3;2;0;1
990;PR1882;1361;20171009;3;5;1;5;1;1;3;2;1
991;PR1883;751;20171009;3;3;2;5;2;3;2;1;1
992;PR1884;671;20171010;5;5;2;5;3;3;3;2;1
993;PR1885;115;20171010;5;1;2;2;1;1;3;1;1
994;PR1886;1446;20171014;3;1;5;1;3;4;1;0;1
995;PR1887;140;20171015;2;5;5;3;1;2;2;1;1
996;PR1888;201;20171015;3;1;2;2;3;4;2;1;1
997;PR1889;531;20171015;5;2;2;2;2;2;2;2;1
998;PR189;1319;20140129;2;3;3;2;2;3;1;0;1
999;PR1890;280;20171016;3;3;3;2;2;2;3;3;1
1000;PR1891;388;20171017;2;3;2;2;1;1;2;1;1
1001;PR1892;951;20171017;5;2;5;1;3;4;1;2;1
1002;PR1893;657;20171018;2;5;2;3;1;2;3;1;1
1003;PR1894;392;20171019;3;5;3;2;3;4;3;2;1
1004;PR1895;648;20171020;5;1;3;3;1;1;1;0;1
1005;PR1896;1167;20171020;5;2;2;2;2;3;3;0;1
1006;PR1897;199;20171022;2;3;2;1;1;2;1;0;1
1007;PR1898;265;20171025;5;1;5;5;3;4;2;1;1
1008;PR1899;663;20171025;3;5;5;1;3;4;1;0;1
1009;PR19;1028;20130117;2;3;5;2;3;4;2;0;1
1010;PR190;862;20140130;3;3;2;1;1;2;2;2;1
1011;PR1900;1179;20171025;5;2;3;3;1;2;3;2;1
1012;PR1901;881;20171026;3;2;1;1;1;2;3;1;1
1013;PR1902;1195;20171026;2;2;5;3;3;4;3;1;1
1014;PR1903;728;20171026;5;1;2;1;1;2;2;1;1
1015;PR1904;1018;20171026;3;1;5;5;3;3;2;1;1
1016;PR1905;221;20171027;2;5;5;3;1;2;3;1;1
1017;PR1906;794;20171028;5;1;2;1;3;3;3;1;1
1018;PR1907;892;20171029;3;5;5;5;2;2;2;1;1
1019;PR1908;276;20171030;3;3;5;1;3;4;3;1;1
1020;PR1909;574;20171031;3;5;5;2;1;2;1;0;1
1021;PR191;658;20140131;2;2;2;2;1;1;2;1;1
1022;PR1910;55;20171031;5;3;2;1;2;3;1;1;1
1023;PR1911;709;20171031;2;5;1;3;1;2;1;0;1
1024;PR1912;1101;20171101;2;1;3;2;3;3;3;1;1
1025;PR1913;1358;20171102;5;3;1;2;2;2;2;0;1
1026;PR1914;13;20171102;5;5;2;2;3;3;2;1;1
1027;PR1915;729;20171103;3;1;5;1;1;2;2;3;1
1028;PR1916;1276;20171104;3;2;3;1;2;3;1;0;1
1029;PR1917;1362;20171105;5;1;2;3;2;2;2;0;1
1030;PR1918;208;20171105;5;3;2;2;2;3;2;1;1
1031;PR1919;124;20171106;2;5;3;5;2;2;1;1;1
1032;PR192;1379;20140131;5;1;1;1;2;3;3;0;1
1033;PR1920;166;20171106;3;3;3;3;1;2;2;1;1
1034;PR1921;608;20171106;2;5;5;1;3;4;3;1;1
1035;PR1922;1162;20171106;2;2;2;3;2;3;2;2;1
1036;PR1923;1464;20171107;3;1;5;1;2;2;1;0;1
1037;PR1924;426;20171107;3;1;3;5;3;4;1;1;1
1038;PR1925;995;20171108;2;3;1;1;2;3;1;1;1
1039;PR1926;299;20171108;5;1;5;5;1;1;2;0;1
1040;PR1927;1061;20171108;2;1;5;2;2;2;2;1;1
1041;PR1928;1089;20171109;3;2;5;3;2;3;3;3;1
1042;PR1929;961;20171109;3;3;2;5;2;2;3;3;1
1043;PR193;108;20140201;5;2;3;5;2;2;2;2;1
1044;PR1930;1242;20171109;5;5;1;5;3;3;2;2;1
1045;PR1931;449;20171110;5;3;3;5;3;4;2;0;1
1046;PR1932;699;20171110;3;1;2;2;2;3;2;0;1
1047;PR1933;341;20171111;5;1;3;1;2;3;3;1;1
1048;PR1934;1412;20171111;3;1;2;5;1;1;2;0;1
1049;PR1935;242;20171111;5;2;3;5;3;4;3;1;1
1050;PR1936;1443;20171112;2;5;3;1;1;1;1;1;1
1051;PR1937;933;20171113;2;1;5;1;2;3;3;3;1
1052;PR1938;853;20171114;5;2;3;5;2;3;2;0;1
1053;PR1939;382;20171115;5;5;5;5;1;2;2;1;1
1054;PR194;1372;20140201;3;3;2;5;2;2;3;1;1
1055;PR1940;1116;20171117;5;5;2;2;1;2;1;3;1
1056;PR1941;999;20171117;2;3;1;1;3;3;3;1;1
1057;PR1942;1453;20171117;3;1;1;2;1;1;3;1;1
1058;PR1943;1107;20171118;5;3;3;1;2;3;2;3;1
1059;PR1944;438;20171118;3;5;5;3;1;2;3;1;1
1060;PR1945;718;20171118;5;1;3;2;2;2;3;2;1
1061;PR1946;7;20171119;5;2;2;2;3;4;3;0;1
1062;PR1947;54;20171120;5;2;3;3;1;2;1;0;1
1063;PR1948;730;20171121;5;3;5;1;1;2;1;1;1
1064;PR1949;1103;20171122;5;5;1;3;1;2;1;2;1
1065;PR195;797;20140203;3;5;5;1;1;2;3;3;1
1066;PR1950;145;20171123;2;3;3;3;1;1;2;1;1
1067;PR1951;1104;20171124;2;1;2;5;2;3;1;3;1
1068;PR1952;526;20171125;2;2;1;1;3;4;2;3;1
1069;PR1953;623;20171125;2;2;1;5;1;2;1;1;1
1070;PR1954;1426;20171125;3;5;1;2;1;1;2;1;1
1071;PR1955;314;20171126;3;1;1;2;3;4;2;1;1
1072;PR1956;116;20171127;5;1;5;5;2;2;1;1;1
1073;PR1957;413;20171128;3;1;3;2;1;1;3;0;1
1074;PR1958;253;20171128;5;1;1;3;1;2;1;1;1
1075;PR1959;1124;20171129;5;1;2;2;3;4;2;0;1
1076;PR196;1237;20140203;3;3;5;1;2;3;1;1;1
1077;PR1960;1015;20171129;3;3;1;1;3;4;1;0;1
1078;PR1961;900;20171201;5;2;3;2;3;3;3;2;1
1079;PR1962;1394;20171201;2;5;5;1;2;2;3;0;1
1080;PR1963;408;20171202;2;1;5;1;2;2;2;0;1
1081;PR1964;1076;20171203;5;2;3;1;2;3;1;1;1
1082;PR1965;1277;20171203;3;5;3;2;3;4;1;1;1
1083;PR1966;334;20171205;2;1;2;5;3;4;3;1;1
1084;PR1967;948;20171205;3;3;3;3;1;2;3;0;1
1085;PR1968;1293;20171205;3;1;3;3;1;2;2;1;1
1086;PR1969;1206;20171205;2;2;1;2;2;2;2;1;1
1087;PR197;575;20140204;5;5;2;1;2;2;2;1;1
1088;PR1970;418;20171205;2;5;5;3;2;2;1;1;1
1089;PR1971;1346;20171206;2;2;5;2;1;1;3;2;1
1090;PR1972;1133;20171207;5;1;5;3;2;3;3;0;1
1091;PR1973;511;20171208;5;3;3;5;3;4;3;1;1
1092;PR1974;1057;20171208;3;2;5;3;3;4;2;1;1
1093;PR1975;582;20171209;2;2;1;5;1;1;3;2;1
1094;PR1976;504;20171209;5;3;2;3;3;4;2;1;1
1095;PR1977;1184;20171211;5;5;1;3;3;3;3;1;1
1096;PR1978;1331;20171213;5;1;3;3;1;2;2;3;1
1097;PR1979;1325;20171213;3;3;5;5;1;1;3;3;1
1098;PR198;1298;20140204;3;2;1;3;3;4;1;0;1
1099;PR1980;316;20171213;3;5;5;3;1;2;3;0;1
1100;PR1981;1324;20171216;2;1;5;2;2;2;2;0;1
1101;PR1982;1291;20171217;3;5;1;1;1;2;3;0;1
1102;PR1983;879;20171218;5;3;1;1;1;2;2;0;1
1103;PR1984;991;20171219;5;2;3;5;1;1;2;1;1
1104;PR1985;1272;20171219;2;3;2;1;1;1;2;1;1
1105;PR1986;78;20171220;3;1;2;2;3;3;1;1;1
1106;PR1987;533;20171220;5;5;1;2;1;2;1;0;1
1107;PR1988;128;20171220;5;1;5;2;3;3;1;0;1
1108;PR1989;916;20171222;3;2;2;1;3;4;2;3;1
1109;PR199;807;20140205;3;5;5;1;2;2;2;1;1
1110;PR1990;1432;20171222;3;5;5;2;1;2;1;2;1
1111;PR1991;38;20171222;3;3;3;2;3;4;2;1;1
1112;PR1992;1329;20171224;2;3;5;5;1;1;2;3;1
1113;PR1993;579;20171224;5;3;1;2;2;2;2;0;1
1114;PR1994;1240;20171224;5;1;3;3;3;3;2;3;1
1115;PR1995;634;20171225;2;1;1;3;2;2;3;1;1
1116;PR1996;950;20171225;5;2;1;3;1;1;2;0;1
1117;PR1997;431;20171226;3;3;2;5;2;2;3;2;1
1118;PR1998;580;20171227;5;1;5;3;3;4;1;0;1
1119;PR1999;141;20171228;5;1;5;5;1;1;1;1;1
1120;PR20;290;20130118;3;2;1;5;1;2;3;0;1
1121;PR200;1400;20140205;5;5;5;3;3;3;3;0;1
1122;PR2000;436;20171228;2;3;1;5;3;3;3;1;1
1123;PR2001;22;20171229;5;2;2;5;1;2;2;0;1
1124;PR2002;667;20171230;2;1;3;5;2;2;2;0;1
1125;PR2003;971;20171230;5;3;5;1;1;1;3;1;1
1126;PR2004;194;20171230;2;3;2;3;1;1;2;3;1
1127;PR2005;356;20171231;5;3;5;2;3;3;2;1;1
1128;PR2006;695;20171231;3;3;3;5;3;3;2;1;1
1129;PR2007;696;20180101;5;1;5;1;2;3;1;1;1
1130;PR2008;362;20180101;5;5;2;2;2;3;2;2;1
1131;PR2009;1040;20180102;3;3;1;3;2;3;2;1;1
1132;PR201;975;20140205;5;3;1;3;2;3;3;1;1
1133;PR2010;1417;20180102;3;1;3;2;3;3;1;2;1
1134;PR2011;1112;20180102;3;3;2;2;2;2;1;0;1
1135;PR2012;1289;20180102;2;2;2;1;3;3;2;2;1
1136;PR2013;37;20180103;3;1;3;5;2;3;3;2;1
1137;PR2014;472;20180103;3;3;1;3;3;4;1;0;1
1138;PR2015;1433;20180103;5;3;3;5;1;2;2;3;1
1139;PR2016;1094;20180104;5;3;5;3;2;2;1;0;1
1140;PR2017;122;20180105;5;1;1;2;3;3;1;1;1
1141;PR2018;1222;20180106;5;2;2;2;3;4;2;1;1
1142;PR2019;893;20180107;2;1;5;1;1;1;1;1;1
1143;PR202;1243;20140205;3;1;2;2;3;3;3;2;1
1144;PR2020;505;20180107;5;3;1;3;1;1;3;0;1
1145;PR2021;1106;20180108;5;2;3;2;2;2;1;0;1
1146;PR2022;33;20180109;5;3;2;5;2;3;3;0;1
1147;PR2023;1422;20180109;2;5;3;3;3;4;2;1;1
1148;PR2024;312;20180109;2;1;3;3;2;2;3;2;1
1149;PR2025;1191;20180109;5;5;2;3;3;4;2;2;1
1150;PR2026;381;20180109;3;5;2;2;1;2;3;2;1
1151;PR2027;679;20180110;3;5;3;1;2;3;2;0;1
1152;PR2028;865;20180110;3;1;1;3;1;1;2;2;1
1153;PR2029;1169;20180110;2;5;5;3;2;3;2;2;1
1154;PR203;136;20140206;3;5;3;2;2;3;2;0;1
1155;PR2030;687;20180111;2;5;1;3;1;2;3;0;1
1156;PR2031;1355;20180111;3;3;2;5;3;4;1;1;1
1157;PR2032;674;20180112;2;3;1;1;3;3;1;0;1
1158;PR2033;118;20180113;2;2;3;5;3;4;3;0;1
1159;PR2034;1187;20180113;2;5;2;3;2;3;1;0;1
1160;PR2035;1017;20180113;5;5;1;5;2;2;2;3;1
1161;PR2036;1468;20180114;5;2;1;1;3;3;1;0;1
1162;PR2037;14;20180115;2;2;2;1;3;4;3;2;1
1163;PR2038;232;20180115;2;2;3;3;2;2;3;2;1
1164;PR2039;1158;20180115;3;2;5;2;2;3;3;2;1
1165;PR204;476;20140206;2;5;2;5;3;4;2;1;1
1166;PR2040;1113;20180115;3;1;5;5;1;2;2;1;1
1167;PR2041;1028;20180116;2;1;5;3;3;3;1;1;1
1168;PR2042;641;20180116;3;3;3;2;2;2;1;0;1
1169;PR2043;290;20180117;2;2;3;2;3;4;2;1;1
1170;PR2044;787;20180117;5;5;5;2;2;3;1;1;1
1171;PR2045;798;20180117;5;2;1;3;3;4;3;0;1
1172;PR2046;792;20180117;5;5;2;5;1;2;2;0;1
1173;PR2047;652;20180118;2;2;2;1;2;2;3;2;1
1174;PR2048;1357;20180118;2;3;3;3;3;4;2;1;1
1175;PR2049;1249;20180118;2;3;3;3;1;2;1;0;1
1176;PR205;81;20140211;5;3;2;1;2;3;1;1;1
1177;PR2050;626;20180118;5;2;1;1;1;2;3;1;1
1178;PR2051;553;20180119;3;2;2;2;1;2;1;1;1
1179;PR2052;204;20180119;2;2;2;1;2;3;3;0;1
1180;PR2053;30;20180120;3;3;2;2;1;1;2;0;1
1181;PR2054;385;20180121;2;2;1;2;3;4;2;1;1
1182;PR2055;724;20180121;5;2;1;1;2;3;2;1;1
1183;PR2056;1436;20180121;2;1;1;3;3;4;3;1;1
1184;PR2057;1213;20180122;2;3;1;5;3;4;2;1;1
1185;PR2058;880;20180122;2;5;2;1;2;2;1;2;1
1186;PR2059;788;20180123;3;2;3;1;3;4;1;1;1
1187;PR206;1025;20140211;2;2;5;3;1;2;2;1;1
1188;PR2060;191;20180123;2;1;5;1;1;2;1;1;1
1189;PR2061;386;20180124;5;5;1;2;1;1;2;1;1
1190;PR2062;959;20180124;5;2;5;2;3;3;3;0;1
1191;PR2063;1031;20180125;5;3;1;3;2;2;3;0;1
1192;PR2064;565;20180126;5;1;5;3;1;2;3;0;1
1193;PR2065;1457;20180126;2;5;3;5;3;4;3;1;1
1194;PR2066;571;20180126;3;1;3;3;3;4;3;0;1
1195;PR2067;515;20180128;2;2;1;5;2;3;3;0;1
1196;PR2068;1319;20180128;5;1;3;2;2;2;2;0;1
1197;PR2069;1014;20180128;2;3;1;3;2;2;1;2;1
1198;PR207;1264;20140212;2;1;2;2;1;1;2;1;1
1199;PR2070;862;20180129;5;3;1;5;3;4;3;0;1
1200;PR2071;24;20180129;3;3;1;2;3;4;1;2;1
1201;PR2072;216;20180129;2;3;1;2;1;2;3;0;1
1202;PR2073;658;20180130;3;3;1;3;2;3;3;0;1
1203;PR2074;1379;20180130;2;2;5;1;3;3;2;0;1
1204;PR2075;264;20180130;5;5;2;5;3;4;3;3;1
1205;PR2076;108;20180131;5;3;3;5;3;4;2;0;1
1206;PR2077;1372;20180131;2;5;2;5;2;3;3;1;1
1207;PR2078;1032;20180201;2;3;3;3;3;4;3;0;1
1208;PR2079;1297;20180201;2;2;1;2;1;2;1;2;1
1209;PR208;227;20140213;3;2;5;2;2;2;2;0;1
1210;PR2080;797;20180202;3;3;2;2;3;3;1;2;1
1211;PR2081;1237;20180202;5;1;1;3;3;4;1;0;1
1212;PR2082;186;20180202;2;2;5;5;1;2;2;0;1
1213;PR2083;848;20180202;2;1;2;1;2;3;1;1;1
1214;PR2084;1003;20180202;2;3;1;3;3;4;2;1;1
1215;PR2085;575;20180203;2;2;1;1;1;1;3;3;1
1216;PR2086;503;20180203;5;3;2;5;3;4;3;0;1
1217;PR2087;807;20180204;2;3;2;5;1;2;3;1;1
1218;PR2088;1400;20180204;3;5;3;3;3;4;2;0;1
1219;PR2089;975;20180204;3;5;5;5;1;2;1;1;1
1220;PR209;754;20140213;5;3;3;5;2;3;1;3;1
1221;PR2090;1243;20180204;3;3;1;5;2;3;2;0;1
1222;PR2091;1055;20180204;5;3;1;1;1;2;1;1;1
1223;PR2092;1105;20180204;5;2;3;3;1;2;2;2;1
1224;PR2093;136;20180205;2;2;2;1;1;2;2;3;1
1225;PR2094;476;20180205;3;2;5;5;2;3;2;0;1
1226;PR2095;1225;20180205;3;5;2;1;3;3;3;0;1
1227;PR2096;132;20180206;3;5;1;5;1;2;3;1;1
1228;PR2097;1146;20180208;2;3;5;3;2;3;2;2;1
1229;PR2098;1374;20180208;2;2;3;5;1;2;1;2;1
1230;PR2099;1288;20180208;5;2;1;5;3;3;3;1;1
1231;PR21;787;20130118;2;2;1;5;2;2;3;2;1
1232;PR210;572;20140214;5;3;1;1;2;3;1;1;1
1233;PR2100;1059;20180208;5;3;3;3;3;3;2;3;1
1234;PR2101;891;20180209;2;3;2;2;1;2;1;0;1
1235;PR2102;81;20180210;2;1;1;5;1;1;1;3;1
1236;PR2103;1025;20180210;2;5;2;3;1;2;3;1;1
1237;PR2104;501;20180210;2;2;2;5;3;4;2;1;1
1238;PR2105;1264;20180211;5;1;5;5;1;2;2;0;1
1239;PR2106;806;20180211;5;1;2;1;1;1;1;0;1
1240;PR2107;227;20180212;5;1;5;3;1;1;2;2;1
1241;PR2108;754;20180212;5;2;3;1;1;1;1;1;1
1242;PR2109;1013;20180212;5;2;1;1;2;3;3;3;1
1243;PR211;514;20140216;3;1;5;1;3;4;3;0;1
1244;PR2110;572;20180213;5;2;5;5;1;1;3;0;1
1245;PR2111;79;20180213;5;3;5;3;2;3;2;1;1
1246;PR2112;310;20180213;5;3;1;3;1;1;3;3;1
1247;PR2113;85;20180214;5;2;5;5;1;1;1;0;1
1248;PR2114;514;20180215;5;3;5;3;3;3;2;2;1
1249;PR2115;104;20180215;3;3;2;5;1;2;3;3;1
1250;PR2116;857;20180215;2;1;2;5;2;3;1;2;1
1251;PR2117;454;20180217;2;1;3;5;3;4;3;0;1
1252;PR2118;1056;20180217;5;2;1;1;2;3;2;0;1
1253;PR2119;1203;20180217;3;5;2;3;3;3;2;0;1
1254;PR212;104;20140216;5;3;2;2;3;3;2;0;1
1255;PR2120;1378;20180217;3;1;3;1;2;3;2;2;1
1256;PR2121;329;20180218;5;5;2;1;3;4;3;1;1
1257;PR2122;200;20180220;2;3;1;1;3;4;1;1;1
1258;PR2123;812;20180220;3;3;1;5;3;3;2;1;1
1259;PR2124;462;20180221;3;1;3;1;2;2;1;2;1
1260;PR2125;1435;20180221;5;1;5;1;1;2;2;1;1
1261;PR2126;1438;20180221;3;5;3;3;1;2;2;0;1
1262;PR2127;1178;20180221;5;3;2;2;3;3;1;0;1
1263;PR2128;523;20180222;3;2;3;2;1;1;2;1;1
1264;PR2129;1308;20180222;5;3;2;5;1;1;3;1;1
1265;PR213;454;20140218;2;1;3;1;1;1;2;1;1
1266;PR2130;789;20180222;2;3;1;5;3;4;2;0;1
1267;PR2131;1131;20180222;2;1;3;2;3;4;2;0;1
1268;PR2132;1142;20180222;5;2;1;2;3;3;2;2;1
1269;PR2133;584;20180223;3;3;2;1;2;2;3;2;1
1270;PR2134;283;20180224;5;5;3;3;3;3;1;0;1
1271;PR2135;1090;20180225;3;1;3;3;2;3;1;2;1
1272;PR2136;683;20180225;3;2;3;3;3;3;3;1;1
1273;PR2137;297;20180226;5;5;1;5;1;1;1;0;1
1274;PR2138;152;20180226;5;5;1;2;1;2;2;1;1
1275;PR2139;508;20180227;3;1;2;3;1;2;3;0;1
1276;PR214;1056;20140218;5;1;1;2;2;3;3;2;1
1277;PR2140;1335;20180227;2;2;3;3;2;3;2;1;1
1278;PR2141;5;20180228;5;3;3;1;2;3;3;2;1
1279;PR2142;678;20180228;5;1;1;3;1;2;3;0;1
1280;PR2143;686;20180228;5;5;2;2;3;3;1;0;1
1281;PR2144;644;20180228;5;1;5;3;2;2;1;0;1
1282;PR2145;148;20180301;5;5;1;2;3;3;3;2;1
1283;PR2146;1164;20180301;2;3;1;1;1;1;3;0;1
1284;PR2147;1279;20180301;3;3;5;5;3;4;1;0;1
1285;PR2148;918;20180301;2;2;1;1;3;3;1;2;1
1286;PR2149;646;20180301;3;5;5;2;3;4;3;3;1
1287;PR215;329;20140219;5;1;3;2;3;4;1;3;1
1288;PR2150;833;20180301;3;5;2;2;2;2;3;0;1
1289;PR2151;1353;20180302;3;2;3;1;2;3;1;1;1
1290;PR2152;197;20180302;2;2;3;5;3;3;3;1;1
1291;PR2153;966;20180302;5;3;5;3;1;2;1;0;1
1292;PR2154;1127;20180303;2;5;2;2;1;2;1;0;1
1293;PR2155;1161;20180303;5;1;5;1;2;2;2;0;1
1294;PR2156;1461;20180303;3;5;5;1;3;4;1;0;1
1295;PR2157;16;20180303;5;2;5;3;2;3;2;1;1
1296;PR2158;40;20180304;5;1;5;2;3;4;1;1;1
1297;PR2159;99;20180305;2;2;1;3;2;3;3;1;1
1298;PR216;200;20140221;5;3;5;2;1;1;3;0;1
1299;PR2160;138;20180305;3;1;5;3;3;3;2;0;1
1300;PR2161;461;20180305;3;2;3;2;1;2;3;0;1
1301;PR2162;1010;20180305;5;2;1;3;3;3;3;0;1
1302;PR2163;395;20180305;3;5;5;3;1;2;1;0;1
1303;PR2164;762;20180306;5;3;1;5;3;4;2;2;1
1304;PR2165;1256;20180306;3;1;5;3;3;4;2;1;1
1305;PR2166;1352;20180306;5;3;5;2;3;3;1;1;1
1306;PR2167;973;20180306;2;5;5;5;2;3;3;1;1
1307;PR2168;721;20180307;3;2;2;1;1;2;1;1;1
1308;PR2169;1254;20180307;5;2;3;5;1;1;3;2;1
1309;PR217;812;20140221;3;1;3;1;3;4;2;2;1
1310;PR2170;664;20180307;3;5;3;1;1;1;3;1;1
1311;PR2171;1311;20180307;3;2;1;3;2;3;3;1;1
1312;PR2172;1241;20180308;2;1;2;5;3;3;2;2;1
1313;PR2173;420;20180309;3;2;1;5;2;3;3;2;1
1314;PR2174;355;20180309;2;1;1;1;1;2;3;1;1
1315;PR2175;72;20180309;5;2;3;3;1;1;1;2;1
1316;PR2176;997;20180310;5;3;5;5;1;2;1;1;1
1317;PR2177;417;20180311;5;3;2;2;2;3;3;2;1
1318;PR2178;1185;20180311;3;1;3;2;1;1;2;1;1
1319;PR2179;928;20180312;5;5;1;3;1;1;2;2;1
1320;PR218;462;20140222;3;1;2;2;2;2;1;1;1
1321;PR2180;614;20180313;5;3;3;2;1;1;3;2;1
1322;PR2181;215;20180313;3;1;1;1;2;3;1;1;1
1323;PR2182;493;20180313;5;1;1;5;1;1;3;2;1
1324;PR2183;1024;20180313;3;3;3;1;1;2;2;0;1
1325;PR2184;444;20180314;5;5;3;5;2;3;3;3;1
1326;PR2185;712;20180314;5;2;3;2;1;2;3;0;1
1327;PR2186;745;20180314;5;3;3;2;2;2;3;0;1
1328;PR2187;546;20180314;3;2;3;5;3;4;3;0;1
1329;PR2188;937;20180315;3;3;3;5;1;1;3;2;1
1330;PR2189;786;20180315;3;3;1;5;3;4;2;3;1
1331;PR219;1435;20140222;2;3;2;3;3;4;3;1;1
1332;PR2190;379;20180316;2;3;5;3;2;3;1;0;1
1333;PR2191;463;20180316;2;1;1;1;2;2;3;2;1
1334;PR2192;1190;20180317;2;1;2;5;1;2;3;3;1
1335;PR2193;1027;20180317;2;5;3;1;2;2;1;3;1
1336;PR2194;852;20180318;3;2;3;3;3;3;2;1;1
1337;PR2195;1260;20180318;3;2;5;2;2;3;1;0;1
1338;PR2196;1285;20180318;2;2;5;5;3;4;1;1;1
1339;PR2197;780;20180319;3;1;5;5;2;2;2;1;1
1340;PR2198;877;20180319;2;5;5;3;1;2;1;0;1
1341;PR2199;513;20180321;3;3;2;5;1;2;3;3;1
1342;PR22;798;20130118;5;1;1;1;2;2;3;1;1
1343;PR220;1142;20140223;3;5;3;1;2;2;2;1;1
1344;PR2200;1300;20180322;5;2;3;1;1;2;1;0;1
1345;PR2201;331;20180323;2;3;1;5;2;3;3;2;1
1346;PR2202;1064;20180323;3;5;1;3;2;2;1;1;1
1347;PR2203;1132;20180323;5;1;1;1;2;3;1;1;1
1348;PR2204;459;20180324;3;3;2;5;1;1;1;3;1
1349;PR2205;744;20180324;3;3;5;3;2;3;3;0;1
1350;PR2206;759;20180325;3;3;2;2;3;3;2;2;1
1351;PR2207;550;20180325;5;1;3;2;1;1;1;0;1
1352;PR2208;146;20180325;5;5;1;5;1;2;2;2;1
1353;PR2209;545;20180326;5;5;3;1;1;1;2;2;1
1354;PR221;1090;20140226;2;1;5;1;2;3;2;1;1
1355;PR2210;563;20180327;2;2;5;5;2;3;2;1;1
1356;PR2211;403;20180327;3;2;3;1;2;2;3;1;1
1357;PR2212;949;20180327;2;1;5;5;1;2;3;1;1
1358;PR2213;1123;20180327;5;1;5;1;2;2;1;3;1
1359;PR2214;870;20180328;5;2;1;2;2;2;3;1;1
1360;PR2215;836;20180328;3;5;1;3;1;1;1;0;1
1361;PR2216;6;20180329;3;2;3;3;2;3;1;0;1
1362;PR2217;18;20180330;2;3;5;5;1;1;3;1;1
1363;PR2218;939;20180330;3;3;3;2;3;3;3;0;1
1364;PR2219;793;20180330;2;3;1;1;2;3;1;0;1
1365;PR222;188;20140226;5;1;5;5;3;3;3;2;1
1366;PR2220;1274;20180330;3;3;3;1;3;4;3;1;1
1367;PR2221;813;20180331;3;2;5;3;3;3;3;1;1
1368;PR2222;770;20180331;5;2;5;2;2;3;2;2;1
1369;PR2223;11;20180402;3;5;3;2;2;3;2;0;1
1370;PR2224;48;20180402;2;3;1;3;3;4;3;0;1
1371;PR2225;740;20180402;2;3;3;5;3;3;1;1;1
1372;PR2226;260;20180402;5;3;5;5;1;1;1;0;1
1373;PR2227;1045;20180403;5;2;2;1;3;4;2;0;1
1374;PR2228;599;20180404;5;2;2;2;2;3;2;2;1
1375;PR2229;1030;20180404;3;2;3;3;1;1;1;2;1
1376;PR223;297;20140227;5;1;1;3;3;3;2;0;1
1377;PR2230;83;20180405;3;5;3;5;3;3;3;0;1
1378;PR2231;147;20180405;2;2;5;1;3;4;3;1;1
1379;PR2232;322;20180405;3;1;1;2;1;1;2;1;1
1380;PR2233;1144;20180405;3;1;3;1;1;2;1;0;1
1381;PR2234;44;20180406;2;5;1;3;3;3;1;1;1
1382;PR2235;843;20180408;5;3;3;5;3;4;2;2;1
1383;PR2236;998;20180409;5;5;5;3;2;2;1;0;1
1384;PR2237;467;20180409;2;5;3;3;3;4;3;0;1
1385;PR2238;803;20180409;5;5;1;5;3;4;2;1;1
1386;PR2239;986;20180410;5;2;3;1;1;2;3;0;1
1387;PR224;152;20140227;2;2;1;2;3;4;3;2;1
1388;PR2240;1403;20180410;3;3;5;1;2;2;2;1;1
1389;PR2241;711;20180410;2;5;5;3;2;2;3;2;1
1390;PR2242;137;20180411;3;2;2;1;1;1;3;3;1
1391;PR2243;157;20180411;2;1;2;2;3;4;3;1;1
1392;PR2244;409;20180411;5;3;1;5;1;2;3;1;1
1393;PR2245;1238;20180411;5;2;3;2;2;2;2;3;1
1394;PR2246;465;20180412;5;2;1;2;2;2;1;1;1
1395;PR2247;926;20180412;5;5;2;5;3;3;2;3;1
1396;PR2248;1128;20180413;2;2;2;3;3;3;1;0;1
1397;PR2249;1173;20180413;5;1;1;2;3;4;3;0;1
1398;PR225;508;20140228;2;5;3;2;3;3;2;2;1
1399;PR2250;529;20180413;3;3;5;2;2;2;3;3;1
1400;PR2251;1340;20180413;3;3;2;1;2;2;2;0;1
1401;PR2252;1377;20180414;3;3;2;5;1;2;1;1;1
1402;PR2253;714;20180414;5;1;2;3;3;3;1;0;1
1403;PR2254;1181;20180414;3;3;2;3;3;4;2;1;1
1404;PR2255;485;20180414;5;1;3;5;1;2;1;1;1
1405;PR2256;969;20180415;5;2;1;5;1;2;3;0;1
1406;PR2257;702;20180416;2;2;5;2;3;3;2;0;1
1407;PR2258;1117;20180416;3;1;2;2;2;3;2;1;1
1408;PR2259;850;20180416;3;5;3;1;2;2;2;3;1
1409;PR226;5;20140301;3;5;1;5;3;4;3;1;1
1410;PR2260;1034;20180416;5;1;1;2;1;2;3;0;1
1411;PR2261;536;20180417;3;3;2;2;3;4;3;3;1
1412;PR2262;422;20180417;2;5;1;1;1;1;2;1;1
1413;PR2263;103;20180417;2;2;2;5;1;2;3;2;1
1414;PR2264;600;20180417;2;5;1;3;1;2;2;2;1
1415;PR2265;964;20180418;5;3;2;3;3;4;3;3;1
1416;PR2266;885;20180418;3;5;3;3;2;2;2;0;1
1417;PR2267;1463;20180419;2;1;3;2;3;4;3;1;1
1418;PR2268;1130;20180420;3;5;1;5;1;1;3;2;1
1419;PR2269;1091;20180420;3;1;1;2;3;4;3;3;1
1420;PR227;678;20140301;3;2;1;5;3;3;2;2;1
1421;PR2270;838;20180421;5;1;1;5;2;3;2;1;1
1422;PR2271;1441;20180421;5;3;5;1;3;3;3;3;1
1423;PR2272;359;20180422;3;3;3;5;1;2;2;1;1
1424;PR2273;1295;20180422;3;2;5;3;2;2;2;2;1
1425;PR2274;661;20180422;2;3;1;3;2;2;3;3;1
1426;PR2275;974;20180422;3;1;5;1;1;2;1;1;1
1427;PR2276;1320;20180422;2;5;5;2;1;1;1;1;1
1428;PR2277;415;20180423;5;5;3;3;1;1;2;1;1
1429;PR2278;826;20180423;3;2;5;3;1;1;2;0;1
1430;PR2279;906;20180423;3;2;3;1;1;2;1;1;1
1431;PR228;686;20140301;5;3;1;1;2;2;3;1;1
1432;PR2280;460;20180424;3;1;5;2;2;3;3;2;1
1433;PR2281;923;20180424;3;1;3;3;2;3;3;2;1
1434;PR2282;1063;20180424;5;2;1;5;3;3;1;0;1
1435;PR2283;105;20180425;3;1;2;5;3;3;2;1;1
1436;PR2284;917;20180425;2;3;1;1;1;2;3;1;1
1437;PR2285;1052;20180425;3;1;3;3;2;2;1;2;1
1438;PR2286;160;20180428;2;3;1;5;2;3;2;1;1
1439;PR2287;1253;20180428;2;1;3;2;2;3;1;1;1
1440;PR2288;1138;20180429;5;2;3;1;1;1;3;2;1
1441;PR2289;911;20180430;2;2;3;1;2;2;1;0;1
1442;PR229;148;20140302;5;5;5;1;3;4;3;2;1
1443;PR2290;1211;20180430;2;3;3;5;1;2;2;1;1
1444;PR2291;270;20180430;2;3;3;5;1;1;1;0;1
1445;PR2292;308;20180430;2;5;1;3;2;2;1;0;1
1446;PR2293;289;20180501;3;2;3;3;1;2;2;0;1
1447;PR2294;1008;20180501;3;2;3;5;2;3;2;0;1
1448;PR2295;133;20180502;3;5;1;2;3;4;2;3;1
1449;PR2296;512;20180502;3;5;3;1;3;3;2;1;1
1450;PR2297;831;20180502;5;1;3;2;3;3;1;0;1
1451;PR2298;1202;20180503;3;2;5;3;2;3;1;0;1
1452;PR2299;491;20180503;2;1;5;3;1;1;3;1;1
1453;PR23;792;20130118;2;3;3;2;1;2;3;2;1
1454;PR230;1164;20140302;5;2;1;1;2;2;1;1;1
1455;PR2300;127;20180504;3;1;3;2;3;3;1;0;1
1456;PR2301;981;20180504;5;5;2;3;1;2;1;1;1
1457;PR2302;1367;20180504;2;2;5;1;1;2;1;0;1
1458;PR2303;1466;20180505;5;3;1;1;3;4;1;1;1
1459;PR2304;1401;20180505;3;5;1;2;3;3;2;1;1
1460;PR2305;109;20180505;5;2;3;5;1;1;3;1;1
1461;PR2306;878;20180505;3;1;1;5;1;2;3;0;1
1462;PR2307;257;20180506;2;2;2;1;1;2;1;1;1
1463;PR2308;57;20180506;5;5;1;2;3;3;2;1;1
1464;PR2309;1201;20180506;3;1;1;3;1;1;2;1;1
1465;PR231;1279;20140302;3;2;2;2;3;3;3;1;1
1466;PR2310;1341;20180507;2;1;2;5;2;3;3;0;1
1467;PR2311;234;20180508;2;1;2;2;3;3;1;1;1
1468;PR2312;616;20180508;3;3;5;3;1;1;1;0;1
1469;PR2313;517;20180508;2;1;5;5;1;1;1;0;1
1470;PR2314;391;20180509;2;3;1;1;3;3;3;1;1
1471;PR2315;1305;20180510;2;5;2;2;2;2;1;2;1
1472;PR2316;705;20180510;5;2;1;3;3;4;3;0;1
1473;PR2317;941;20180511;2;5;3;2;1;1;1;1;1
1474;PR2318;171;20180512;5;5;5;2;1;1;2;2;1
1475;PR2319;363;20180512;2;5;3;2;3;3;1;0;1
1476;PR232;1353;20140303;5;3;5;1;2;2;3;1;1
1477;PR2320;932;20180512;5;1;3;3;1;1;2;1;1
1478;PR2321;370;20180513;3;2;1;2;2;3;1;1;1
1479;PR2322;1149;20180513;5;3;1;1;3;3;2;0;1
1480;PR2323;1084;20180513;2;2;3;5;2;3;1;0;1
1481;PR2324;185;20180514;5;2;2;3;3;3;1;2;1
1482;PR2325;909;20180514;3;2;1;5;2;3;3;3;1
1483;PR2326;1280;20180515;3;1;5;1;1;1;1;1;1
1484;PR2327;167;20180515;2;2;2;5;3;3;1;3;1
1485;PR2328;1470;20180515;2;1;1;5;1;1;2;1;1
1486;PR2329;61;20180516;5;5;2;1;3;4;3;2;1
1487;PR233;1127;20140304;5;3;5;1;3;4;2;0;1
1488;PR2330;899;20180516;5;5;3;1;3;3;1;1;1
1489;PR2331;591;20180516;5;5;2;2;2;3;1;1;1
1490;PR2332;886;20180517;2;2;3;1;3;3;1;0;1
1491;PR2333;213;20180518;2;2;2;2;1;2;2;0;1
1492;PR2334;435;20180519;3;5;1;3;3;4;3;0;1
1493;PR2335;456;20180519;5;1;5;2;2;2;2;0;1
1494;PR2336;915;20180519;2;1;5;2;2;3;3;1;1
1495;PR2337;1082;20180519;5;1;5;1;1;1;3;0;1
1496;PR2338;823;20180520;2;1;1;2;2;2;1;1;1
1497;PR2339;4;20180521;2;3;3;2;3;4;2;1;1
1498;PR234;1161;20140304;5;5;5;2;3;3;2;1;1
1499;PR2340;510;20180521;5;3;2;2;1;1;2;1;1
1500;PR2341;144;20180522;5;5;3;2;2;2;3;1;1
1501;PR2342;776;20180523;5;5;2;3;3;3;2;1;1
1502;PR2343;387;20180523;5;1;3;5;1;1;2;0;1
1503;PR2344;1074;20180523;2;5;2;5;3;3;1;2;1
1504;PR2345;741;20180523;2;2;1;3;3;3;3;0;1
1505;PR2346;162;20180523;5;1;2;2;1;2;1;0;1
1506;PR2347;324;20180523;5;1;1;2;1;2;3;1;1
1507;PR2348;1287;20180523;3;2;2;3;3;3;2;1;1
1508;PR2349;41;20180524;2;2;1;5;3;3;1;1;1
1509;PR235;1461;20140304;3;3;3;1;3;3;1;0;1
1510;PR2350;92;20180524;2;3;3;5;2;2;1;0;1
1511;PR2351;1366;20180524;3;1;1;2;2;3;1;0;1
1512;PR2352;875;20180525;3;1;3;5;3;4;3;0;1
1513;PR2353;1248;20180526;5;3;5;2;1;1;3;0;1
1514;PR2354;240;20180526;2;1;3;5;1;1;1;1;1
1515;PR2355;390;20180526;5;5;3;5;3;3;2;2;1
1516;PR2356;272;20180527;2;2;1;5;2;2;2;0;1
1517;PR2357;1405;20180527;2;1;2;5;3;3;1;2;1
1518;PR2358;1155;20180528;5;5;5;1;2;3;1;1;1
1519;PR2359;1093;20180529;2;3;5;3;3;3;2;1;1
1520;PR236;40;20140305;2;3;5;3;1;2;1;0;1
1521;PR2360;1284;20180529;3;1;1;5;3;4;2;1;1
1522;PR2361;618;20180529;2;1;3;2;1;1;3;0;1
1523;PR2362;662;20180529;3;1;2;3;1;1;1;3;1
1524;PR2363;814;20180530;2;1;2;3;1;1;3;1;1
1525;PR2364;576;20180531;3;1;5;3;2;2;1;0;1
1526;PR2365;1419;20180531;3;5;5;1;2;3;2;1;1
1527;PR2366;676;20180531;3;2;3;2;2;3;3;0;1
1528;PR2367;1023;20180601;2;2;2;3;1;2;2;1;1
1529;PR2368;589;20180601;5;5;3;3;2;3;1;0;1
1530;PR2369;767;20180601;3;3;2;3;2;3;1;0;1
1531;PR237;99;20140306;2;5;3;1;3;3;1;0;1
1532;PR2370;1408;20180601;5;2;2;2;2;2;2;2;1
1533;PR2371;825;20180601;2;2;2;2;1;1;1;1;1
1534;PR2372;319;20180602;2;3;3;5;2;2;1;1;1
1535;PR2373;77;20180603;2;2;3;5;1;1;2;1;1
1536;PR2374;42;20180604;5;3;2;3;1;2;1;1;1
1537;PR2375;887;20180605;3;1;1;1;1;2;2;2;1
1538;PR2376;1278;20180606;5;5;2;1;3;3;2;1;1
1539;PR2377;637;20180606;2;5;1;2;3;4;1;1;1
1540;PR2378;1168;20180606;2;3;2;5;1;1;3;1;1
1541;PR2379;1208;20180607;3;5;3;5;1;1;2;1;1
1542;PR238;138;20140306;5;3;2;5;1;1;3;2;1
1543;PR2380;1418;20180608;2;5;1;2;2;2;1;1;1
1544;PR2381;1050;20180609;3;2;2;2;2;3;1;3;1
1545;PR2382;1219;20180609;3;3;3;5;3;3;2;1;1
1546;PR2383;785;20180610;2;3;2;3;1;1;1;2;1
1547;PR2384;153;20180610;5;2;2;5;2;2;2;1;1
1548;PR2385;1294;20180613;2;3;3;5;2;2;3;3;1
1549;PR2386;340;20180614;3;5;2;1;3;4;2;2;1
1550;PR2387;1348;20180614;3;3;1;5;3;3;2;3;1
1551;PR2388;947;20180614;3;5;2;1;3;3;1;1;1
1552;PR2389;471;20180615;2;3;3;1;1;2;1;1;1
1553;PR239;762;20140307;3;1;1;3;3;4;2;1;1
1554;PR2390;962;20180616;3;5;5;1;3;3;3;0;1
1555;PR2391;445;20180616;2;1;2;5;1;1;1;0;1
1556;PR2392;181;20180617;3;3;5;5;2;2;1;0;1
1557;PR2393;477;20180617;3;2;1;1;1;2;1;0;1
1558;PR2394;653;20180617;3;5;5;5;1;2;3;1;1
1559;PR2395;3;20180619;5;1;3;5;3;3;1;0;1
1560;PR2396;1407;20180619;3;5;5;1;2;2;1;2;1
1561;PR2397;168;20180619;2;3;1;2;2;3;1;0;1
1562;PR2398;1079;20180621;3;3;5;5;2;2;1;2;1
1563;PR2399;475;20180621;3;2;3;5;1;2;1;1;1
1564;PR24;652;20130119;2;1;1;5;1;1;3;0;1
1565;PR240;1256;20140307;2;3;3;1;1;2;1;1;1
1566;PR2400;263;20180622;2;3;1;5;1;2;1;3;1
1567;PR2401;344;20180623;3;2;1;2;2;3;2;1;1
1568;PR2402;778;20180623;2;2;5;5;1;1;3;0;1
1569;PR2403;479;20180623;2;3;2;5;3;4;1;2;1
1570;PR2404;884;20180623;5;5;3;5;2;3;2;0;1
1571;PR2405;871;20180624;5;1;3;3;3;4;2;0;1
1572;PR2406;842;20180624;5;2;5;3;3;3;3;2;1
1573;PR2407;953;20180625;4;2;1;4;2;2;2;1;1
1574;PR2408;432;20180626;4;4;4;4;2;3;1;1;1
1575;PR2409;1344;20180626;1;2;4;2;1;1;1;0;1
1576;PR241;1352;20140307;3;2;3;5;2;2;3;0;1
1577;PR2410;733;20180626;1;2;2;4;2;2;3;0;1
1578;PR2411;380;20180626;2;4;1;3;3;3;3;1;1
1579;PR2412;1097;20180628;1;1;4;2;3;4;3;1;1
1580;PR2413;1114;20180628;4;1;3;2;3;4;2;0;1
1581;PR2414;249;20180629;1;3;4;2;3;3;3;1;1
1582;PR2415;1315;20180629;2;3;5;2;1;2;3;2;1
1583;PR2416;622;20180630;2;5;3;2;1;1;2;0;1
1584;PR2417;1224;20180630;2;5;2;5;3;3;1;2;1
1585;PR2418;668;20180630;3;5;3;2;3;3;3;2;1
1586;PR2419;1092;20180630;3;2;3;5;2;3;2;1;1
1587;PR242;721;20140308;3;1;2;2;1;2;1;1;1
1588;PR2420;429;20180701;3;2;2;3;2;3;1;2;1
1589;PR2421;496;20180701;5;2;2;3;1;1;3;2;1
1590;PR2422;1456;20180701;3;5;2;3;1;2;2;0;1
1591;PR2423;541;20180701;5;2;5;2;2;3;3;0;1
1592;PR2424;1439;20180703;3;2;2;1;1;1;3;1;1
1593;PR2425;271;20180705;3;3;1;1;3;3;3;2;1
1594;PR2426;368;20180706;3;5;5;3;2;3;1;0;1
1595;PR2427;791;20180708;3;2;3;5;1;2;1;2;1
1596;PR2428;990;20180708;3;1;5;3;3;3;1;0;1
1597;PR2429;95;20180709;3;2;5;1;2;3;2;1;1
1598;PR243;1254;20140308;2;5;2;3;1;1;2;0;1
1599;PR2430;708;20180709;3;5;2;5;3;4;3;0;1
1600;PR2431;309;20180709;2;5;2;3;2;2;3;0;1
1601;PR2432;506;20180709;2;2;2;3;2;2;1;1;1
1602;PR2433;868;20180709;2;5;2;1;1;1;1;0;1
1603;PR2434;1304;20180710;5;2;2;2;2;2;1;1;1
1604;PR2435;120;20180710;3;5;1;1;2;2;2;0;1
1605;PR2436;914;20180710;3;1;1;3;3;3;1;2;1
1606;PR2437;872;20180710;3;5;3;5;3;3;2;0;1
1607;PR2438;1080;20180710;5;3;2;5;1;2;3;1;1
1608;PR2439;577;20180711;2;3;3;2;3;3;3;3;1
1609;PR244;664;20140308;2;5;3;2;3;4;3;0;1
1610;PR2440;863;20180711;2;1;1;5;1;2;3;2;1
1611;PR2441;1271;20180712;2;1;2;5;3;3;1;1;1
1612;PR2442;1392;20180712;5;1;1;5;2;3;1;1;1
1613;PR2443;763;20180713;2;3;3;5;1;2;3;2;1
1614;PR2444;241;20180713;3;5;5;1;2;2;1;1;1
1615;PR2445;464;20180714;3;5;3;3;3;4;3;2;1
1616;PR2446;1434;20180714;2;3;5;2;3;3;3;0;1
1617;PR2447;1307;20180715;5;5;2;2;3;3;3;0;1
1618;PR2448;243;20180715;5;1;3;1;3;3;2;3;1
1619;PR2449;210;20180715;2;5;3;1;2;3;2;1;1
1620;PR245;1311;20140308;3;5;1;5;2;3;2;1;1
1621;PR2450;1247;20180717;3;5;3;1;2;3;3;2;1
1622;PR2451;1165;20180717;2;1;1;2;1;2;2;1;1
1623;PR2452;1292;20180717;5;5;3;2;3;3;3;1;1
1624;PR2453;1246;20180718;2;5;1;3;3;3;2;1;1
1625;PR2454;1385;20180718;5;1;5;2;1;1;3;0;1
1626;PR2455;1406;20180718;2;1;2;1;3;3;3;2;1
1627;PR2456;129;20180718;5;1;3;3;1;1;1;1;1
1628;PR2457;1250;20180718;2;2;2;5;2;2;1;1;1
1629;PR2458;1427;20180719;5;2;1;1;3;3;3;0;1
1630;PR2459;1096;20180719;2;5;5;1;1;1;3;1;1
1631;PR246;420;20140310;3;5;1;3;3;4;2;0;1
1632;PR2460;279;20180719;3;2;1;2;3;4;1;2;1
1633;PR2461;955;20180720;3;2;2;1;3;4;1;1;1
1634;PR2462;844;20180721;2;3;2;3;1;1;3;2;1
1635;PR2463;1039;20180721;2;1;1;1;3;4;1;2;1
1636;PR2464;373;20180722;2;4;2;1;2;2;1;0;1
1637;PR2465;643;20180723;4;3;4;4;1;1;2;2;1
1638;PR2466;1283;20180724;1;1;1;1;2;2;1;2;1
1639;PR2467;1037;20180724;4;1;4;1;1;1;2;1;1
1640;PR2468;889;20180725;2;1;4;1;3;3;1;2;1
1641;PR2469;1218;20180725;2;1;2;2;2;3;2;0;1
1642;PR247;997;20140311;3;3;3;1;3;3;2;3;1
1643;PR2470;190;20180725;3;2;1;4;2;2;2;1;1
1644;PR2471;393;20180725;2;1;2;5;2;2;1;0;1
1645;PR2472;1230;20180725;3;2;3;3;2;2;2;0;1
1646;PR2473;703;20180727;2;3;2;3;3;3;1;1;1
1647;PR2474;649;20180727;3;5;1;1;3;4;1;0;1
1648;PR2475;1398;20180728;2;2;5;5;3;3;2;2;1
1649;PR2476;1226;20180728;3;5;3;2;1;1;3;0;1
1650;PR2477;1159;20180730;5;1;5;1;1;1;2;0;1
1651;PR2478;112;20180730;2;3;3;1;3;4;1;2;1
1652;PR2479;888;20180730;3;3;1;5;2;2;2;2;1
1653;PR248;417;20140312;2;3;5;5;3;4;3;3;1
1654;PR2480;978;20180730;5;2;2;3;2;2;1;2;1
1655;PR2481;228;20180731;5;3;1;5;1;1;3;1;1
1656;PR2482;1239;20180731;5;2;5;1;2;2;2;0;1
1657;PR2483;701;20180801;3;5;1;2;1;1;3;2;1
1658;PR2484;47;20180802;3;2;5;2;2;3;2;1;1
1659;PR2485;647;20180803;3;5;2;5;3;3;2;1;1
1660;PR2486;1176;20180803;5;1;1;1;2;3;3;1;1
1661;PR2487;602;20180804;3;5;3;1;1;1;3;0;1
1662;PR2488;483;20180804;5;2;1;2;1;1;1;0;1
1663;PR2489;1369;20180804;3;1;5;3;3;3;1;2;1
1664;PR249;1185;20140312;5;1;3;5;3;3;1;2;1
1665;PR2490;992;20180804;5;2;3;2;2;3;3;2;1
1666;PR2491;607;20180806;3;5;3;2;1;2;1;2;1
1667;PR2492;1088;20180806;3;1;3;2;2;2;1;1;1
1668;PR2493;525;20180809;5;2;2;5;1;2;1;3;1
1669;PR2494;912;20180809;5;5;5;3;2;3;2;0;1
1670;PR2495;246;20180810;5;1;5;1;1;1;3;0;1
1671;PR2496;860;20180812;2;3;2;2;3;4;2;0;1
1672;PR2497;620;20180812;2;3;5;2;3;4;3;0;1
1673;PR2498;23;20180813;3;2;1;3;3;4;3;1;1
1674;PR2499;400;20180813;2;1;2;3;2;2;1;2;1
1675;PR25;1357;20130119;2;5;2;3;1;1;2;1;1
1676;PR250;215;20140314;5;5;2;3;2;2;3;1;1
1677;PR2500;859;20180813;2;5;1;5;3;3;2;0;1
1678;PR2501;993;20180814;2;1;5;3;2;3;1;2;1
1679;PR2502;26;20180814;5;1;3;2;3;4;1;0;1
1680;PR2503;557;20180815;3;2;2;1;1;2;1;1;1
1681;PR2504;1192;20180815;5;3;5;3;2;2;3;1;1
1682;PR2505;1011;20180815;5;3;3;2;3;4;3;1;1
1683;PR2506;719;20180815;3;3;3;5;3;3;1;0;1
1684;PR2507;244;20180816;5;3;1;2;2;2;2;2;1
1685;PR2508;361;20180816;3;3;5;2;2;2;1;0;1
1686;PR2509;1151;20180816;2;2;2;3;1;1;3;1;1
1687;PR251;444;20140315;5;3;1;3;3;3;3;1;1
1688;PR2510;307;20180817;3;2;3;2;1;1;2;0;1
1689;PR2511;466;20180817;5;3;1;3;3;3;1;0;1
1690;PR2512;1048;20180818;2;1;2;3;2;2;2;1;1
1691;PR2513;1286;20180818;3;3;1;3;1;2;1;0;1
1692;PR2514;1172;20180818;5;3;2;3;2;3;2;0;1
1693;PR2515;692;20180819;2;1;2;5;1;2;3;0;1
1694;PR2516;1429;20180821;3;3;1;5;1;2;2;0;1
1695;PR2517;237;20180821;5;3;2;2;1;1;2;1;1
1696;PR2518;555;20180821;2;3;3;1;3;4;3;0;1
1697;PR2519;220;20180822;2;2;3;5;2;3;3;1;1
1698;PR252;379;20140317;2;1;1;2;2;3;3;0;1
1699;PR2520;143;20180823;5;5;2;1;3;4;3;0;1
1700;PR2521;149;20180824;3;2;2;1;1;1;2;2;1
1701;PR2522;1193;20180825;5;5;2;5;3;4;3;1;1
1702;PR2523;486;20180825;5;1;1;3;2;3;2;2;1
1703;PR2524;596;20180826;2;3;1;5;1;1;3;0;1
1704;PR2525;451;20180827;3;3;3;1;2;2;1;3;1
1705;PR2526;866;20180829;3;5;3;2;1;2;3;1;1
1706;PR2527;139;20180830;2;1;1;1;1;1;2;3;1
1707;PR2528;1326;20180831;3;1;3;2;1;2;2;0;1
1708;PR2529;121;20180901;5;3;3;5;1;1;2;0;1
1709;PR253;463;20140317;2;1;1;5;2;3;3;1;1
1710;PR2530;1078;20180901;3;3;1;1;3;3;1;2;1
1711;PR2531;261;20180902;5;2;5;1;1;2;1;2;1
1712;PR2532;1135;20180902;2;3;2;2;2;2;2;0;1
1713;PR2533;1227;20180903;2;3;2;2;1;1;1;3;1
1714;PR2534;268;20180903;5;5;2;5;2;3;1;1;1
1715;PR2535;315;20180904;2;2;2;5;3;3;1;2;1
1716;PR2536;1415;20180904;3;3;3;3;3;3;3;1;1
1717;PR2537;656;20180905;5;1;1;1;1;2;3;0;1
1718;PR2538;1000;20180906;5;3;5;3;3;3;2;3;1
1719;PR2539;1186;20180908;3;2;1;5;1;1;1;1;1
1720;PR254;852;20140319;3;3;3;5;2;3;1;1;1
1721;PR2540;50;20180908;5;1;5;5;3;3;2;3;1
1722;PR2541;897;20180909;2;3;5;2;2;3;2;1;1
1723;PR2542;1147;20180909;3;1;3;1;1;1;2;1;1
1724;PR2543;174;20180911;2;1;5;2;3;3;1;0;1
1725;PR2544;376;20180912;2;3;1;1;2;2;2;1;1
1726;PR2545;810;20180912;2;5;5;5;3;3;1;0;1
1727;PR2546;1065;20180912;5;5;2;5;3;4;2;0;1
1728;PR2547;560;20180914;5;2;2;3;2;3;1;0;1
1729;PR2548;673;20180915;3;2;3;1;2;3;1;0;1
1730;PR2549;347;20180916;5;5;1;1;2;2;1;2;1
1731;PR255;1260;20140319;2;3;5;3;3;3;3;0;1
1732;PR2550;935;20180916;5;3;2;2;2;3;1;2;1
1733;PR2551;497;20180919;5;5;1;1;2;3;1;1;1
1734;PR2552;275;20180920;2;3;1;1;1;1;3;2;1
1735;PR2553;294;20180921;3;2;5;1;2;3;3;1;1
1736;PR2554;736;20180921;3;2;3;2;2;3;1;2;1
1737;PR2555;51;20180922;3;5;3;5;1;1;2;0;1
1738;PR2556;1312;20180923;3;5;3;5;3;3;2;0;1
1739;PR2557;398;20180923;5;2;3;3;3;4;2;2;1
1740;PR2558;1336;20180924;2;1;1;5;2;3;2;0;1
1741;PR2559;1290;20180925;3;5;1;2;1;1;1;1;1
1742;PR256;1285;20140319;2;3;5;2;2;2;3;1;1
1743;PR2560;727;20180926;2;5;1;2;3;3;2;0;1
1744;PR2561;1356;20180926;5;2;2;5;2;2;3;3;1
1745;PR2562;1099;20180926;2;2;5;1;2;2;1;0;1
1746;PR2563;396;20180927;5;5;1;5;1;2;1;1;1
1747;PR2564;172;20180928;5;2;5;3;1;2;3;3;1
1748;PR2565;817;20180928;2;2;2;3;2;3;1;1;1
1749;PR2566;1430;20180928;3;1;1;2;1;2;3;1;1
1750;PR2567;1058;20180929;5;5;3;1;3;4;3;0;1
1751;PR2568;1327;20180929;5;3;2;1;1;1;1;1;1
1752;PR2569;534;20180930;5;1;5;2;3;3;3;1;1
1753;PR257;94;20140321;2;1;3;3;2;2;1;2;1
1754;PR2570;119;20181001;3;2;2;1;2;2;1;0;1
1755;PR2571;1020;20181001;2;1;5;3;1;2;3;2;1
1756;PR2572;777;20181001;3;2;3;2;1;2;3;2;1
1757;PR2573;256;20181001;2;1;5;2;2;2;1;1;1
1758;PR2574;1005;20181001;3;3;2;1;1;2;1;2;1
1759;PR2575;224;20181003;2;3;2;1;2;2;1;2;1
1760;PR2576;746;20181004;2;1;5;2;3;3;2;0;1
1761;PR2577;636;20181004;2;5;2;5;1;2;3;1;1
1762;PR2578;1214;20181004;2;1;1;5;3;4;2;0;1
1763;PR2579;336;20181004;3;1;3;1;3;4;1;1;1
1764;PR258;1300;20140323;2;2;5;3;1;2;1;3;1
1765;PR2580;96;20181004;2;5;1;2;3;4;1;3;1
1766;PR2581;12;20181008;3;5;3;1;1;2;3;0;1
1767;PR2582;738;20181009;2;3;5;5;1;1;2;0;1
1768;PR2583;1361;20181009;5;5;3;1;1;2;1;0;1
1769;PR2584;751;20181009;5;2;1;3;2;2;2;2;1
1770;PR2585;1402;20181009;2;2;3;2;1;2;2;1;1
1771;PR2586;671;20181010;5;2;2;2;2;3;2;2;1
1772;PR2587;115;20181010;3;2;5;3;3;4;3;1;1
1773;PR2588;1446;20181014;5;3;3;2;3;4;3;2;1
1774;PR2589;225;20181014;2;5;2;3;3;3;3;1;1
1775;PR259;331;20140324;3;3;5;1;3;4;1;0;1
1776;PR2590;140;20181015;3;5;2;3;2;2;2;3;1
1777;PR2591;201;20181015;5;5;5;5;3;3;1;1;1
1778;PR2592;531;20181015;2;3;1;2;1;1;1;1;1
1779;PR2593;799;20181015;3;5;2;1;2;3;3;3;1
1780;PR2594;280;20181016;3;1;3;5;3;3;2;2;1
1781;PR2595;388;20181017;2;2;2;1;3;3;1;2;1
1782;PR2596;951;20181017;3;5;3;2;2;2;3;0;1
1783;PR2597;1467;20181017;2;1;1;5;1;1;2;1;1
1784;PR2598;657;20181018;2;3;3;2;1;2;3;0;1
1785;PR2599;392;20181019;3;1;5;1;1;2;3;1;1
1786;PR26;553;20130120;3;1;1;3;1;2;3;2;1
1787;PR260;1064;20140324;3;5;2;1;1;1;1;1;1
1788;PR2600;648;20181020;3;2;1;5;3;3;1;0;1
1789;PR2601;1167;20181020;3;5;3;1;2;2;2;1;1
1790;PR2602;760;20181021;5;2;1;2;2;3;1;0;1
1791;PR2603;199;20181022;2;3;5;2;2;3;2;0;1
1792;PR2604;286;20181022;2;3;3;2;2;3;3;1;1
1793;PR2605;936;20181024;5;1;1;5;2;2;2;1;1
1794;PR2606;265;20181025;2;3;3;3;3;4;3;0;1
1795;PR2607;663;20181025;3;3;1;1;1;2;3;0;1
1796;PR2608;1179;20181025;3;3;2;3;2;2;1;1;1
1797;PR2609;881;20181026;3;3;4;1;3;4;2;0;1
1798;PR261;459;20140325;5;1;2;3;1;1;2;1;1
1799;PR2610;1195;20181026;4;3;1;1;1;1;3;3;1
1800;PR2611;728;20181026;2;4;4;4;2;3;3;3;1
1801;PR2612;1018;20181026;3;2;1;3;1;2;1;3;1
1802;PR2613;221;20181027;3;2;4;4;2;3;3;1;1
1803;PR2614;794;20181028;1;2;1;4;1;2;3;1;1
1804;PR2615;892;20181029;2;2;5;5;1;1;1;2;1
1805;PR2616;811;20181029;5;3;1;2;3;4;3;0;1
1806;PR2617;276;20181030;5;5;3;3;1;1;3;0;1
1807;PR2618;574;20181031;2;3;1;3;2;3;1;1;1
1808;PR2619;55;20181031;5;1;1;5;1;2;3;1;1
1809;PR262;744;20140325;3;1;2;2;2;2;3;0;1
1810;PR2620;709;20181031;2;1;5;3;2;2;1;1;1
1811;PR2621;1101;20181101;3;2;3;1;2;3;1;0;1
1812;PR2622;1358;20181102;5;5;2;3;3;3;1;1;1
1813;PR2623;13;20181102;2;5;5;2;1;1;3;0;1
1814;PR2624;729;20181103;2;1;5;3;2;2;2;0;1
1815;PR2625;1198;20181103;5;3;2;3;3;3;2;3;1
1816;PR2626;1276;20181104;2;2;3;3;1;1;3;0;1
1817;PR2627;1362;20181105;2;2;5;5;1;1;3;0;1
1818;PR2628;208;20181105;3;3;5;2;2;3;1;0;1
1819;PR2629;124;20181106;2;2;1;3;1;2;2;0;1
1820;PR263;759;20140326;5;2;5;5;2;3;3;0;1
1821;PR2630;166;20181106;5;1;5;2;1;1;3;2;1
1822;PR2631;608;20181106;3;5;1;5;1;2;3;0;1
1823;PR2632;1162;20181106;2;1;2;3;2;2;2;1;1
1824;PR2633;1464;20181107;2;1;2;3;1;1;2;0;1
1825;PR2634;426;20181107;5;3;5;3;2;3;2;3;1
1826;PR2635;1042;20181107;5;3;1;3;3;3;3;1;1
1827;PR2636;995;20181108;5;3;2;3;3;4;1;0;1
1828;PR2637;299;20181108;3;2;5;1;1;1;3;1;1
1829;PR2638;1061;20181108;3;5;2;3;1;1;3;2;1
1830;PR2639;1089;20181109;2;5;5;2;3;4;1;3;1
1831;PR264;550;20140326;2;1;1;2;2;3;2;1;1
1832;PR2640;961;20181109;3;3;3;3;3;3;1;2;1
1833;PR2641;1242;20181109;2;1;5;2;3;3;3;1;1
1834;PR2642;449;20181110;5;2;3;2;2;2;3;1;1
1835;PR2643;341;20181111;5;1;2;2;1;1;1;3;1
1836;PR2644;1412;20181111;5;2;5;5;1;1;1;1;1
1837;PR2645;242;20181111;5;2;5;1;1;1;1;0;1
1838;PR2646;1443;20181112;3;3;2;3;2;3;2;0;1
1839;PR2647;933;20181113;5;5;1;3;2;2;2;0;1
1840;PR2648;853;20181114;5;5;2;5;1;2;3;1;1
1841;PR2649;382;20181115;2;2;1;2;3;3;2;3;1
1842;PR265;1347;20140326;5;2;3;2;2;3;1;0;1
1843;PR2650;1116;20181117;2;5;2;2;2;3;3;0;1
1844;PR2651;999;20181117;3;2;1;1;1;1;1;2;1
1845;PR2652;1453;20181117;5;1;2;5;3;3;1;0;1
1846;PR2653;1107;20181118;5;2;3;1;2;3;2;0;1
1847;PR2654;438;20181118;2;1;2;2;1;1;3;1;1
1848;PR2655;718;20181118;3;1;5;5;1;2;2;0;1
1849;PR2656;7;20181119;5;5;2;3;1;1;3;1;1
1850;PR2657;748;20181119;5;3;5;2;2;3;2;0;1
1851;PR2658;54;20181120;5;5;5;5;1;1;1;2;1
1852;PR2659;730;20181121;3;2;3;3;2;3;3;0;1
1853;PR266;563;20140328;5;5;1;3;3;3;3;0;1
1854;PR2660;830;20181121;3;3;2;2;3;3;1;2;1
1855;PR2661;1103;20181122;2;3;1;2;1;1;2;0;1
1856;PR2662;145;20181123;2;1;1;3;1;2;2;1;1
1857;PR2663;1104;20181124;3;2;1;1;3;3;2;2;1
1858;PR2664;1321;20181124;5;5;5;3;1;2;2;1;1
1859;PR2665;526;20181125;2;3;3;2;1;1;3;3;1
1860;PR2666;623;20181125;2;5;1;2;2;3;1;2;1
1861;PR2667;1426;20181125;3;1;2;3;1;2;3;0;1
1862;PR2668;314;20181126;5;3;3;5;1;2;2;1;1
1863;PR2669;116;20181127;3;3;5;5;3;4;1;1;1
1864;PR267;403;20140328;2;5;5;1;1;1;1;2;1
1865;PR2670;413;20181128;5;3;5;5;3;4;1;2;1
1866;PR2671;253;20181128;5;2;5;5;1;1;3;2;1
1867;PR2672;1124;20181129;2;2;5;3;1;2;3;0;1
1868;PR2673;1015;20181129;5;5;1;5;1;1;1;1;1
1869;PR2674;238;20181130;5;1;5;2;2;3;2;1;1
1870;PR2675;900;20181201;5;2;2;1;1;1;2;0;1
1871;PR2676;1394;20181201;3;2;1;3;3;3;1;0;1
1872;PR2677;408;20181202;2;1;3;2;2;3;2;0;1
1873;PR2678;1076;20181203;3;2;5;2;1;2;3;2;1
1874;PR2679;1277;20181203;5;3;1;2;3;4;1;2;1
1875;PR268;6;20140330;2;5;1;1;2;2;3;3;1
1876;PR2680;334;20181205;5;1;2;5;2;2;2;0;1
1877;PR2681;948;20181205;3;1;1;3;1;2;1;3;1
1878;PR2682;1293;20181205;3;5;2;3;3;3;1;0;1
1879;PR2683;1206;20181205;2;1;5;1;1;1;2;1;1
1880;PR2684;418;20181205;2;3;2;1;3;3;2;3;1
1881;PR2685;1346;20181206;5;5;2;5;1;1;1;1;1
1882;PR2686;1133;20181207;3;1;2;2;2;3;2;3;1
1883;PR2687;161;20181207;5;5;3;5;2;2;3;1;1
1884;PR2688;511;20181208;3;2;1;3;2;3;1;2;1
1885;PR2689;1057;20181208;5;3;5;3;3;3;2;0;1
1886;PR269;18;20140331;5;3;3;2;1;1;1;1;1
1887;PR2690;582;20181209;3;3;1;1;2;3;2;1;1
1888;PR2691;504;20181209;3;3;2;3;2;3;1;1;1
1889;PR2692;1184;20181211;3;1;3;3;1;2;1;0;1
1890;PR2693;468;20181212;5;3;2;3;2;3;2;0;1
1891;PR2694;1331;20181213;3;2;2;3;1;1;2;2;1
1892;PR2695;1325;20181213;3;2;3;5;2;2;3;1;1
1893;PR2696;316;20181213;3;2;1;1;2;2;2;1;1
1894;PR2697;58;20181215;5;2;3;2;2;3;2;3;1
1895;PR2698;1324;20181216;5;1;1;5;2;2;2;0;1
1896;PR2699;1291;20181217;3;2;5;1;1;1;2;3;1
1897;PR27;1213;20130123;5;3;2;1;2;3;1;2;1
1898;PR270;939;20140331;2;1;1;1;3;3;3;0;1
1899;PR2700;879;20181218;3;5;1;3;2;2;3;1;1
1900;PR2701;801;20181218;5;2;2;1;2;2;3;2;1
1901;PR2702;991;20181219;2;1;5;2;3;4;3;2;1
1902;PR2703;1272;20181219;5;2;2;5;3;3;2;0;1
1903;PR2704;78;20181220;5;5;5;2;2;3;1;0;1
1904;PR2705;533;20181220;5;5;5;5;2;3;3;0;1
1905;PR2706;128;20181220;5;2;1;1;2;3;1;3;1
1906;PR2707;102;20181221;5;2;2;5;2;3;3;3;1
1907;PR2708;916;20181222;2;2;2;5;1;2;1;0;1
1908;PR2709;1432;20181222;5;1;5;1;1;2;3;2;1
1909;PR271;813;20140401;5;3;3;1;2;3;3;0;1
1910;PR2710;38;20181222;5;3;1;1;3;4;3;2;1
1911;PR2711;945;20181222;5;1;3;1;3;4;3;1;1
1912;PR2712;1329;20181224;2;3;3;2;3;3;1;0;1
1913;PR2713;579;20181224;3;3;1;2;1;2;1;0;1
1914;PR2714;1240;20181224;5;5;5;1;2;3;1;0;1
1915;PR2715;586;20181224;2;2;3;3;1;2;3;1;1
1916;PR2716;1029;20181224;5;5;3;1;2;3;2;3;1
1917;PR2717;634;20181225;3;1;5;3;3;3;3;2;1
1918;PR2718;950;20181225;2;3;2;3;1;2;1;2;1
1919;PR2719;431;20181226;2;5;3;3;1;2;2;0;1
1920;PR272;156;20140402;5;1;5;3;3;4;1;2;1
1921;PR2720;141;20181228;2;2;3;1;1;2;2;2;1
1922;PR2721;436;20181228;5;1;3;5;3;3;3;0;1
1923;PR2722;22;20181229;5;1;2;5;2;3;3;0;1
1924;PR2723;667;20181230;2;5;1;5;1;1;1;2;1
1925;PR2724;971;20181230;5;5;5;5;3;4;2;1;1
1926;PR2725;194;20181230;5;2;5;3;2;3;3;1;1
1927;PR2726;1316;20181230;3;2;5;5;2;3;1;3;1
1928;PR2727;356;20181231;2;3;3;5;1;2;1;1;1
1929;PR2728;695;20181231;2;5;3;2;2;2;2;0;1
1930;PR2729;696;20190101;3;1;5;2;1;1;3;0;1
1931;PR273;11;20140403;2;2;2;1;1;2;3;0;1
1932;PR2730;362;20190101;5;3;2;5;1;2;1;1;1
1933;PR2731;755;20190101;2;5;1;3;3;4;3;0;1
1934;PR2732;1040;20190102;3;3;3;2;3;3;3;0;1
1935;PR2733;1417;20190102;2;1;2;1;3;3;3;0;1
1936;PR2734;1112;20190102;5;1;2;1;1;2;1;3;1
1937;PR2735;1289;20190102;3;2;2;5;1;2;3;0;1
1938;PR2736;37;20190103;3;5;1;5;3;4;1;1;1
1939;PR2737;472;20190103;2;2;1;2;3;4;1;0;1
1940;PR2738;782;20190103;3;5;3;1;1;2;2;2;1
1941;PR2739;1094;20190104;2;1;5;5;1;2;2;1;1
1942;PR274;1045;20140404;5;2;1;2;3;4;2;1;1
1943;PR2740;122;20190105;5;2;3;3;2;2;1;1;1
1944;PR2741;1222;20190106;5;1;2;5;3;3;1;1;1
1945;PR2742;893;20190107;2;1;3;5;2;3;1;0;1
1946;PR2743;505;20190107;2;1;3;4;3;4;1;2;1
1947;PR2744;1106;20190108;2;3;3;1;2;2;3;3;1
1948;PR2745;694;20190108;1;3;3;1;3;3;2;0;1
1949;PR2746;33;20190109;2;2;3;1;2;3;1;1;1
1950;PR2747;1422;20190109;4;4;1;1;2;3;2;2;1
1951;PR2748;312;20190109;4;3;2;3;1;2;1;0;1
1952;PR2749;1191;20190109;4;4;3;2;3;3;2;0;1
1953;PR275;83;20140406;2;5;2;1;1;1;2;0;1
1954;PR2750;381;20190109;1;2;4;1;1;2;2;1;1
1955;PR2751;679;20190110;5;5;3;2;1;2;1;3;1
1956;PR2752;865;20190110;5;2;2;1;3;4;3;0;1
1957;PR2753;687;20190111;2;5;3;1;3;3;2;3;1
1958;PR2754;1355;20190111;3;3;5;5;2;3;3;0;1
1959;PR2755;1413;20190112;2;3;3;1;3;3;2;2;1
1960;PR2756;118;20190113;2;5;2;1;2;3;3;1;1
1961;PR2757;1187;20190113;2;1;1;3;3;3;1;3;1
1962;PR2758;1017;20190113;2;5;3;5;1;1;1;1;1
1963;PR2759;1468;20190114;5;5;5;5;2;2;3;1;1
1964;PR276;147;20140406;3;5;2;3;2;3;1;1;1
1965;PR2760;14;20190115;2;2;1;5;3;4;3;1;1
1966;PR2761;232;20190115;2;3;5;5;3;3;3;2;1
1967;PR2762;1158;20190115;2;1;3;2;1;1;1;1;1
1968;PR2763;1113;20190115;2;5;3;1;3;4;3;1;1
1969;PR2764;581;20190115;5;1;2;1;1;1;3;1;1
1970;PR2765;693;20190115;2;2;5;3;2;2;1;0;1
1971;PR2766;1028;20190116;5;1;1;5;3;3;1;2;1
1972;PR2767;641;20190116;3;5;1;5;3;4;2;0;1
1973;PR2768;290;20190117;2;5;2;2;1;2;1;0;1
1974;PR2769;787;20190117;3;3;5;1;1;1;2;3;1
1975;PR277;322;20140406;3;2;1;5;1;2;1;1;1
1976;PR2770;798;20190117;3;5;1;5;1;2;1;0;1
1977;PR2771;792;20190117;2;1;1;1;3;3;3;0;1
1978;PR2772;652;20190118;5;5;3;1;3;4;2;2;1
1979;PR2773;1357;20190118;3;3;1;3;2;3;2;0;1
1980;PR2774;1249;20190118;2;1;2;3;2;3;2;2;1
1981;PR2775;626;20190118;2;3;3;3;3;4;1;1;1
1982;PR2776;553;20190119;3;2;1;1;1;2;3;3;1
1983;PR2777;204;20190119;2;5;3;5;3;4;2;3;1
1984;PR2778;1207;20190119;2;5;3;5;2;2;2;0;1
1985;PR2779;30;20190120;2;3;3;1;1;1;1;1;1
1986;PR278;44;20140407;5;1;5;3;3;4;3;0;1
1987;PR2780;1102;20190120;3;5;5;5;3;4;1;3;1
1988;PR2781;385;20190121;2;2;3;3;2;3;3;1;1
1989;PR2782;724;20190121;3;3;5;3;1;2;2;0;1
1990;PR2783;1436;20190121;3;5;1;3;1;2;1;2;1
1991;PR2784;1213;20190122;5;3;5;1;1;1;3;3;1
1992;PR2785;880;20190122;5;2;3;3;3;4;3;1;1
1993;PR2786;788;20190123;2;3;2;2;1;1;3;1;1
1994;PR2787;191;20190123;2;5;5;3;3;4;2;1;1
1995;PR2788;386;20190124;5;5;1;5;3;3;2;1;1
1996;PR2789;959;20190124;3;1;3;5;3;4;1;0;1
1997;PR279;274;20140407;3;1;1;1;2;3;2;3;1
1998;PR2790;1031;20190125;5;3;3;1;2;3;2;3;1
1999;PR2791;565;20190126;5;5;3;1;1;1;3;0;1
2000;PR2792;1457;20190126;5;2;1;5;3;3;1;0;1
2001;PR2793;571;20190126;5;5;3;2;3;4;3;0;1
2002;PR2794;1033;20190126;2;3;3;1;2;2;2;2;1
2003;PR2795;515;20190128;3;1;2;3;2;3;2;3;1
2004;PR2796;1319;20190128;2;3;5;3;2;3;1;0;1
2005;PR2797;1014;20190128;2;5;2;2;2;2;3;1;1
2006;PR2798;862;20190129;3;2;1;5;3;4;3;0;1
2007;PR2799;24;20190129;1;1;3;1;3;4;3;1;1
2008;PR28;788;20130124;3;1;2;1;3;3;3;0;1
2009;PR280;843;20140409;5;1;2;1;2;2;1;0;1
2010;PR2800;216;20190129;2;2;1;2;3;4;1;0;1
2011;PR2801;658;20190130;4;1;3;2;2;3;1;2;1
2012;PR2802;1379;20190130;4;4;2;2;1;1;1;1;1
2013;PR2803;264;20190130;2;2;2;2;2;2;1;2;1
2014;PR2804;443;20190130;2;4;2;2;3;4;3;0;1
2015;PR2805;108;20190131;1;4;4;4;1;2;1;2;1
2016;PR2806;1372;20190131;3;2;3;3;1;2;1;2;1
2017;PR2807;1032;20190201;3;1;3;1;1;1;3;0;1
2018;PR2808;1297;20190201;3;2;3;3;2;3;3;3;1
2019;PR2809;797;20190202;2;5;1;3;2;2;1;0;1
2020;PR281;998;20140410;2;3;5;3;2;3;2;3;1
2021;PR2810;1237;20190202;2;5;5;3;2;3;1;1;1
2022;PR2811;186;20190202;2;5;2;5;1;1;3;2;1
2023;PR2812;848;20190202;5;5;3;2;2;3;3;3;1
2024;PR2813;1003;20190202;3;5;3;5;1;1;3;2;1
2025;PR2814;575;20190203;2;1;3;2;1;1;3;3;1
2026;PR2815;503;20190203;5;5;5;2;3;4;2;0;1
2027;PR2816;807;20190204;2;3;2;2;2;3;1;1;1
2028;PR2817;1400;20190204;2;2;3;1;2;2;1;1;1
2029;PR2818;975;20190204;3;5;1;5;2;2;1;0;1
2030;PR2819;1243;20190204;5;3;2;1;1;2;1;2;1
2031;PR282;467;20140410;5;2;3;5;1;1;1;0;1
2032;PR2820;1055;20190204;5;3;3;5;2;3;1;1;1
2033;PR2821;1105;20190204;3;2;3;1;2;2;2;0;1
2034;PR2822;1006;20190204;2;1;5;2;2;2;2;1;1
2035;PR2823;136;20190205;3;1;1;3;2;2;2;2;1
2036;PR2824;476;20190205;2;5;3;5;3;4;2;2;1
2037;PR2825;1225;20190205;2;5;2;3;1;1;2;2;1
2038;PR2826;132;20190206;3;2;2;2;3;3;3;2;1
2039;PR2827;1388;20190206;5;5;5;5;3;4;2;2;1
2040;PR2828;1146;20190208;2;1;5;1;2;2;2;1;1
2041;PR2829;1374;20190208;5;5;2;2;1;2;3;2;1
2042;PR283;711;20140411;2;1;3;3;1;2;2;2;1
2043;PR2830;1288;20190208;3;1;5;3;1;1;2;1;1
2044;PR2831;1059;20190208;3;5;2;2;2;3;2;1;1
2045;PR2832;891;20190209;3;1;2;1;3;4;2;0;1
2046;PR2833;81;20190210;3;3;1;1;2;2;1;0;1
2047;PR2834;1025;20190210;2;2;2;2;3;3;3;2;1
2048;PR2835;501;20190210;5;1;1;2;2;2;2;3;1
2049;PR2836;1264;20190211;3;3;3;3;1;1;2;2;1
2050;PR2837;806;20190211;3;5;2;3;3;4;1;3;1
2051;PR2838;227;20190212;2;5;3;2;2;2;1;1;1
2052;PR2839;754;20190212;2;5;5;2;2;2;1;3;1
2053;PR284;137;20140412;3;1;3;2;1;2;2;2;1
2054;PR2840;1013;20190212;5;1;2;1;2;3;2;2;1
2055;PR2841;572;20190213;5;1;3;2;2;3;1;2;1
2056;PR2842;79;20190213;2;5;3;5;3;4;3;1;1
2057;PR2843;310;20190213;5;3;3;3;1;2;3;2;1
2058;PR2844;85;20190214;2;5;1;1;1;2;1;0;1
2059;PR2845;482;20190214;3;2;2;2;2;3;3;0;1
2060;PR2846;514;20190215;5;2;1;2;1;2;1;2;1
2061;PR2847;104;20190215;2;5;3;5;1;1;3;0;1
2062;PR2848;857;20190215;3;5;1;5;1;1;3;2;1
2063;PR2849;288;20190216;5;5;5;3;2;2;1;1;1
2064;PR285;157;20140412;3;2;3;1;2;3;3;1;1
2065;PR2850;454;20190217;2;2;3;5;3;4;3;2;1
2066;PR2851;1056;20190217;2;3;5;5;3;3;1;0;1
2067;PR2852;1203;20190217;2;1;1;2;3;4;3;3;1
2068;PR2853;1378;20190217;5;1;3;3;3;3;1;1;1
2069;PR2854;329;20190218;2;5;5;5;3;3;3;2;1
2070;PR2855;200;20190220;2;2;1;2;2;2;3;0;1
2071;PR2856;812;20190220;3;5;1;1;1;2;3;0;1
2072;PR2857;1026;20190220;2;3;5;2;2;3;3;1;1
2073;PR2858;462;20190221;5;5;1;1;3;3;2;3;1
2074;PR2859;1435;20190221;5;5;2;2;3;3;1;2;1
2075;PR286;409;20140412;5;1;5;5;1;1;3;1;1
2076;PR2860;1438;20190221;2;2;2;3;2;2;3;2;1
2077;PR2861;1178;20190221;3;2;1;2;2;3;3;0;1
2078;PR2862;523;20190222;2;5;1;2;3;4;3;0;1
2079;PR2863;1308;20190222;5;1;1;2;1;1;3;1;1
2080;PR2864;789;20190222;3;1;5;5;1;2;2;0;1
2081;PR2865;1131;20190222;2;5;3;3;1;1;3;1;1
2082;PR2866;1142;20190222;3;2;1;2;3;3;2;2;1
2083;PR2867;91;20190222;3;3;2;5;3;4;3;0;1
2084;PR2868;584;20190223;2;1;3;3;1;1;2;0;1
2085;PR2869;283;20190224;5;5;3;3;2;2;3;1;1
2086;PR287;465;20140413;5;5;3;5;1;2;2;1;1
2087;PR2870;1090;20190225;3;1;5;1;1;1;2;0;1
2088;PR2871;683;20190225;3;2;5;5;2;3;1;0;1
2089;PR2872;297;20190226;3;5;2;3;3;4;1;0;1
2090;PR2873;152;20190226;2;1;3;5;2;3;2;0;1
2091;PR2874;508;20190227;3;1;3;2;3;3;2;0;1
2092;PR2875;1335;20190227;2;5;2;5;2;3;2;1;1
2093;PR2876;5;20190228;2;1;5;5;3;3;2;0;1
2094;PR2877;678;20190228;2;1;1;3;1;1;3;0;1
2095;PR2878;686;20190228;2;1;1;1;2;3;1;0;1
2096;PR2879;644;20190228;5;1;3;1;3;4;3;0;1
2097;PR288;1128;20140414;3;1;5;1;1;2;1;0;1
2098;PR2880;148;20190301;2;1;2;5;3;3;2;1;1
2099;PR2881;1164;20190301;3;1;5;5;2;3;2;1;1
2100;PR2882;1279;20190301;2;3;1;5;1;1;2;1;1
2101;PR2883;918;20190301;5;2;2;3;1;2;2;3;1
2102;PR2884;646;20190301;3;3;1;1;2;3;3;0;1
2103;PR2885;833;20190301;5;1;3;2;2;2;2;0;1
2104;PR2886;1353;20190302;5;2;5;3;3;3;1;1;1
2105;PR2887;197;20190302;5;3;5;1;1;2;1;3;1
2106;PR2888;966;20190302;2;2;5;2;2;3;2;2;1
2107;PR2889;1127;20190303;3;2;1;3;3;3;2;2;1
2108;PR289;1173;20140414;5;3;3;5;3;3;3;1;1
2109;PR2890;1161;20190303;3;2;2;1;3;3;3;1;1
2110;PR2891;1461;20190303;3;5;1;5;2;3;1;2;1
2111;PR2892;16;20190303;2;2;1;2;1;1;3;0;1
2112;PR2893;40;20190304;3;2;1;2;2;2;3;0;1
2113;PR2894;99;20190305;2;1;1;3;1;1;3;0;1
2114;PR2895;138;20190305;5;1;1;1;2;2;1;0;1
2115;PR2896;461;20190305;5;5;3;1;2;2;1;2;1
2116;PR2897;1010;20190305;2;5;5;5;2;3;1;2;1
2117;PR2898;395;20190305;5;5;5;3;1;2;1;1;1
2118;PR2899;762;20190306;2;5;3;2;1;1;1;0;1
2119;PR29;386;20130125;5;2;5;3;1;1;3;0;1
2120;PR290;1377;20140415;2;5;2;3;1;1;1;0;1
2121;PR2900;1256;20190306;3;5;5;2;2;3;3;0;1
2122;PR2901;1352;20190306;3;3;5;2;3;3;2;1;1
2123;PR2902;973;20190306;2;2;5;1;1;1;1;0;1
2124;PR2903;1337;20190306;2;1;1;5;3;4;3;0;1
2125;PR2904;277;20190306;5;1;1;2;1;2;1;1;1
2126;PR2905;721;20190307;2;5;2;3;3;3;3;3;1
2127;PR2906;1254;20190307;3;2;5;1;2;3;2;1;1
2128;PR2907;664;20190307;3;5;1;2;1;2;3;0;1
2129;PR2908;1311;20190307;5;5;5;3;2;3;3;2;1
2130;PR2909;1241;20190308;5;5;2;2;1;1;1;1;1
2131;PR291;714;20140415;5;2;3;5;3;3;2;1;1
2132;PR2910;420;20190309;3;1;3;5;2;3;1;1;1
2133;PR2911;355;20190309;5;1;3;3;2;3;2;1;1
2134;PR2912;72;20190309;2;5;3;2;1;1;2;0;1
2135;PR2913;997;20190310;3;1;3;1;2;3;1;1;1
2136;PR2914;417;20190311;3;3;2;1;2;3;2;1;1
2137;PR2915;1185;20190311;2;1;3;3;1;1;1;0;1
2138;PR2916;928;20190312;5;5;3;1;2;3;1;3;1
2139;PR2917;614;20190313;3;1;3;2;2;2;3;0;1
2140;PR2918;215;20190313;5;1;3;3;1;2;3;3;1
2141;PR2919;493;20190313;3;5;3;1;3;3;3;1;1
2142;PR292;702;20140417;2;3;3;2;1;2;2;2;1
2143;PR2920;1024;20190313;5;5;2;1;2;3;2;0;1
2144;PR2921;444;20190314;5;3;2;2;3;4;3;1;1
2145;PR2922;712;20190314;3;3;1;3;2;2;2;1;1
2146;PR2923;745;20190314;2;3;5;1;1;1;1;3;1
2147;PR2924;546;20190314;2;2;3;5;2;2;1;0;1
2148;PR2925;326;20190314;5;5;5;5;3;3;1;1;1
2149;PR2926;937;20190315;2;3;3;3;3;4;2;2;1
2150;PR2927;1205;20190315;5;3;3;2;1;2;3;1;1
2151;PR2928;379;20190316;3;5;1;5;1;2;2;1;1
2152;PR2929;463;20190316;2;3;3;2;1;1;3;1;1
2153;PR293;1117;20140417;5;2;1;5;2;3;1;1;1
2154;PR2930;1190;20190317;3;2;5;1;1;2;3;1;1
2155;PR2931;1027;20190317;3;1;3;1;3;4;1;1;1
2156;PR2932;852;20190318;2;5;1;5;1;2;1;0;1
2157;PR2933;1260;20190318;2;2;2;2;2;3;3;1;1
2158;PR2934;1285;20190318;3;2;1;1;1;2;3;0;1
2159;PR2935;780;20190319;5;2;5;3;2;2;1;2;1
2160;PR2936;877;20190319;3;1;5;5;2;3;3;0;1
2161;PR2937;690;20190319;3;1;3;1;2;2;3;2;1
2162;PR2938;513;20190321;2;2;1;5;2;2;2;2;1
2163;PR2939;218;20190321;3;2;3;2;2;3;3;1;1
2164;PR294;536;20140418;2;1;2;3;2;2;1;1;1
2165;PR2940;357;20190321;3;1;2;5;1;2;2;2;1
2166;PR2941;809;20190321;2;2;5;1;2;2;1;0;1
2167;PR2942;1300;20190322;5;2;5;1;2;2;2;1;1
2168;PR2943;331;20190323;2;3;3;2;2;2;2;2;1
2169;PR2944;1064;20190323;5;2;5;5;1;1;3;1;1
2170;PR2945;1132;20190323;3;2;2;3;3;3;2;1;1
2171;PR2946;459;20190324;3;5;3;1;3;4;3;2;1
2172;PR2947;744;20190324;3;2;5;3;1;1;2;1;1
2173;PR2948;759;20190325;3;5;3;1;3;4;3;0;1
2174;PR2949;550;20190325;2;3;2;3;2;2;2;1;1
2175;PR295;422;20140418;2;1;1;5;2;3;3;0;1
2176;PR2950;488;20190325;3;5;3;3;2;2;1;0;1
2177;PR2951;545;20190326;5;2;2;5;3;4;3;2;1
2178;PR2952;1313;20190326;5;1;2;1;3;3;1;1;1
2179;PR2953;563;20190327;2;1;5;5;1;1;2;3;1
2180;PR2954;403;20190327;3;3;2;5;3;4;3;2;1
2181;PR2955;949;20190327;5;1;1;1;1;2;3;0;1
2182;PR2956;1123;20190327;3;3;3;3;2;3;1;2;1
2183;PR2957;870;20190328;3;3;3;3;3;3;3;0;1
2184;PR2958;836;20190328;3;5;1;2;2;3;3;1;1
2185;PR2959;6;20190329;5;5;5;3;2;2;2;2;1
2186;PR296;1130;20140421;3;2;1;2;2;2;1;2;1
2187;PR2960;1275;20190329;3;2;1;5;2;2;1;1;1
2188;PR2961;18;20190330;3;5;3;2;2;2;3;0;1
2189;PR2962;939;20190330;5;3;3;3;1;2;1;1;1
2190;PR2963;793;20190330;3;3;3;1;3;4;2;1;1
2191;PR2964;813;20190331;5;2;5;2;2;2;2;0;1
2192;PR2965;770;20190331;2;5;3;2;2;3;3;2;1
2193;PR2966;1122;20190331;2;2;1;3;1;2;2;1;1
2194;PR2967;905;20190401;2;3;2;2;3;3;1;0;1
2195;PR2968;11;20190402;2;1;2;1;2;2;3;0;1
2196;PR2969;48;20190402;3;3;5;5;1;1;1;0;1
2197;PR297;359;20140423;2;5;2;2;2;2;1;2;1
2198;PR2970;740;20190402;3;2;5;5;3;3;1;3;1
2199;PR2971;260;20190402;2;5;5;2;2;2;3;3;1
2200;PR2972;1045;20190403;5;5;2;2;1;2;2;1;1
2201;PR2973;599;20190404;3;5;5;2;3;4;2;0;1
2202;PR2974;1030;20190404;3;1;1;3;3;4;2;0;1
2203;PR2975;192;20190404;3;5;2;1;2;2;2;0;1
2204;PR2976;83;20190405;5;2;5;2;1;2;1;1;1
2205;PR2977;147;20190405;2;2;2;5;3;3;3;2;1
2206;PR2978;322;20190405;2;2;2;2;3;3;2;2;1
2207;PR2979;1144;20190405;2;5;1;1;2;2;3;1;1
2208;PR298;1295;20140423;2;3;5;3;1;1;3;2;1
2209;PR2980;44;20190406;3;2;5;1;2;2;1;1;1
2210;PR2981;843;20190408;2;3;1;1;3;3;3;0;1
2211;PR2982;998;20190409;2;5;5;3;1;2;2;0;1
2212;PR2983;467;20190409;5;2;5;3;1;2;2;1;1
2213;PR2984;803;20190409;2;3;3;2;2;3;1;1;1
2214;PR2985;986;20190410;2;1;3;1;1;1;3;1;1
2215;PR2986;1403;20190410;3;5;3;3;3;4;1;1;1
2216;PR2987;774;20190410;3;5;2;1;3;4;2;0;1
2217;PR2988;137;20190411;5;2;3;2;1;1;2;1;1
2218;PR2989;157;20190411;2;2;2;2;1;1;2;1;1
2219;PR299;1199;20140423;3;1;5;1;1;2;1;0;1
2220;PR2990;409;20190411;5;2;5;2;2;3;2;0;1
2221;PR2991;1238;20190411;5;3;1;1;1;2;2;1;1
2222;PR2992;465;20190412;2;2;1;5;2;3;1;1;1
2223;PR2993;926;20190412;3;2;5;1;2;3;3;2;1
2224;PR2994;1128;20190413;2;5;1;2;3;3;1;1;1
2225;PR2995;1173;20190413;3;2;3;2;1;2;2;0;1
2226;PR2996;529;20190413;3;5;3;5;2;2;2;0;1
2227;PR2997;1340;20190413;2;2;1;1;3;4;1;1;1
2228;PR2998;1377;20190414;5;3;5;5;1;1;3;0;1
2229;PR2999;714;20190414;5;5;2;2;2;2;2;0;1
2230;PR30;1031;20130126;2;1;5;2;3;3;2;2;1
2231;PR300;460;20140425;5;2;5;3;3;4;1;0;1
2232;PR3000;1181;20190414;5;3;1;2;3;3;2;1;1
2233;PR3001;969;20190415;3;2;5;3;2;2;1;1;1
2234;PR3002;702;20190416;2;3;3;2;2;2;2;1;1
2235;PR3003;1117;20190416;5;2;3;2;3;3;2;0;1
2236;PR3004;850;20190416;5;2;2;5;2;2;1;1;1
2237;PR3005;1034;20190416;2;5;1;1;1;2;2;0;1
2238;PR3006;536;20190417;5;5;1;2;2;2;1;1;1
2239;PR3007;422;20190417;3;2;3;1;3;3;3;1;1
2240;PR3008;103;20190417;5;1;2;2;2;2;1;1;1
2241;PR3009;600;20190417;5;2;5;1;2;2;1;1;1
2242;PR301;1063;20140425;5;5;5;1;2;2;3;0;1
2243;PR3010;964;20190418;3;2;2;3;3;4;2;0;1
2244;PR3011;885;20190418;5;1;1;3;2;2;3;1;1
2245;PR3012;1463;20190419;3;2;5;1;3;3;1;3;1
2246;PR3013;1130;20190420;2;5;3;3;3;4;2;1;1
2247;PR3014;1091;20190420;2;5;5;5;1;2;2;0;1
2248;PR3015;528;20190420;5;3;2;5;3;4;3;1;1
2249;PR3016;838;20190421;5;1;1;2;2;2;2;0;1
2250;PR3017;1441;20190421;2;1;2;1;3;3;3;0;1
2251;PR3018;359;20190422;2;5;3;1;2;2;3;0;1
2252;PR3019;1295;20190422;5;5;2;3;3;3;3;0;1
2253;PR302;105;20140426;5;5;2;5;2;3;3;0;1
2254;PR3020;661;20190422;2;3;2;3;1;2;2;1;1
2255;PR3021;974;20190422;5;3;1;3;3;4;2;2;1
2256;PR3022;1320;20190422;2;2;2;1;3;3;2;3;1
2257;PR3023;415;20190423;5;1;1;3;3;4;3;2;1
2258;PR3024;826;20190423;2;5;5;3;3;4;2;1;1
2259;PR3025;906;20190423;2;2;1;2;3;3;2;0;1
2260;PR3026;1234;20190423;5;2;3;5;1;2;3;1;1
2261;PR3027;460;20190424;3;5;2;2;1;1;3;1;1
2262;PR3028;923;20190424;2;3;1;2;2;2;2;1;1
2263;PR3029;207;20190424;2;1;5;3;3;4;1;1;1
2264;PR303;441;20140427;2;1;3;3;1;2;3;3;1
2265;PR3030;828;20190424;3;5;1;2;1;1;3;1;1
2266;PR3031;105;20190425;5;2;2;3;3;4;2;1;1
2267;PR3032;917;20190425;2;5;3;5;1;1;2;1;1
2268;PR3033;1052;20190425;3;2;1;2;2;3;2;0;1
2269;PR3034;1217;20190427;3;2;1;1;2;3;3;1;1
2270;PR3035;160;20190428;2;2;2;2;1;1;2;0;1
2271;PR3036;1253;20190428;3;1;3;5;3;3;1;0;1
2272;PR3037;1375;20190428;2;5;5;1;1;1;3;3;1
2273;PR3038;1390;20190428;3;3;5;2;1;1;1;1;1
2274;PR3039;1451;20190428;3;3;2;2;3;3;2;2;1
2275;PR304;722;20140427;5;3;5;2;1;2;3;1;1
2276;PR3040;1138;20190429;2;5;1;3;1;2;1;0;1
2277;PR3041;537;20190429;5;3;2;3;1;2;1;2;1
2278;PR3042;911;20190430;5;1;1;3;2;3;2;2;1
2279;PR3043;1211;20190430;2;5;1;5;1;2;1;1;1
2280;PR3044;270;20190430;2;2;2;2;1;2;1;1;1
2281;PR3045;308;20190430;2;5;2;2;2;2;1;1;1
2282;PR3046;289;20190501;5;5;2;3;1;2;1;0;1
2283;PR3047;1008;20190501;2;5;1;1;1;1;1;1;1
2284;PR3048;133;20190502;3;2;1;3;3;4;3;2;1
2285;PR3049;512;20190502;3;1;2;5;3;4;1;2;1
2286;PR305;160;20140429;2;3;2;3;2;3;3;2;1
2287;PR3050;831;20190502;5;5;3;2;3;4;3;2;1
2288;PR3051;1202;20190503;2;5;2;1;3;4;3;3;1
2289;PR3052;491;20190503;5;3;5;3;1;1;2;0;1
2290;PR3053;1053;20190503;2;2;3;3;1;2;2;0;1
2291;PR3054;127;20190504;5;3;5;1;2;2;3;0;1
2292;PR3055;981;20190504;3;1;1;1;2;2;2;0;1
2293;PR3056;1367;20190504;2;5;1;2;1;2;3;0;1
2294;PR3057;1466;20190505;5;3;3;3;3;3;2;1;1
2295;PR3058;1401;20190505;3;5;3;2;3;4;2;1;1
2296;PR3059;109;20190505;5;3;1;5;3;4;2;0;1
2297;PR306;1253;20140429;3;1;3;1;3;3;2;1;1
2298;PR3060;878;20190505;3;5;1;3;1;1;2;1;1
2299;PR3061;257;20190506;5;5;5;5;2;3;3;3;1
2300;PR3062;57;20190506;5;2;3;2;3;4;2;0;1
2301;PR3063;1201;20190506;5;1;5;2;3;3;2;0;1
2302;PR3064;1341;20190507;5;2;1;3;1;1;3;0;1
2303;PR3065;234;20190508;3;5;2;3;2;2;3;0;1
2304;PR3066;616;20190508;2;1;5;2;1;1;2;0;1
2305;PR3067;517;20190508;3;5;5;2;2;3;1;3;1
2306;PR3068;391;20190509;5;3;1;5;3;3;1;1;1
2307;PR3069;425;20190509;5;2;5;2;1;2;2;2;1
2308;PR307;1138;20140430;3;2;2;3;1;2;1;0;1
2309;PR3070;1305;20190510;2;2;1;2;1;1;1;1;1
2310;PR3071;705;20190510;2;3;3;1;1;1;3;0;1
2311;PR3072;233;20190510;5;1;5;5;2;3;2;0;1
2312;PR3073;941;20190511;2;2;2;5;1;1;3;1;1
2313;PR3074;1259;20190511;2;1;5;3;1;2;1;0;1
2314;PR3075;171;20190512;5;1;1;1;3;3;3;1;1
2315;PR3076;363;20190512;3;1;1;1;1;1;1;1;1
2316;PR3077;932;20190512;5;3;3;5;1;1;3;1;1
2317;PR3078;370;20190513;3;5;3;3;2;3;3;0;1
2318;PR3079;1149;20190513;2;1;2;1;1;1;3;2;1
2319;PR308;911;20140501;5;3;3;5;3;4;2;3;1
2320;PR3080;1084;20190513;2;5;5;1;1;2;1;1;1
2321;PR3081;185;20190514;2;3;2;5;2;2;1;0;1
2322;PR3082;909;20190514;5;3;5;2;2;3;2;3;1
2323;PR3083;731;20190514;2;1;3;3;1;2;3;1;1
2324;PR3084;1140;20190514;5;1;3;1;2;2;2;0;1
2325;PR3085;521;20190514;5;3;2;5;3;4;2;0;1
2326;PR3086;1280;20190515;2;2;3;5;2;2;3;0;1
2327;PR3087;167;20190515;5;5;5;2;1;2;2;0;1
2328;PR3088;61;20190516;2;5;1;3;1;2;1;1;1
2329;PR3089;899;20190516;5;5;3;5;1;2;3;1;1
2330;PR309;1211;20140501;2;3;2;5;3;3;2;1;1
2331;PR3090;591;20190516;5;1;2;3;3;4;1;2;1
2332;PR3091;886;20190517;5;3;5;3;3;4;2;2;1
2333;PR3092;213;20190518;2;2;1;2;3;4;3;2;1
2334;PR3093;318;20190518;2;2;3;1;2;2;3;0;1
2335;PR3094;435;20190519;5;3;5;2;1;2;3;2;1
2336;PR3095;456;20190519;5;2;1;1;1;1;3;1;1
2337;PR3096;915;20190519;3;5;2;5;3;4;2;0;1
2338;PR3097;1082;20190519;2;5;3;5;3;3;1;2;1
2339;PR3098;823;20190520;2;1;5;1;2;3;2;0;1
2340;PR3099;4;20190521;5;3;2;5;2;2;3;3;1
2341;PR31;559;20130127;3;5;3;1;2;3;1;1;1
2342;PR310;270;20140501;5;3;1;1;3;4;1;1;1
2343;PR3100;510;20190521;2;1;1;2;2;2;2;1;1
2344;PR3101;144;20190522;5;5;1;3;2;3;1;2;1
2345;PR3102;776;20190523;2;3;3;3;3;4;2;0;1
2346;PR3103;387;20190523;2;3;1;5;1;2;2;1;1
2347;PR3104;1074;20190523;3;5;2;1;3;3;1;3;1
2348;PR3105;741;20190523;5;5;5;2;1;2;2;0;1
2349;PR3106;162;20190523;2;3;2;5;2;3;1;1;1
2350;PR3107;324;20190523;3;3;3;3;3;3;2;2;1
2351;PR3108;1287;20190523;5;5;2;1;2;3;3;0;1
2352;PR3109;450;20190523;5;2;2;5;1;2;2;1;1
2353;PR311;308;20140501;3;1;2;3;3;3;2;1;1
2354;PR3110;621;20190523;2;3;5;5;1;1;1;0;1
2355;PR3111;41;20190524;5;3;3;1;2;2;2;0;1
2356;PR3112;92;20190524;3;3;1;3;2;2;1;1;1
2357;PR3113;1366;20190524;3;5;1;2;3;3;1;1;1
2358;PR3114;875;20190525;3;2;2;3;1;1;2;0;1
2359;PR3115;209;20190525;2;5;5;1;2;2;1;3;1
2360;PR3116;492;20190525;2;1;1;3;2;2;2;3;1
2361;PR3117;1248;20190526;3;2;3;3;1;1;1;2;1
2362;PR3118;240;20190526;5;3;1;2;1;2;2;0;1
2363;PR3119;390;20190526;5;3;5;3;3;3;2;1;1
2364;PR312;289;20140502;3;5;1;5;3;4;3;3;1
2365;PR3120;272;20190527;5;2;2;2;2;3;1;1;1
2366;PR3121;1405;20190527;3;5;3;3;3;4;1;0;1
2367;PR3122;1155;20190528;5;1;1;5;1;2;1;0;1
2368;PR3123;1093;20190529;2;3;1;2;2;3;2;3;1
2369;PR3124;1284;20190529;3;5;5;1;1;2;1;1;1
2370;PR3125;618;20190529;2;1;1;5;1;2;3;1;1
2371;PR3126;662;20190529;2;2;2;3;3;3;3;1;1
2372;PR3127;814;20190530;5;5;5;5;3;4;2;0;1
2373;PR3128;217;20190530;2;1;3;2;2;2;2;1;1
2374;PR3129;576;20190531;5;5;5;5;2;2;3;2;1
2375;PR313;1008;20140502;5;3;3;5;1;2;3;2;1
2376;PR3130;1419;20190531;2;5;5;1;1;1;2;2;1
2377;PR3131;676;20190531;3;3;1;1;3;3;3;1;1
2378;PR3132;273;20190531;2;1;5;1;3;4;3;0;1
2379;PR3133;1460;20190531;5;5;2;1;3;3;3;3;1
2380;PR3134;1023;20190601;5;5;1;1;2;3;3;0;1
2381;PR3135;589;20190601;3;1;1;3;3;4;2;1;1
2382;PR3136;767;20190601;5;1;3;1;2;3;3;1;1
2383;PR3137;1408;20190601;3;3;1;5;3;3;2;1;1
2384;PR3138;535;20190601;5;2;5;3;2;3;3;1;1
2385;PR3139;319;20190602;2;1;5;2;3;3;2;0;1
2386;PR314;1354;20140502;3;2;3;2;3;4;1;1;1
2387;PR3140;77;20190603;5;2;2;5;1;1;1;0;1
2388;PR3141;42;20190604;2;1;5;5;2;3;3;1;1
2389;PR3142;887;20190605;5;2;2;2;3;3;3;2;1
2390;PR3143;1278;20190606;2;1;5;1;1;1;1;1;1
2391;PR3144;637;20190606;3;3;5;5;3;4;1;1;1
2392;PR3145;1168;20190606;2;3;5;1;3;4;1;1;1
2393;PR3146;1208;20190607;2;2;1;5;2;3;1;0;1
2394;PR3147;1418;20190608;5;5;5;3;2;2;3;2;1
2395;PR3148;1050;20190609;3;1;3;5;1;1;3;1;1
2396;PR3149;1219;20190609;5;1;2;3;3;3;3;1;1
2397;PR315;133;20140503;3;5;1;5;3;3;1;3;1
2398;PR3150;785;20190610;2;2;3;1;2;3;2;1;1
2399;PR3151;153;20190610;2;3;1;2;2;2;1;0;1
2400;PR3152;1269;20190611;3;3;5;1;3;4;3;1;1
2401;PR3153;1338;20190612;2;5;2;3;3;3;3;0;1
2402;PR3154;1294;20190613;2;2;3;2;1;1;3;1;1
2403;PR3155;340;20190614;5;1;2;2;1;1;1;2;1
2404;PR3156;1348;20190614;2;1;1;1;3;4;2;1;1
2405;PR3157;947;20190614;5;3;1;3;2;3;2;1;1
2406;PR3158;1054;20190614;3;1;1;1;2;2;2;1;1
2407;PR3159;471;20190615;2;2;1;1;1;1;1;1;1
2408;PR316;1202;20140504;5;1;3;1;3;4;1;0;1
2409;PR3160;49;20190615;3;2;1;5;3;4;2;1;1
2410;PR3161;962;20190616;3;2;5;2;3;4;3;1;1
2411;PR3162;445;20190616;5;2;1;2;1;2;2;0;1
2412;PR3163;181;20190617;5;1;1;5;3;3;3;2;1
2413;PR3164;477;20190617;3;5;1;5;3;3;1;0;1
2414;PR3165;653;20190617;5;2;1;5;1;2;1;0;1
2415;PR3166;203;20190617;3;3;3;1;1;1;2;1;1
2416;PR3167;1051;20190617;5;1;5;3;2;3;1;0;1
2417;PR3168;3;20190619;3;5;2;2;1;1;1;1;1
2418;PR3169;1407;20190619;3;3;3;2;2;2;2;1;1
2419;PR317;127;20140505;2;3;5;1;3;4;1;0;1
2420;PR3170;168;20190619;5;2;2;5;3;3;1;2;1
2421;PR3171;1079;20190621;2;3;2;3;1;1;1;1;1
2422;PR3172;475;20190621;5;2;1;1;1;2;3;0;1
2423;PR3173;263;20190622;3;5;1;2;3;4;3;0;1
2424;PR3174;344;20190623;2;5;3;5;3;3;3;0;1
2425;PR3175;778;20190623;3;5;2;3;2;3;1;2;1
2426;PR3176;479;20190623;2;3;5;3;2;2;2;1;1
2427;PR3177;884;20190623;5;5;3;3;3;4;3;1;1
2428;PR3178;871;20190624;5;5;1;2;2;3;1;0;1
2429;PR3179;842;20190624;3;3;5;1;3;3;3;2;1
2430;PR318;981;20140505;5;3;1;2;2;2;1;1;1
2431;PR3180;953;20190625;5;1;2;1;3;4;3;1;1
2432;PR3181;592;20190625;2;3;1;5;1;2;3;2;1
2433;PR3182;432;20190626;3;1;2;1;3;4;2;1;1
2434;PR3183;1344;20190626;2;2;1;5;1;2;1;0;1
2435;PR3184;733;20190626;2;2;3;3;3;3;1;1;1
2436;PR3185;380;20190626;2;1;5;3;2;3;3;1;1
2437;PR3186;1416;20190626;5;1;1;1;2;2;3;2;1
2438;PR3187;1097;20190628;2;1;1;5;3;3;1;2;1
2439;PR3188;1114;20190628;5;1;1;1;3;3;3;2;1
2440;PR3189;249;20190629;3;1;2;1;1;1;3;0;1
2441;PR319;1466;20140506;3;5;1;1;1;2;2;3;1
2442;PR3190;1315;20190629;3;2;2;3;1;2;1;0;1
2443;PR3191;968;20190629;2;5;5;1;1;2;3;1;1
2444;PR3192;622;20190630;3;3;5;5;2;2;2;3;1
2445;PR3193;1224;20190630;2;3;5;2;3;3;3;0;1
2446;PR3194;668;20190630;2;5;3;2;3;4;1;0;1
2447;PR3195;1092;20190630;2;2;5;5;3;3;2;3;1
2448;PR3196;989;20190630;2;2;5;1;3;3;2;0;1
2449;PR3197;429;20190701;5;3;2;5;3;4;3;1;1
2450;PR3198;496;20190701;2;1;5;3;1;2;1;2;1
2451;PR3199;1456;20190701;2;3;3;3;2;3;1;0;1
2452;PR32;515;20130129;2;2;2;1;2;3;1;1;1
2453;PR320;1401;20140506;2;1;2;2;1;2;1;0;1
2454;PR3200;541;20190701;2;3;2;3;1;2;1;1;1
2455;PR3201;1439;20190703;3;1;2;2;2;2;1;0;1
2456;PR3202;63;20190704;5;2;1;1;3;3;1;0;1
2457;PR3203;938;20190704;2;5;5;2;3;3;2;1;1
2458;PR3204;271;20190705;2;2;2;2;1;1;3;3;1
2459;PR3205;470;20190705;2;1;3;1;1;1;1;1;1
2460;PR3206;368;20190706;5;2;2;5;2;2;2;0;1
2461;PR3207;1115;20190706;4;4;1;2;1;2;3;1;1
2462;PR3208;791;20190708;1;4;2;3;2;3;1;0;1
2463;PR3209;990;20190708;1;3;3;3;2;2;2;0;1
2464;PR321;257;20140507;2;1;5;1;2;2;1;3;1
2465;PR3210;87;20190708;4;4;3;1;1;2;2;3;1
2466;PR3211;95;20190709;3;3;3;3;2;2;2;1;1
2467;PR3212;708;20190709;4;2;3;2;1;2;3;1;1
2468;PR3213;309;20190709;2;1;4;1;2;2;2;1;1
2469;PR3214;506;20190709;3;4;2;4;3;3;3;0;1
2470;PR3215;868;20190709;2;2;1;5;1;2;2;1;1
2471;PR3216;1304;20190710;5;3;3;1;2;2;3;2;1
2472;PR3217;120;20190710;3;5;3;3;2;2;1;2;1
2473;PR3218;914;20190710;2;5;3;1;1;1;3;1;1
2474;PR3219;872;20190710;3;5;3;2;2;2;3;0;1
2475;PR322;57;20140507;2;1;5;2;3;4;1;0;1
2476;PR3220;1080;20190710;5;1;3;3;1;1;3;0;1
2477;PR3221;577;20190711;3;3;3;1;1;2;3;1;1
2478;PR3222;863;20190711;5;3;2;1;1;1;1;2;1
2479;PR3223;627;20190711;3;2;3;3;2;2;1;0;1
2480;PR3224;1271;20190712;3;3;2;1;2;3;3;3;1
2481;PR3225;763;20190713;3;1;5;3;1;2;3;0;1
2482;PR3226;241;20190713;5;5;3;1;2;2;2;2;1
2483;PR3227;464;20190714;3;2;1;3;2;3;2;2;1
2484;PR3228;1434;20190714;5;5;1;1;1;1;3;0;1
2485;PR3229;1307;20190715;5;1;1;1;2;3;1;3;1
2486;PR323;873;20140507;2;5;1;3;3;3;3;1;1
2487;PR3230;243;20190715;2;2;2;3;1;2;2;0;1
2488;PR3231;569;20190715;2;2;2;1;3;3;3;1;1
2489;PR3232;1247;20190717;5;2;5;1;2;2;3;0;1
2490;PR3233;1165;20190717;2;5;1;1;1;2;3;0;1
2491;PR3234;1292;20190717;2;1;5;1;2;3;2;1;1
2492;PR3235;1246;20190718;2;1;5;2;2;3;2;1;1
2493;PR3236;1385;20190718;3;1;2;3;2;2;3;0;1
2494;PR3237;1406;20190718;5;5;2;1;3;4;3;1;1
2495;PR3238;129;20190718;3;1;2;3;1;2;3;0;1
2496;PR3239;1250;20190718;2;5;3;1;1;1;1;1;1
2497;PR324;1341;20140508;3;2;1;1;1;1;3;0;1
2498;PR3240;285;20190718;5;5;5;1;3;3;1;1;1
2499;PR3241;1427;20190719;2;2;2;1;2;3;3;0;1
2500;PR3242;1096;20190719;3;1;1;5;2;3;2;0;1
2501;PR3243;279;20190719;5;2;3;1;3;4;1;1;1
2502;PR3244;955;20190720;2;3;5;3;1;1;3;2;1
2503;PR3245;734;20190720;3;1;2;1;2;3;3;3;1
2504;PR3246;982;20190720;2;2;2;1;1;2;1;1;1
2505;PR3247;1220;20190720;5;5;1;2;2;2;2;2;1
2506;PR3248;844;20190721;3;2;5;3;1;2;1;1;1
2507;PR3249;1039;20190721;3;1;1;1;2;2;3;2;1
2508;PR325;234;20140509;3;3;3;5;2;2;3;0;1
2509;PR3250;373;20190722;5;5;1;3;2;3;2;3;1
2510;PR3251;643;20190723;2;5;2;3;3;4;3;1;1
2511;PR3252;1391;20190723;5;1;3;5;2;2;2;0;1
2512;PR3253;407;20190723;5;5;3;3;2;3;2;0;1
2513;PR3254;1283;20190724;3;1;1;1;1;2;2;1;1
2514;PR3255;1037;20190724;5;5;3;2;3;4;2;2;1
2515;PR3256;889;20190725;5;3;1;3;3;4;1;0;1
2516;PR3257;1218;20190725;2;1;5;3;1;1;1;2;1
2517;PR3258;190;20190725;5;2;3;5;2;3;3;3;1
2518;PR3259;393;20190725;5;1;3;2;2;2;3;2;1
2519;PR326;1125;20140509;3;2;3;1;2;2;2;1;1
2520;PR3260;1230;20190725;3;2;5;2;3;3;2;0;1
2521;PR3261;1137;20190726;2;3;1;1;1;2;2;0;1
2522;PR3262;703;20190727;5;1;2;1;3;3;3;0;1
2523;PR3263;649;20190727;3;1;5;1;3;3;3;2;1
2524;PR3264;1398;20190728;2;1;2;5;1;2;3;1;1
2525;PR3265;1226;20190728;2;1;1;1;2;2;3;0;1
2526;PR3266;60;20190728;5;1;3;1;3;4;1;1;1
2527;PR3267;1159;20190730;3;2;3;2;2;3;3;2;1
2528;PR3268;112;20190730;5;1;2;2;2;2;1;1;1
2529;PR3269;888;20190730;5;2;5;2;3;4;3;0;1
2530;PR327;391;20140510;5;5;1;1;1;1;1;1;1
2531;PR3270;978;20190730;5;3;2;2;1;2;1;0;1
2532;PR3271;228;20190731;3;3;1;3;2;3;3;2;1
2533;PR3272;1239;20190731;3;5;1;3;3;4;3;3;1
2534;PR3273;701;20190801;5;1;3;2;1;2;2;3;1
2535;PR3274;500;20190801;3;2;1;3;3;3;3;0;1
2536;PR3275;47;20190802;2;1;3;2;1;1;2;1;1
2537;PR3276;647;20190803;2;1;2;3;3;4;1;1;1
2538;PR3277;1176;20190803;3;3;1;3;1;1;2;1;1
2539;PR3278;602;20190804;5;2;3;3;2;2;2;3;1
2540;PR3279;483;20190804;5;5;1;1;2;3;3;0;1
2541;PR328;1305;20140511;3;3;2;1;3;4;1;1;1
2542;PR3280;1369;20190804;3;1;3;5;3;3;1;1;1
2543;PR3281;992;20190804;5;2;3;2;3;3;1;1;1
2544;PR3282;665;20190804;5;3;1;1;1;1;2;2;1
2545;PR3283;607;20190806;3;3;1;1;3;4;2;0;1
2546;PR3284;1088;20190806;5;1;1;3;3;3;2;1;1
2547;PR3285;804;20190806;3;3;1;1;1;1;2;2;1
2548;PR3286;525;20190809;2;3;2;1;1;1;1;2;1
2549;PR3287;912;20190809;5;2;1;3;2;2;3;0;1
2550;PR3288;615;20190809;5;1;2;2;3;3;2;0;1
2551;PR3289;246;20190810;5;2;2;2;2;2;1;1;1
2552;PR329;941;20140512;3;1;1;2;2;3;1;3;1
2553;PR3290;860;20190812;3;5;2;2;2;3;1;1;1
2554;PR3291;620;20190812;5;5;2;3;3;3;1;0;1
2555;PR3292;369;20190812;3;5;2;3;2;2;2;1;1
2556;PR3293;23;20190813;3;5;2;1;3;4;2;0;1
2557;PR3294;400;20190813;3;1;1;5;2;2;2;1;1
2558;PR3295;859;20190813;2;3;3;5;3;3;3;1;1
2559;PR3296;993;20190814;3;2;3;3;2;3;3;2;1
2560;PR3297;26;20190814;2;2;5;3;2;2;2;0;1
2561;PR3298;628;20190814;3;1;3;5;3;3;2;2;1
2562;PR3299;557;20190815;2;3;5;1;3;4;1;1;1
2563;PR33;1319;20130129;5;3;5;2;1;1;3;0;1
2564;PR330;171;20140513;3;5;2;1;1;2;3;0;1
2565;PR3300;1192;20190815;5;2;5;5;1;2;2;3;1
2566;PR3301;1011;20190815;3;3;2;5;3;3;1;0;1
2567;PR3302;719;20190815;2;3;2;3;2;2;2;1;1
2568;PR3303;244;20190816;3;5;3;3;2;2;2;0;1
2569;PR3304;361;20190816;5;1;5;3;1;1;1;0;1
2570;PR3305;1151;20190816;2;5;3;1;2;3;1;0;1
2571;PR3306;640;20190816;5;5;3;2;2;3;2;1;1
2572;PR3307;983;20190816;3;3;2;5;3;4;1;0;1
2573;PR3308;307;20190817;2;1;1;2;2;2;2;1;1
2574;PR3309;466;20190817;4;3;4;3;1;2;1;2;1
2575;PR331;363;20140513;2;1;2;3;3;3;3;0;1
2576;PR3310;1048;20190818;3;4;3;1;1;2;1;0;1
2577;PR3311;1286;20190818;4;1;4;4;2;3;2;1;1
2578;PR3312;1172;20190818;1;3;1;2;3;3;1;1;1
2579;PR3313;692;20190819;2;2;2;2;1;2;3;0;1
2580;PR3314;1139;20190820;4;4;4;2;2;3;3;3;1
2581;PR3315;1429;20190821;4;4;2;3;2;2;2;0;1
2582;PR3316;237;20190821;2;3;3;3;1;2;3;2;1
2583;PR3317;555;20190821;5;5;1;3;1;2;1;0;1
2584;PR3318;700;20190821;5;2;5;2;2;2;3;0;1
2585;PR3319;220;20190822;5;2;3;3;1;1;2;2;1
2586;PR332;370;20140514;3;5;3;5;1;1;2;3;1
2587;PR3320;143;20190823;3;1;3;1;3;3;1;3;1
2588;PR3321;149;20190824;5;5;1;3;2;2;3;1;1
2589;PR3322;176;20190824;2;1;5;2;1;1;1;1;1
2590;PR3323;1193;20190825;5;2;5;3;2;2;1;2;1
2591;PR3324;596;20190826;5;2;5;5;1;1;2;0;1
2592;PR3325;451;20190827;2;2;2;2;1;2;3;2;1
2593;PR3326;866;20190829;3;5;3;5;1;1;1;2;1
2594;PR3327;139;20190830;2;3;2;2;3;3;1;2;1
2595;PR3328;1326;20190831;3;2;5;2;3;4;3;1;1
2596;PR3329;121;20190901;5;2;1;3;3;3;2;3;1
2597;PR333;1149;20140514;5;5;2;2;3;4;2;0;1
2598;PR3330;1078;20190901;3;3;1;2;2;2;2;3;1
2599;PR3331;261;20190902;2;3;5;1;3;4;3;0;1
2600;PR3332;1135;20190902;3;1;5;2;3;4;1;1;1
2601;PR3333;110;20190902;2;1;5;2;1;1;3;2;1
2602;PR3334;1227;20190903;3;1;2;2;3;4;3;1;1
2603;PR3335;268;20190903;5;5;2;1;2;2;3;1;1
2604;PR3336;214;20190903;5;1;1;1;1;2;2;1;1
2605;PR3337;642;20190903;3;1;1;1;3;3;1;0;1
2606;PR3338;816;20190903;2;2;2;5;2;3;3;1;1
2607;PR3339;315;20190904;2;2;2;3;3;4;1;0;1
2608;PR334;185;20140515;2;2;1;1;2;3;2;2;1
2609;PR3340;1415;20190904;3;5;3;3;1;2;2;2;1
2610;PR3341;688;20190904;3;1;2;2;2;3;2;3;1
2611;PR3342;656;20190905;2;5;5;3;1;2;1;2;1
2612;PR3343;1000;20190906;2;2;2;3;1;2;2;3;1
2613;PR3344;1186;20190908;3;2;5;1;3;4;1;1;1
2614;PR3345;50;20190908;5;2;5;2;3;4;2;0;1
2615;PR3346;897;20190909;5;1;3;1;1;2;2;2;1
2616;PR3347;174;20190911;3;1;2;3;1;2;3;0;1
2617;PR3348;1012;20190911;5;2;5;1;2;2;3;0;1
2618;PR3349;376;20190912;3;2;1;2;1;1;3;1;1
2619;PR335;61;20140517;2;1;2;3;2;3;1;1;1
2620;PR3350;810;20190912;2;3;2;1;1;1;1;3;1
2621;PR3351;1065;20190912;3;3;2;1;2;3;3;1;1
2622;PR3352;1424;20190913;2;5;1;5;3;3;3;0;1
2623;PR3353;560;20190914;3;1;2;1;3;3;1;2;1
2624;PR3354;358;20190914;2;1;3;3;2;2;2;1;1
2625;PR3355;182;20190915;2;5;1;1;1;1;3;3;1
2626;PR3356;673;20190915;2;3;1;2;1;2;2;2;1
2627;PR3357;347;20190916;3;1;5;3;1;2;3;1;1
2628;PR3358;935;20190916;2;5;3;1;3;3;2;1;1
2629;PR3359;497;20190919;3;3;2;5;1;2;3;2;1
2630;PR336;899;20140517;5;2;3;2;2;3;3;0;1
2631;PR3360;1177;20190919;3;2;5;5;3;3;1;0;1
2632;PR3361;275;20190920;5;5;5;3;1;1;2;2;1
2633;PR3362;1170;20190920;3;2;1;3;3;4;3;2;1
2634;PR3363;294;20190921;3;5;5;3;1;2;3;1;1
2635;PR3364;736;20190921;3;3;1;5;2;2;3;2;1
2636;PR3365;51;20190922;3;1;1;1;1;2;3;1;1
2637;PR3366;1312;20190923;5;3;2;3;3;3;2;3;1
2638;PR3367;398;20190923;2;1;5;2;3;4;3;1;1
2639;PR3368;1336;20190924;2;1;5;3;2;2;3;2;1
2640;PR3369;1290;20190925;5;2;5;2;2;2;2;1;1
2641;PR337;435;20140520;3;2;3;1;3;3;2;1;1
2642;PR3370;727;20190926;5;2;3;1;2;3;2;1;1
2643;PR3371;1356;20190926;2;3;5;2;1;1;1;0;1
2644;PR3372;1099;20190926;5;1;1;5;1;2;3;0;1
2645;PR3373;396;20190927;3;2;2;5;1;2;1;0;1
2646;PR3374;172;20190928;5;1;5;5;1;2;3;0;1
2647;PR3375;817;20190928;5;5;5;2;1;1;1;1;1
2648;PR3376;1430;20190928;3;1;2;1;1;1;2;0;1
2649;PR3377;1058;20190929;2;1;5;1;1;2;1;1;1
2650;PR3378;1327;20190929;3;2;1;2;3;4;2;0;1
2651;PR3379;534;20190930;3;5;1;2;3;4;3;0;1
2652;PR338;456;20140520;3;1;1;2;2;3;1;0;1
2653;PR3380;119;20191001;5;3;1;5;2;2;2;3;1
2654;PR3381;1020;20191001;5;1;5;1;1;2;2;3;1
2655;PR3382;777;20191001;5;2;3;3;2;2;2;0;1
2656;PR3383;256;20191001;3;3;2;5;3;3;1;1;1
2657;PR3384;1005;20191001;2;2;2;2;2;3;1;1;1
2658;PR3385;424;20191002;2;3;3;3;3;4;1;0;1
2659;PR3386;224;20191003;2;3;5;3;1;1;1;3;1
2660;PR3387;746;20191004;3;2;3;1;1;1;3;1;1
2661;PR3388;636;20191004;3;2;2;1;3;3;1;2;1
2662;PR3389;1214;20191004;3;5;3;5;3;4;3;0;1
2663;PR339;915;20140520;2;3;2;3;3;4;1;0;1
2664;PR3390;336;20191004;2;2;5;3;1;2;3;1;1
2665;PR3391;96;20191004;5;1;5;3;1;2;2;3;1
2666;PR3392;12;20191008;5;5;1;1;3;4;1;2;1
2667;PR3393;738;20191009;3;3;1;3;2;3;2;1;1
2668;PR3394;1361;20191009;3;5;3;1;2;3;3;3;1
2669;PR3395;751;20191009;2;3;1;2;2;2;3;0;1
2670;PR3396;1402;20191009;2;3;1;1;1;2;2;1;1
2671;PR3397;671;20191010;2;2;1;5;3;3;3;2;1
2672;PR3398;115;20191010;5;2;3;2;3;4;3;0;1
2673;PR3399;1446;20191014;3;1;5;3;3;3;1;1;1
2674;PR34;658;20130131;2;2;1;5;3;4;2;1;1
2675;PR340;1082;20140520;5;2;3;3;2;3;2;1;1
2676;PR3400;225;20191014;3;2;2;2;2;3;1;2;1
2677;PR3401;140;20191015;2;1;5;1;2;2;1;3;1
2678;PR3402;201;20191015;5;2;5;1;2;2;2;1;1
2679;PR3403;531;20191015;2;5;1;3;1;2;2;0;1
2680;PR3404;799;20191015;2;3;1;5;3;4;2;2;1
2681;PR3405;280;20191016;2;1;1;5;1;1;3;0;1
2682;PR3406;388;20191017;2;5;3;3;2;2;2;1;1
2683;PR3407;951;20191017;2;3;2;3;2;2;1;0;1
2684;PR3408;1467;20191017;2;1;3;3;2;2;2;0;1
2685;PR3409;32;20191017;5;3;2;2;3;3;1;1;1
2686;PR341;823;20140521;3;3;3;1;1;2;3;0;1
2687;PR3410;657;20191018;2;1;2;3;3;4;1;2;1
2688;PR3411;392;20191019;3;1;2;3;3;4;3;3;1
2689;PR3412;648;20191020;3;2;2;2;2;2;1;1;1
2690;PR3413;1167;20191020;2;5;1;1;2;3;3;2;1
2691;PR3414;68;20191020;2;1;1;3;3;4;3;1;1
2692;PR3415;169;20191020;2;1;3;2;3;4;1;2;1
2693;PR3416;1110;20191020;3;5;2;3;3;3;2;0;1
2694;PR3417;760;20191021;2;1;5;3;2;3;2;1;1
2695;PR3418;199;20191022;5;5;1;1;2;3;2;0;1
2696;PR3419;286;20191022;2;1;3;5;2;3;3;2;1
2697;PR342;4;20140522;2;5;2;1;3;4;1;3;1
2698;PR3420;936;20191024;3;3;5;2;3;3;3;0;1
2699;PR3421;1261;20191024;2;3;3;2;2;3;1;2;1
2700;PR3422;265;20191025;3;2;3;5;1;1;1;1;1
2701;PR3423;663;20191025;5;5;5;5;3;3;2;1;1
2702;PR3424;1179;20191025;2;3;5;3;3;3;3;0;1
2703;PR3425;1382;20191025;3;2;2;3;3;4;2;0;1
2704;PR3426;881;20191026;3;3;2;1;1;2;3;1;1
2705;PR3427;1195;20191026;2;3;3;1;1;2;3;2;1
2706;PR3428;728;20191026;2;2;1;1;1;1;2;2;1
2707;PR3429;1018;20191026;5;3;1;5;3;3;1;1;1
2708;PR343;144;20140523;2;2;3;1;1;2;3;1;1
2709;PR3430;1021;20191026;5;3;5;2;3;4;2;0;1
2710;PR3431;221;20191027;5;1;2;1;2;2;3;0;1
2711;PR3432;1194;20191027;5;5;1;5;1;1;1;1;1
2712;PR3433;794;20191028;2;1;1;5;1;2;2;0;1
2713;PR3434;892;20191029;2;2;1;3;3;4;1;0;1
2714;PR3435;811;20191029;3;4;3;1;1;1;2;2;1
2715;PR3436;276;20191030;4;2;1;2;1;2;3;1;1
2716;PR3437;574;20191031;1;3;1;4;3;3;3;3;1
2717;PR3438;55;20191031;3;4;3;4;3;3;1;2;1
2718;PR3439;709;20191031;4;1;2;3;3;4;3;0;1
2719;PR344;776;20140524;2;3;5;3;2;3;3;2;1
2720;PR3440;1209;20191031;4;3;1;4;2;2;2;0;1
2721;PR3441;1101;20191101;3;2;2;3;3;4;2;2;1
2722;PR3442;1358;20191102;5;1;2;2;1;1;3;0;1
2723;PR3443;13;20191102;3;5;5;2;3;3;3;1;1
2724;PR3444;729;20191103;5;3;5;2;1;2;1;2;1
2725;PR3445;1198;20191103;5;2;3;1;3;4;1;0;1
2726;PR3446;1276;20191104;5;3;5;5;2;2;3;3;1
2727;PR3447;1362;20191105;5;3;3;3;3;4;1;1;1
2728;PR3448;208;20191105;3;2;2;5;2;2;3;1;1
2729;PR3449;124;20191106;2;5;5;1;3;3;3;0;1
2730;PR345;387;20140524;5;3;1;5;1;1;1;2;1
2731;PR3450;166;20191106;2;3;3;3;3;4;2;0;1
2732;PR3451;608;20191106;2;5;2;2;1;1;1;1;1
2733;PR3452;1162;20191106;2;2;1;2;2;2;2;1;1
2734;PR3453;446;20191106;2;3;3;3;1;2;2;3;1
2735;PR3454;1464;20191107;2;1;3;1;1;2;1;2;1
2736;PR3455;426;20191107;2;3;5;5;1;1;2;1;1
2737;PR3456;1042;20191107;2;1;3;1;2;3;1;2;1
2738;PR3457;995;20191108;3;2;2;1;3;4;3;1;1
2739;PR3458;299;20191108;3;2;5;5;3;4;2;0;1
2740;PR3459;1061;20191108;5;5;2;2;1;1;1;2;1
2741;PR346;41;20140525;2;5;3;5;2;2;2;2;1
2742;PR3460;1089;20191109;3;5;1;1;1;1;3;3;1
2743;PR3461;961;20191109;3;5;5;1;2;2;1;1;1
2744;PR3462;1242;20191109;3;1;2;1;1;1;3;1;1
2745;PR3463;449;20191110;2;2;1;2;2;2;3;1;1
2746;PR3464;341;20191111;3;3;1;5;2;2;2;1;1
2747;PR3465;1412;20191111;5;1;3;5;1;1;2;1;1
2748;PR3466;242;20191111;3;5;5;1;3;4;2;2;1
2749;PR3467;1443;20191112;3;1;1;1;3;4;1;1;1
2750;PR3468;1351;20191112;3;5;3;1;2;2;3;0;1
2751;PR3469;933;20191113;5;5;5;1;1;2;1;0;1
2752;PR347;1248;20140527;2;5;1;2;1;2;2;0;1
2753;PR3470;853;20191114;5;5;1;2;3;4;1;1;1
2754;PR3471;382;20191115;5;1;1;1;2;3;1;0;1
2755;PR3472;1116;20191117;5;2;3;3;2;2;1;2;1
2756;PR3473;999;20191117;3;2;1;3;2;2;3;0;1
2757;PR3474;1453;20191117;2;1;5;2;1;1;3;1;1
2758;PR3475;1107;20191118;2;1;5;2;1;1;3;2;1
2759;PR3476;438;20191118;2;3;5;2;2;2;2;0;1
2760;PR3477;718;20191118;3;1;2;1;1;1;2;0;1
2761;PR3478;7;20191119;5;5;5;1;3;4;3;1;1
2762;PR3479;748;20191119;3;1;5;2;1;2;2;1;1
2763;PR348;240;20140527;5;5;3;3;3;4;1;1;1
2764;PR3480;54;20191120;2;5;1;1;3;4;1;2;1
2765;PR3481;735;20191120;3;1;1;1;3;3;3;2;1
2766;PR3482;1163;20191120;2;5;1;3;1;2;3;1;1
2767;PR3483;730;20191121;5;1;5;3;2;2;2;1;1
2768;PR3484;830;20191121;2;3;5;3;3;3;3;1;1
2769;PR3485;335;20191121;3;2;1;3;1;1;3;3;1
2770;PR3486;1103;20191122;3;3;3;1;3;3;2;1;1
2771;PR3487;670;20191122;3;3;5;2;3;4;1;1;1
2772;PR3488;145;20191123;5;5;3;3;2;3;1;3;1
2773;PR3489;1104;20191124;3;2;3;2;2;3;1;1;1
2774;PR349;272;20140528;3;1;5;5;1;1;1;1;1
2775;PR3490;1321;20191124;3;1;5;5;1;1;2;1;1
2776;PR3491;526;20191125;5;1;5;2;2;2;3;0;1
2777;PR3492;623;20191125;3;2;5;1;1;2;2;0;1
2778;PR3493;1426;20191125;3;1;5;3;3;4;2;1;1
2779;PR3494;587;20191125;5;5;1;2;1;2;2;2;1
2780;PR3495;314;20191126;2;2;5;1;1;1;3;1;1
2781;PR3496;116;20191127;5;5;1;3;2;3;3;0;1
2782;PR3497;413;20191128;3;2;5;3;1;1;2;0;1
2783;PR3498;253;20191128;2;2;3;3;1;1;1;0;1
2784;PR3499;625;20191128;3;3;2;5;1;1;3;1;1
2785;PR35;1379;20130131;3;5;5;2;3;3;1;1;1
2786;PR350;1405;20140528;5;5;1;3;2;2;1;0;1
2787;PR3500;1124;20191129;2;2;1;2;3;3;1;0;1
2788;PR3501;1015;20191129;3;5;5;1;2;3;2;1;1
2789;PR3502;238;20191130;2;1;5;2;2;2;1;2;1
2790;PR3503;900;20191201;3;5;5;5;2;3;3;0;1
2791;PR3504;1394;20191201;2;3;1;1;1;1;1;0;1
2792;PR3505;408;20191202;2;5;1;5;3;3;2;2;1
2793;PR3506;619;20191202;5;3;1;2;2;3;3;1;1
2794;PR3507;1076;20191203;2;3;1;2;2;2;1;0;1
2795;PR3508;1277;20191203;2;5;2;2;3;3;3;2;1
2796;PR3509;334;20191205;5;3;1;2;2;2;3;1;1
2797;PR351;1093;20140530;5;3;5;2;3;3;2;1;1
2798;PR3510;948;20191205;2;5;5;3;3;3;2;2;1
2799;PR3511;1293;20191205;2;3;3;2;2;3;2;2;1
2800;PR3512;1206;20191205;5;2;5;2;3;3;1;2;1
2801;PR3513;418;20191205;2;1;5;3;2;2;1;1;1
2802;PR3514;1133;20191207;2;3;3;3;2;3;3;3;1
2803;PR3515;161;20191207;5;5;5;5;1;2;1;1;1
2804;PR3516;511;20191208;5;1;1;3;2;2;3;2;1
2805;PR3517;1057;20191208;3;5;2;2;2;3;3;0;1
2806;PR3518;1265;20191208;3;2;2;1;1;2;1;0;1
2807;PR3519;582;20191209;5;1;3;2;1;2;2;1;1
2808;PR352;1284;20140530;3;5;1;5;1;2;2;2;1
2809;PR3520;504;20191209;5;5;5;2;1;2;3;0;1
2810;PR3521;1184;20191211;2;3;3;3;2;2;1;0;1
2811;PR3522;468;20191212;3;1;2;5;3;3;1;0;1
2812;PR3523;1331;20191213;3;5;5;5;3;4;1;0;1
2813;PR3524;1325;20191213;3;5;1;3;3;3;2;1;1
2814;PR3525;58;20191215;2;1;3;1;2;3;1;1;1
2815;PR3526;1324;20191216;5;2;5;3;1;1;2;1;1
2816;PR3527;883;20191216;5;3;1;3;1;1;2;0;1
2817;PR3528;1291;20191217;5;1;5;5;2;3;1;2;1
2818;PR3529;879;20191218;2;3;1;1;3;3;3;1;1
2819;PR353;876;20140530;5;5;5;3;1;1;3;0;1
2820;PR3530;801;20191218;2;2;1;2;3;3;1;0;1
2821;PR3531;991;20191219;2;5;5;3;3;3;3;1;1
2822;PR3532;1272;20191219;2;1;5;5;2;2;2;1;1
2823;PR3533;680;20191219;2;1;1;5;3;4;2;2;1
2824;PR3534;78;20191220;3;3;1;5;2;3;2;0;1
2825;PR3535;533;20191220;3;2;3;5;3;4;1;1;1
2826;PR3536;128;20191220;2;3;1;5;1;1;2;0;1
2827;PR3537;102;20191221;3;2;3;5;3;4;2;1;1
2828;PR3538;916;20191222;2;1;3;3;1;1;1;1;1
2829;PR3539;1432;20191222;5;5;3;2;1;1;3;1;1
2830;PR354;576;20140601;3;1;3;1;2;2;3;2;1
2831;PR3540;38;20191222;5;1;1;5;2;2;1;1;1
2832;PR3541;945;20191222;2;5;2;3;3;4;2;1;1
2833;PR3542;539;20191223;3;5;2;3;1;2;1;0;1
2834;PR3543;1329;20191224;2;5;5;5;2;3;1;0;1
2835;PR3544;579;20191224;3;5;5;5;1;1;2;0;1
2836;PR3545;1240;20191224;5;5;3;2;3;3;1;1;1
2837;PR3546;586;20191224;2;5;5;2;2;2;2;1;1
2838;PR3547;1029;20191224;3;1;5;2;3;3;1;1;1
2839;PR3548;163;20191224;3;3;3;1;1;1;3;0;1
2840;PR3549;567;20191224;2;3;2;5;2;2;3;1;1
2841;PR355;42;20140605;5;1;2;2;3;4;1;0;1
2842;PR3550;634;20191225;3;3;5;1;2;2;3;2;1
2843;PR3551;950;20191225;5;1;3;1;2;3;2;1;1
2844;PR3552;431;20191226;5;2;2;1;3;4;2;0;1
2845;PR3553;141;20191228;2;5;1;3;3;4;1;0;1
2846;PR3554;436;20191228;3;2;5;3;1;1;1;1;1
2847;PR3555;230;20191228;5;2;5;1;2;3;3;2;1
2848;PR3556;22;20191229;2;1;5;2;3;3;3;2;1
2849;PR3557;667;20191230;5;5;3;5;3;3;1;0;1
2850;PR3558;971;20191230;5;5;5;1;1;2;2;1;1
2851;PR3559;194;20191230;3;3;2;1;2;3;2;2;1
2852;PR356;1278;20140607;5;3;1;1;3;3;2;2;1
2853;PR3560;1316;20191230;3;3;1;2;1;2;1;1;1
2854;PR3561;59;20191230;3;2;1;1;3;3;2;0;1
2855;PR3562;154;20191230;2;2;2;5;2;3;2;0;1
2856;PR3563;356;20191231;5;5;3;2;3;3;1;0;1
2857;PR3564;695;20191231;5;2;3;3;2;3;1;2;1
2858;PR3565;696;20200101;3;5;3;2;3;3;2;0;1
2859;PR3566;362;20200101;3;3;2;2;3;4;3;1;1
2860;PR3567;755;20200101;2;5;5;1;1;1;3;0;1
2861;PR3568;1036;20200101;5;3;2;3;1;1;2;1;1
2862;PR3569;1040;20200102;3;1;5;5;2;2;2;0;1
2863;PR357;305;20140610;3;3;5;2;1;2;2;1;1
2864;PR3570;1417;20200102;5;3;2;5;3;3;1;0;1
2865;PR3571;1112;20200102;2;2;5;2;3;3;3;0;1
2866;PR3572;1289;20200102;3;5;1;3;1;1;2;0;1
2867;PR3573;37;20200103;5;5;1;2;1;2;1;0;1
2868;PR3574;472;20200103;5;5;3;2;2;3;3;1;1
2869;PR3575;782;20200103;2;3;1;5;1;1;3;0;1
2870;PR3576;427;20200103;2;3;1;2;3;3;3;3;1
2871;PR3577;487;20200103;3;5;5;2;1;1;2;1;1
2872;PR3578;1094;20200104;2;5;2;2;1;1;3;1;1
2873;PR3579;122;20200105;2;2;3;5;3;3;2;2;1
2874;PR358;346;20140613;3;5;3;2;2;3;1;2;1
2875;PR3580;1222;20200106;5;3;1;2;1;2;1;2;1
2876;PR3581;893;20200107;3;5;5;3;1;2;2;1;1
2877;PR3582;505;20200107;5;2;1;2;1;1;2;1;1
2878;PR3583;328;20200107;5;3;1;5;2;3;1;1;1
2879;PR3584;428;20200107;3;5;1;5;2;2;2;2;1
2880;PR3585;1106;20200108;3;2;5;3;1;2;3;1;1
2881;PR3586;694;20200108;5;5;5;5;1;1;1;1;1
2882;PR3587;33;20200109;3;3;1;2;2;2;3;1;1
2883;PR3588;1422;20200109;5;1;5;5;1;1;3;1;1
2884;PR3589;312;20200109;2;3;4;2;3;3;1;0;1
2885;PR359;1294;20140614;3;5;5;2;1;1;1;2;1
2886;PR3590;1191;20200109;2;2;4;2;3;4;3;0;1
2887;PR3591;381;20200109;4;2;4;3;1;2;2;1;1
2888;PR3592;681;20200109;1;4;3;2;2;2;1;0;1
2889;PR3593;1445;20200109;4;4;1;3;3;4;2;2;1
2890;PR3594;679;20200110;2;3;1;3;3;3;2;0;1
2891;PR3595;865;20200110;3;4;2;2;2;2;1;1;1
2892;PR3596;687;20200111;2;1;2;3;2;3;2;1;1
2893;PR3597;1355;20200111;3;5;3;2;2;3;1;2;1
2894;PR3598;841;20200111;5;1;3;2;2;2;3;0;1
2895;PR3599;1413;20200112;2;3;2;5;3;3;1;3;1
2896;PR36;108;20130201;5;2;3;5;2;3;3;1;1
2897;PR360;340;20140615;3;2;1;5;1;2;3;3;1
2898;PR3600;118;20200113;5;2;5;2;1;2;3;2;1
2899;PR3601;1187;20200113;5;3;2;5;1;1;3;1;1
2900;PR3602;1017;20200113;5;2;2;5;1;2;3;1;1
2901;PR3603;854;20200113;5;3;3;5;2;2;3;1;1
2902;PR3604;1468;20200114;2;5;2;2;2;2;3;1;1
2903;PR3605;313;20200114;3;5;2;5;3;4;2;0;1
2904;PR3606;14;20200115;2;1;1;3;3;4;3;1;1
2905;PR3607;232;20200115;2;5;5;1;3;3;2;0;1
2906;PR3608;1158;20200115;3;5;5;1;3;4;2;2;1
2907;PR3609;1113;20200115;3;5;5;5;2;2;2;0;1
2908;PR361;1079;20140622;5;1;3;5;1;1;1;1;1
2909;PR3610;581;20200115;3;1;3;5;3;4;3;1;1
2910;PR3611;693;20200115;2;3;1;3;1;1;1;1;1
2911;PR3612;1028;20200116;3;2;2;3;2;3;2;2;1
2912;PR3613;641;20200116;3;1;5;2;2;3;2;0;1
2913;PR3614;290;20200117;2;1;2;3;3;4;1;0;1
2914;PR3615;787;20200117;5;5;2;2;1;2;1;1;1
2915;PR3616;798;20200117;5;2;5;2;3;3;3;1;1
2916;PR3617;792;20200117;2;1;3;2;2;2;3;2;1
2917;PR3618;652;20200118;3;3;1;3;2;3;1;1;1
2918;PR3619;1357;20200118;2;5;5;2;1;1;1;0;1
2919;PR362;429;20140702;5;1;2;3;3;3;1;1;1
2920;PR3620;1249;20200118;5;3;1;2;2;2;2;3;1
2921;PR3621;626;20200118;2;3;1;1;2;2;1;0;1
2922;PR3622;553;20200119;2;3;2;5;1;1;1;3;1
2923;PR3623;204;20200119;3;3;1;5;1;1;3;2;1
2924;PR3624;1207;20200119;4;3;2;4;2;3;2;0;1
2925;PR3625;666;20200119;1;2;3;1;3;4;2;2;1
2926;PR3626;30;20200120;3;2;1;1;2;2;1;1;1
2927;PR3627;1102;20200120;3;3;3;2;3;4;2;1;1
2928;PR3628;1452;20200120;4;2;4;2;1;2;2;0;1
2929;PR3629;385;20200121;3;2;4;2;3;3;1;0;1
2930;PR363;851;20140702;5;3;5;3;2;3;1;1;1
2931;PR3630;724;20200121;2;2;2;3;2;3;2;0;1
2932;PR3631;1436;20200121;3;3;3;5;1;1;3;1;1
2933;PR3632;1213;20200122;2;5;3;1;1;1;3;0;1
2934;PR3633;880;20200122;3;5;1;1;1;1;2;1;1
2935;PR3634;788;20200123;3;5;2;2;3;4;1;1;1
2936;PR3635;191;20200123;3;3;2;5;2;3;1;2;1
2937;PR3636;386;20200124;5;3;5;5;2;3;3;0;1
2938;PR3637;959;20200124;2;1;5;5;3;4;3;1;1
2939;PR3638;1301;20200124;5;2;3;2;3;3;2;1;1
2940;PR3639;1031;20200125;3;5;2;2;1;2;1;0;1
2941;PR364;791;20140709;3;5;5;3;1;2;2;2;1
2942;PR3640;565;20200126;5;2;5;3;2;3;3;2;1
2943;PR3641;1457;20200126;2;5;5;5;1;2;1;1;1
2944;PR3642;571;20200126;2;2;2;5;3;3;3;2;1
2945;PR3643;1033;20200126;2;1;5;3;3;3;1;2;1
2946;PR3644;515;20200128;3;2;1;5;3;4;3;1;1
2947;PR3645;1319;20200128;5;2;2;2;3;3;1;1;1
2948;PR3646;1014;20200128;2;3;3;2;3;3;3;1;1
2949;PR3647;862;20200129;2;1;5;2;2;2;3;0;1
2950;PR3648;24;20200129;2;1;1;2;1;2;1;2;1
2951;PR3649;216;20200129;3;1;5;3;1;2;3;2;1
2952;PR365;1304;20140711;5;2;3;3;3;4;3;0;1
2953;PR3650;658;20200130;5;5;1;2;3;4;3;0;1
2954;PR3651;1379;20200130;3;3;2;5;2;3;3;2;1
2955;PR3652;264;20200130;3;5;5;2;1;2;3;1;1
2956;PR3653;443;20200130;2;5;5;1;1;2;3;3;1
2957;PR3654;108;20200131;2;2;1;2;2;2;2;2;1
2958;PR3655;1032;20200201;3;5;5;1;2;2;1;0;1
2959;PR3656;1297;20200201;3;3;2;5;2;3;2;1;1
2960;PR3657;66;20200201;2;5;2;2;3;3;3;1;1
2961;PR3658;797;20200202;5;2;3;3;1;2;3;1;1
2962;PR3659;1237;20200202;2;2;5;2;2;2;1;0;1
2963;PR366;210;20140716;3;1;3;1;2;2;2;1;1
2964;PR3660;186;20200202;3;3;3;5;1;2;2;1;1
2965;PR3661;848;20200202;5;2;1;3;3;3;1;0;1
2966;PR3662;1003;20200202;3;1;2;1;2;2;3;2;1
2967;PR3663;544;20200202;3;3;5;3;1;1;3;0;1
2968;PR3664;575;20200203;2;3;5;5;2;3;2;2;1
2969;PR3665;503;20200203;5;3;2;2;1;2;2;1;1
2970;PR3666;807;20200204;5;1;2;2;3;4;3;0;1
2971;PR3667;1400;20200204;2;1;2;5;2;2;3;3;1
2972;PR3668;975;20200204;2;5;5;3;1;1;3;2;1
2973;PR3669;1243;20200204;3;3;1;3;3;3;3;1;1
2974;PR367;82;20140716;3;1;3;5;1;2;2;3;1
2975;PR3670;1055;20200204;5;3;3;2;1;2;1;1;1
2976;PR3671;1105;20200204;2;1;1;3;1;1;3;0;1
2977;PR3672;1006;20200204;2;3;3;2;1;1;2;0;1
2978;PR3673;383;20200204;1;3;3;4;1;1;3;0;1
2979;PR3674;1263;20200204;1;3;2;4;1;2;2;2;1
2980;PR3675;136;20200205;2;3;1;1;2;3;3;0;1
2981;PR3676;476;20200205;1;3;2;4;3;4;3;1;1
2982;PR3677;1225;20200205;4;3;4;3;2;2;3;1;1
2983;PR3678;132;20200206;3;2;2;2;3;3;3;1;1
2984;PR3679;1425;20200206;1;3;1;4;2;3;1;0;1
2985;PR368;1247;20140718;2;5;5;2;1;1;1;1;1
2986;PR3680;1146;20200208;3;2;1;5;1;2;3;1;1
2987;PR3681;1374;20200208;5;1;2;3;2;2;2;1;1
2988;PR3682;1288;20200208;2;5;5;1;1;2;3;0;1
2989;PR3683;1059;20200208;3;5;1;3;2;3;1;0;1
2990;PR3684;891;20200209;2;2;5;3;1;1;3;0;1
2991;PR3685;81;20200210;2;5;3;1;3;3;1;3;1
2992;PR3686;1025;20200210;3;2;3;3;1;1;2;1;1
2993;PR3687;501;20200210;5;2;1;1;1;2;3;2;1
2994;PR3688;1264;20200211;3;1;1;2;3;3;1;1;1
2995;PR3689;806;20200211;3;3;1;2;3;3;1;0;1
2996;PR369;1246;20140719;2;5;5;3;1;1;2;2;1
2997;PR3690;423;20200211;2;5;5;3;2;3;3;2;1
2998;PR3691;227;20200212;5;3;2;1;3;4;3;2;1
2999;PR3692;754;20200212;5;5;1;2;1;2;1;1;1
3000;PR3693;1013;20200212;3;1;5;1;1;1;1;0;1
3001;PR3694;715;20200212;2;2;2;1;3;4;3;0;1
3002;PR3695;572;20200213;2;5;3;5;1;1;2;1;1
3003;PR3696;79;20200213;2;5;1;2;3;3;3;3;1
3004;PR3697;310;20200213;3;3;2;5;1;2;1;2;1
3005;PR3698;85;20200214;3;2;2;3;1;1;1;1;1
3006;PR3699;482;20200214;2;3;1;3;2;2;3;3;1
3007;PR37;1372;20130201;3;3;5;2;3;4;2;0;1
3008;PR370;1385;20140719;5;2;3;5;3;4;2;0;1
3009;PR3700;514;20200215;2;3;1;5;1;2;1;2;1
3010;PR3701;104;20200215;5;3;2;3;2;2;3;1;1
3011;PR3702;857;20200215;2;5;3;1;1;2;2;2;1
3012;PR3703;1389;20200215;3;1;3;3;2;2;1;0;1
3013;PR3704;288;20200216;5;5;1;2;3;4;1;3;1
3014;PR3705;454;20200217;2;1;5;2;1;2;1;3;1
3015;PR3706;1056;20200217;5;2;3;1;1;1;1;0;1
3016;PR3707;1203;20200217;2;1;2;3;1;2;1;1;1
3017;PR3708;1378;20200217;5;2;5;3;1;2;1;2;1
3018;PR3709;329;20200218;3;1;1;2;3;4;3;3;1
3019;PR371;1406;20140719;3;3;3;1;1;1;3;0;1
3020;PR3710;200;20200220;3;5;2;5;1;1;1;0;1
3021;PR3711;812;20200220;5;2;2;3;2;2;1;1;1
3022;PR3712;1026;20200220;5;3;3;2;2;3;3;1;1
3023;PR3713;462;20200221;5;2;5;2;1;1;2;2;1
3024;PR3714;1435;20200221;3;5;3;2;3;3;1;0;1
3025;PR3715;1438;20200221;2;3;2;1;1;1;1;0;1
3026;PR3716;1178;20200221;3;5;3;2;2;3;2;1;1
3027;PR3717;523;20200222;2;5;5;1;3;3;1;1;1
3028;PR3718;1308;20200222;3;5;5;5;1;1;2;0;1
3029;PR3719;789;20200222;2;3;3;3;3;4;2;1;1
3030;PR372;1427;20140720;5;3;3;2;2;3;2;0;1
3031;PR3720;1131;20200222;5;5;3;1;1;2;1;1;1
3032;PR3721;584;20200223;2;3;2;1;2;2;1;3;1
3033;PR3722;717;20200223;3;1;2;1;1;1;1;3;1
3034;PR3723;1090;20200225;3;2;5;5;2;3;1;1;1
3035;PR3724;683;20200225;5;5;5;1;2;2;2;1;1
3036;PR3725;1231;20200225;3;1;1;3;1;2;3;3;1
3037;PR3726;297;20200226;2;1;1;3;2;3;1;1;1
3038;PR3727;152;20200226;5;5;1;1;2;2;3;3;1
3039;PR3728;508;20200227;5;1;1;5;1;1;3;1;1
3040;PR3729;1335;20200227;2;3;5;2;3;4;1;2;1
3041;PR373;703;20140728;3;2;1;2;1;2;2;0;1
3042;PR3730;5;20200228;5;3;2;2;3;4;2;1;1
3043;PR3731;678;20200228;5;2;2;2;3;4;2;2;1
3044;PR3732;686;20200228;5;1;5;1;1;2;2;0;1
3045;PR3733;644;20200228;3;2;3;1;1;2;2;0;1
3046;PR3734;148;20200229;5;1;3;2;3;3;1;2;1
3047;PR3735;1164;20200229;3;3;1;2;1;2;1;0;1
3048;PR3736;1279;20200229;5;2;5;2;3;4;1;2;1
3049;PR3737;918;20200229;3;5;1;2;1;2;3;3;1
3050;PR3738;646;20200229;5;2;5;2;2;3;3;2;1
3051;PR3739;833;20200229;2;3;5;5;2;3;3;1;1
3052;PR374;1398;20140729;5;5;5;1;1;2;3;2;1
3053;PR3740;1353;20200301;3;1;5;1;3;3;3;1;1
3054;PR3741;197;20200301;3;5;5;3;3;4;1;0;1
3055;PR3742;966;20200301;5;3;1;5;1;1;2;2;1
3056;PR3743;1127;20200302;3;2;5;2;3;4;3;1;1
3057;PR3744;1161;20200302;5;2;3;5;3;4;2;1;1
3058;PR3745;1461;20200302;3;1;1;5;3;4;3;1;1
3059;PR3746;16;20200302;2;1;1;2;1;1;2;2;1
3060;PR3747;19;20200302;2;3;1;2;1;2;1;1;1
3061;PR3748;40;20200303;5;1;1;3;1;2;2;2;1
3062;PR3749;520;20200303;5;5;5;5;3;4;3;1;1
3063;PR375;1226;20140729;3;1;5;3;1;1;2;3;1
3064;PR3750;99;20200304;5;2;3;5;3;4;1;0;1
3065;PR3751;138;20200304;3;2;5;2;3;4;2;1;1
3066;PR3752;461;20200304;2;2;3;5;2;3;2;1;1
3067;PR3753;1010;20200304;2;3;1;3;3;4;3;1;1
3068;PR3754;395;20200304;3;1;2;2;2;2;1;0;1
3069;PR3755;302;20200304;5;1;3;3;2;3;1;1;1
3070;PR3756;762;20200305;2;3;2;5;1;2;3;2;1
3071;PR3757;1256;20200305;3;3;5;3;2;3;2;1;1
3072;PR3758;1352;20200305;2;5;2;1;3;3;2;0;1
3073;PR3759;973;20200305;3;1;3;5;2;2;3;2;1
3074;PR376;1159;20140731;5;5;3;2;2;2;3;2;1
3075;PR3760;1337;20200305;5;2;1;5;3;3;2;2;1
3076;PR3761;967;20200305;3;1;2;3;2;2;1;0;1
3077;PR3762;277;20200305;2;1;5;5;1;2;3;2;1
3078;PR3763;721;20200306;3;2;2;5;2;3;2;2;1
3079;PR3764;1254;20200306;2;5;2;5;3;4;2;1;1
3080;PR3765;664;20200306;2;2;2;2;3;4;3;2;1
3081;PR3766;1311;20200306;5;3;3;1;2;3;1;2;1
3082;PR3767;547;20200306;5;2;1;2;3;3;3;1;1
3083;PR3768;1241;20200307;5;3;5;3;1;2;2;0;1
3084;PR3769;420;20200308;2;5;2;2;3;4;3;0;1
3085;PR377;602;20140805;5;3;3;3;2;3;1;1;1
3086;PR3770;355;20200308;3;1;5;1;1;2;1;3;1
3087;PR3771;72;20200308;5;1;5;5;2;2;3;2;1
3088;PR3772;997;20200309;2;2;2;1;3;4;1;1;1
3089;PR3773;1421;20200309;2;5;5;1;3;4;3;1;1
3090;PR3774;417;20200310;3;2;1;2;3;3;1;2;1
3091;PR3775;1185;20200310;3;5;1;3;2;2;1;1;1
3092;PR3776;295;20200310;3;1;5;1;1;1;1;1;1
3093;PR3777;928;20200311;2;2;2;3;1;2;2;2;1
3094;PR3778;614;20200312;2;5;2;3;1;1;1;0;1
3095;PR3779;493;20200312;3;1;2;1;2;3;3;0;1
3096;PR378;502;20140808;3;5;5;5;1;2;2;2;1
3097;PR3780;1024;20200312;3;1;3;5;1;1;3;0;1
3098;PR3781;444;20200313;5;3;1;3;1;1;2;1;1
3099;PR3782;712;20200313;2;3;3;2;3;3;2;0;1
3100;PR3783;745;20200313;2;3;3;5;3;4;2;3;1
3101;PR3784;546;20200313;5;3;3;1;1;1;3;0;1
3102;PR3785;326;20200313;2;5;2;3;3;3;2;1;1
3103;PR3786;937;20200314;3;5;3;5;1;1;1;0;1
3104;PR3787;1205;20200314;5;2;2;1;2;3;1;1;1
3105;PR3788;379;20200315;5;3;5;2;2;3;1;0;1
3106;PR3789;463;20200315;3;1;1;5;3;4;2;0;1
3107;PR379;23;20140814;3;5;3;1;3;3;3;1;1
3108;PR3790;1190;20200316;5;2;1;5;3;4;1;1;1
3109;PR3791;1027;20200316;2;3;5;2;1;1;1;0;1
3110;PR3792;852;20200317;5;3;3;2;2;2;1;0;1
3111;PR3793;1260;20200317;2;2;2;2;1;1;3;1;1
3112;PR3794;1285;20200317;2;1;2;1;3;3;3;1;1
3113;PR3795;780;20200318;5;5;5;5;2;2;2;1;1
3114;PR3796;877;20200318;5;5;1;2;1;2;1;1;1
3115;PR3797;690;20200318;3;1;3;1;3;4;2;0;1
3116;PR3798;513;20200320;3;5;2;5;3;3;1;0;1
3117;PR3799;218;20200320;2;1;5;5;1;2;2;0;1
3118;PR38;797;20130203;5;5;2;3;2;3;3;2;1
3119;PR380;993;20140815;3;5;5;1;3;4;1;3;1
3120;PR3800;357;20200320;5;5;3;2;1;1;2;0;1
3121;PR3801;809;20200320;3;1;5;5;3;4;3;1;1
3122;PR3802;1300;20200321;2;1;5;5;2;3;3;1;1
3123;PR3803;1166;20200321;3;2;3;5;3;3;1;2;1
3124;PR3804;1310;20200321;5;3;3;5;3;4;1;0;1
3125;PR3805;331;20200322;3;1;2;5;1;1;1;1;1
3126;PR3806;1064;20200322;2;5;3;5;2;3;3;1;1
3127;PR3807;1132;20200322;5;5;5;5;3;4;3;3;1
3128;PR3808;406;20200322;3;1;5;3;3;4;1;2;1
3129;PR3809;459;20200323;2;1;5;1;2;3;2;3;1
3130;PR381;244;20140817;2;5;1;1;2;2;2;1;1
3131;PR3810;744;20200323;2;5;3;5;3;3;3;3;1
3132;PR3811;759;20200324;2;1;2;5;1;1;3;2;1
3133;PR3812;550;20200324;2;3;5;1;1;1;3;3;1
3134;PR3813;488;20200324;2;3;5;3;3;2;1;3;1
3135;PR3814;1332;20200324;3;2;5;3;3;4;1;1;1
3136;PR3815;545;20200325;3;1;5;3;3;4;3;1;1
3137;PR3816;1313;20200325;5;3;1;5;3;3;1;0;1
3138;PR3817;563;20200326;2;2;2;5;2;2;3;0;1
3139;PR3818;403;20200326;3;5;1;1;1;2;3;2;1
3140;PR3819;949;20200326;3;5;5;1;1;2;1;0;1
3141;PR382;307;20140818;5;5;3;1;1;2;1;1;1
3142;PR3820;1123;20200326;2;2;3;5;1;1;2;2;1
3143;PR3821;870;20200327;3;3;1;5;1;2;1;0;1
3144;PR3822;836;20200327;3;5;5;5;3;3;2;1;1
3145;PR3823;150;20200327;2;1;5;2;3;3;1;1;1
3146;PR3824;6;20200328;5;3;5;2;2;3;3;0;1
3147;PR3825;1275;20200328;3;1;5;1;1;2;2;1;1
3148;PR3826;18;20200329;3;3;2;2;1;1;2;2;1
3149;PR3827;939;20200329;2;1;2;2;2;3;1;1;1
3150;PR3828;793;20200329;2;5;1;3;3;4;1;2;1
3151;PR3829;1087;20200329;5;2;1;3;1;1;3;1;1
3152;PR383;1048;20140819;3;2;3;1;1;2;2;1;1
3153;PR3830;813;20200330;2;1;2;2;1;1;1;2;1
3154;PR3831;770;20200330;3;2;2;2;3;3;1;0;1
3155;PR3832;1122;20200330;2;5;2;2;3;3;1;1;1
3156;PR3833;927;20200330;3;5;2;1;1;1;2;1;1
3157;PR3834;905;20200331;2;4;3;2;3;3;2;2;1
3158;PR3835;11;20200401;1;3;4;3;3;3;2;1;1
3159;PR3836;48;20200401;2;2;3;1;3;3;3;0;1
3160;PR3837;740;20200401;3;3;2;3;2;3;1;1;1
3161;PR3838;260;20200401;3;2;4;3;1;1;2;1;1
3162;PR3839;1045;20200402;4;3;2;4;1;1;3;2;1
3163;PR384;1429;20140822;5;2;5;2;2;3;2;2;1
3164;PR3840;34;20200402;1;3;1;4;1;1;2;1;1
3165;PR3841;131;20200402;2;1;2;5;3;4;2;1;1
3166;PR3842;599;20200403;2;3;2;2;3;4;1;0;1
3167;PR3843;1030;20200403;3;5;2;3;2;2;2;0;1
3168;PR3844;192;20200403;5;5;3;5;1;2;2;0;1
3169;PR3845;83;20200404;2;3;1;3;1;2;2;1;1
3170;PR3846;147;20200404;5;2;2;2;3;4;3;0;1
3171;PR3847;322;20200404;5;5;2;2;3;4;3;0;1
3172;PR3848;1144;20200404;2;1;3;2;2;3;2;2;1
3173;PR3849;44;20200405;5;2;3;2;3;4;1;1;1
3174;PR385;1193;20140826;2;5;2;5;2;2;1;2;1
3175;PR3850;1371;20200405;5;5;3;3;3;4;2;2;1
3176;PR3851;843;20200407;3;1;2;5;3;4;3;0;1
3177;PR3852;251;20200407;2;1;2;5;3;4;3;1;1
3178;PR3853;998;20200408;3;5;3;1;1;2;2;0;1
3179;PR3854;467;20200408;5;3;3;1;1;2;2;1;1
3180;PR3855;803;20200408;3;2;2;2;3;4;3;1;1
3181;PR3856;568;20200408;2;1;2;5;3;3;3;1;1
3182;PR3857;986;20200409;5;2;1;5;1;1;3;2;1
3183;PR3858;1403;20200409;2;3;5;1;3;3;2;1;1
3184;PR3859;774;20200409;3;3;2;2;1;2;2;2;1
3185;PR386;486;20140826;2;1;3;5;1;1;1;1;1
3186;PR3860;70;20200409;2;2;3;5;3;4;2;3;1
3187;PR3861;137;20200410;5;1;3;3;3;3;1;1;1
3188;PR3862;157;20200410;5;3;3;1;3;4;1;1;1
3189;PR3863;409;20200410;2;5;3;1;2;2;1;2;1
3190;PR3864;1238;20200410;2;3;2;3;1;1;1;3;1
3191;PR3865;465;20200411;5;2;3;5;2;2;1;0;1
3192;PR3866;926;20200411;2;5;1;2;3;4;1;3;1
3193;PR3867;198;20200411;5;1;5;2;1;1;3;2;1
3194;PR3868;753;20200411;5;5;3;3;3;3;3;0;1
3195;PR3869;1128;20200412;2;5;1;1;1;2;2;2;1
3196;PR387;451;20140828;3;2;3;5;2;3;2;0;1
3197;PR3870;1173;20200412;5;5;3;5;3;4;1;2;1
3198;PR3871;529;20200412;5;3;5;3;3;3;2;2;1
3199;PR3872;1340;20200412;3;2;3;5;3;3;3;2;1
3200;PR3873;1377;20200413;5;1;5;3;2;2;2;1;1
3201;PR3874;714;20200413;2;2;5;3;3;3;2;1;1
3202;PR3875;1181;20200413;5;3;2;1;2;3;2;1;1
3203;PR3876;969;20200414;5;1;3;5;1;2;3;2;1
3204;PR3877;702;20200415;5;2;3;2;2;2;2;0;1
3205;PR3878;1117;20200415;3;2;2;3;3;3;2;3;1
3206;PR3879;850;20200415;2;2;5;2;3;3;2;1;1
3207;PR388;697;20140830;5;5;5;3;1;1;2;1;1
3208;PR3880;1034;20200415;3;2;2;3;1;2;3;0;1
3209;PR3881;536;20200416;3;1;1;1;3;3;1;1;1
3210;PR3882;422;20200416;2;3;2;3;2;2;2;2;1
3211;PR3883;103;20200416;5;1;1;3;3;3;2;0;1
3212;PR3884;600;20200416;3;3;3;1;2;2;3;1;1
3213;PR3885;964;20200417;3;5;1;5;2;3;2;2;1
3214;PR3886;885;20200417;5;5;2;1;2;2;1;2;1
3215;PR3887;561;20200417;2;1;5;3;1;2;2;1;1
3216;PR3888;633;20200417;2;1;2;3;2;2;3;2;1
3217;PR3889;1376;20200417;2;1;3;2;3;4;2;2;1
3218;PR389;261;20140903;5;3;3;3;1;2;2;1;1
3219;PR3890;1463;20200418;3;5;3;3;3;4;1;1;1
3220;PR3891;1130;20200419;5;1;2;5;3;4;2;0;1
3221;PR3892;1091;20200419;2;2;1;1;1;1;1;1;1
3222;PR3893;528;20200419;5;1;1;2;2;2;2;1;1
3223;PR3894;838;20200420;2;2;1;3;3;3;1;1;1
3224;PR3895;1441;20200420;2;2;5;2;3;3;1;3;1
3225;PR3896;359;20200421;5;3;3;2;1;1;2;0;1
3226;PR3897;1295;20200421;2;5;2;5;2;3;1;3;1
3227;PR3898;661;20200421;2;1;1;2;3;3;1;0;1
3228;PR3899;974;20200421;5;1;5;1;2;2;2;0;1
3229;PR39;1237;20130203;5;5;2;2;1;1;3;0;1
3230;PR390;315;20140905;2;3;2;2;1;1;3;2;1
3231;PR3900;1320;20200421;5;1;5;3;1;2;3;1;1
3232;PR3901;415;20200422;5;2;3;2;2;3;3;1;1
3233;PR3902;826;20200422;2;3;2;2;1;2;2;2;1
3234;PR3903;906;20200422;5;1;5;5;2;2;3;1;1
3235;PR3904;1234;20200422;2;3;3;1;1;1;2;2;1
3236;PR3905;1038;20200422;5;2;3;2;1;2;3;0;1
3237;PR3906;460;20200423;5;5;3;5;3;4;1;0;1
3238;PR3907;923;20200423;5;3;2;5;3;3;2;1;1
3239;PR3908;207;20200423;3;5;5;3;2;3;3;2;1
3240;PR3909;828;20200423;5;2;5;5;3;3;1;1;1
3241;PR391;1186;20140909;2;3;3;4;2;2;3;1;1
3242;PR3910;105;20200424;3;1;1;1;1;1;1;0;1
3243;PR3911;917;20200424;3;2;2;3;3;4;2;1;1
3244;PR3912;1052;20200424;2;2;1;5;2;3;3;1;1
3245;PR3913;36;20200424;2;5;3;3;1;1;2;1;1
3246;PR3914;1217;20200426;5;5;2;1;1;2;2;2;1
3247;PR3915;414;20200426;3;5;1;2;2;3;3;1;1
3248;PR3916;160;20200427;3;2;1;1;3;3;3;0;1
3249;PR3917;1253;20200427;5;3;3;3;2;3;1;3;1
3250;PR3918;1375;20200427;3;3;5;1;3;4;1;1;1
3251;PR3919;1390;20200427;3;1;3;1;3;4;2;0;1
3252;PR392;560;20140915;3;2;4;2;1;1;2;1;1
3253;PR3920;31;20200427;2;2;5;2;3;3;2;3;1
3254;PR3921;1451;20200427;3;1;5;5;1;1;3;0;1
3255;PR3922;1138;20200428;3;2;5;2;2;2;2;3;1
3256;PR3923;537;20200428;5;3;1;5;1;1;1;0;1
3257;PR3924;911;20200429;3;1;1;3;2;3;1;0;1
3258;PR3925;1211;20200429;2;5;3;2;1;2;1;1;1
3259;PR3926;270;20200429;2;5;2;3;3;3;3;2;1
3260;PR3927;308;20200429;3;5;2;5;2;3;1;2;1
3261;PR3928;489;20200429;5;2;1;5;1;1;2;1;1
3262;PR3929;289;20200430;3;1;2;2;3;4;1;1;1
3263;PR393;294;20140922;3;4;4;1;2;3;3;1;1
3264;PR3930;1008;20200430;2;1;1;1;3;4;3;2;1
3265;PR3931;758;20200430;3;3;3;3;1;1;2;2;1
3266;PR3932;133;20200501;5;5;3;1;3;3;1;0;1
3267;PR3933;512;20200501;5;5;1;1;2;3;3;2;1
3268;PR3934;1202;20200502;5;1;2;5;2;2;2;3;1
3269;PR3935;491;20200502;2;5;3;2;1;2;2;0;1
3270;PR3936;1053;20200502;3;3;5;5;2;2;2;1;1
3271;PR3937;127;20200503;2;2;1;5;3;4;3;2;1
3272;PR3938;981;20200503;5;1;5;3;1;2;1;1;1
3273;PR3939;1367;20200503;5;5;5;5;2;3;1;3;1
3274;PR394;51;20140923;4;1;4;1;1;2;3;2;1
3275;PR3940;1450;20200503;5;2;5;1;3;4;2;1;1
3276;PR3941;1466;20200504;2;5;3;5;1;2;1;2;1
3277;PR3942;1401;20200504;5;3;5;1;3;4;2;3;1
3278;PR3943;109;20200504;3;5;5;2;2;2;2;0;1
3279;PR3944;878;20200504;3;2;5;5;2;2;1;2;1
3280;PR3945;257;20200505;5;3;2;3;2;3;1;0;1
3281;PR3946;57;20200505;3;2;1;1;3;4;2;1;1
3282;PR3947;1201;20200505;5;5;3;1;3;4;2;2;1
3283;PR3948;1341;20200506;5;3;1;1;3;4;3;0;1
3284;PR3949;234;20200507;3;1;1;3;3;3;2;1;1
3285;PR395;1336;20140925;4;3;2;2;1;1;3;1;1
3286;PR3950;616;20200507;5;2;5;1;3;4;1;0;1
3287;PR3951;517;20200507;2;3;5;1;3;4;3;1;1
3288;PR3952;391;20200508;2;3;1;2;1;2;3;0;1
3289;PR3953;425;20200508;2;1;5;2;3;3;2;2;1
3290;PR3954;1305;20200509;5;3;5;1;1;1;1;0;1
3291;PR3955;705;20200509;3;5;1;5;3;3;1;1;1
3292;PR3956;233;20200509;2;3;2;1;3;3;2;1;1
3293;PR3957;941;20200510;3;3;1;3;1;2;3;0;1
3294;PR3958;1259;20200510;5;2;2;3;1;2;1;0;1
3295;PR3959;171;20200511;2;3;1;5;3;3;3;1;1
3296;PR396;727;20140927;4;3;4;1;3;4;3;0;1
3297;PR3960;363;20200511;3;5;5;1;3;4;1;0;1
3298;PR3961;932;20200511;5;5;3;3;2;3;2;3;1
3299;PR3962;370;20200512;2;3;5;5;2;2;3;2;1
3300;PR3963;1149;20200512;3;1;2;5;1;2;2;2;1
3301;PR3964;1084;20200512;5;1;1;1;1;1;1;2;1
3302;PR3965;1067;20200512;2;3;5;1;2;3;2;0;1
3303;PR3966;185;20200513;2;3;3;2;3;3;3;0;1
3304;PR3967;909;20200513;3;1;5;1;2;3;2;0;1
3305;PR3968;731;20200513;3;3;5;3;3;3;3;3;1
3306;PR3969;1140;20200513;2;1;5;2;2;2;3;0;1
3307;PR397;1356;20140927;4;1;4;3;2;3;2;0;1
3308;PR3970;1363;20200513;5;3;1;3;3;3;3;0;1
3309;PR3971;521;20200513;5;2;1;2;3;3;2;0;1
3310;PR3972;1280;20200514;5;2;3;3;2;2;3;0;1
3311;PR3973;167;20200514;3;3;2;1;2;2;3;0;1
3312;PR3974;61;20200515;2;1;5;1;1;2;1;0;1
3313;PR3975;899;20200515;2;2;3;2;1;2;3;3;1
3314;PR3976;591;20200515;3;3;2;2;3;4;1;2;1
3315;PR3977;223;20200515;2;2;5;3;1;2;1;1;1
3316;PR3978;250;20200515;5;1;3;1;1;1;1;1;1
3317;PR3979;886;20200516;3;1;2;1;1;2;1;1;1
3318;PR398;172;20140929;1;3;3;1;3;4;2;1;1
3319;PR3980;213;20200517;3;1;3;3;3;3;3;2;1
3320;PR3981;318;20200517;5;1;1;2;3;3;3;2;1
3321;PR3982;435;20200518;3;5;1;1;1;1;3;2;1
3322;PR3983;456;20200518;2;3;2;2;1;1;3;1;1
3323;PR3984;915;20200518;2;1;3;1;2;3;1;0;1
3324;PR3985;1082;20200518;2;1;5;5;2;2;1;2;1
3325;PR3986;823;20200519;3;1;1;5;2;3;3;0;1
3326;PR3987;659;20200519;2;3;1;2;2;3;1;1;1
3327;PR3988;1349;20200519;3;1;5;2;3;3;2;3;1
3328;PR3989;4;20200520;2;3;2;3;2;3;1;1;1
3329;PR399;119;20141002;3;2;1;3;2;3;1;1;1
3330;PR3990;510;20200520;2;2;2;2;1;1;1;0;1
3331;PR3991;144;20200521;3;1;3;3;3;4;2;2;1
3332;PR3992;776;20200522;2;2;3;1;1;2;2;1;1
3333;PR3993;387;20200522;3;5;2;3;1;2;3;0;1
3334;PR3994;1074;20200522;3;3;5;2;3;4;2;0;1
3335;PR3995;741;20200522;5;5;1;3;3;4;2;0;1
3336;PR3996;162;20200522;2;1;5;1;2;3;3;2;1
3337;PR3997;324;20200522;2;1;5;2;3;3;3;1;1
3338;PR3998;1287;20200522;3;3;1;2;3;3;2;0;1
3339;PR3999;450;20200522;2;5;2;1;2;2;2;3;1
3340;PR40;575;20130204;3;3;1;3;3;3;2;2;1
3341;PR400;1020;20141002;5;1;2;1;1;2;3;1;1
3342;PR4000;621;20200522;5;3;1;2;1;2;1;3;1
3343;PR4001;41;20200523;5;3;3;5;3;3;3;1;1
3344;PR4002;92;20200523;5;3;3;1;3;4;3;0;1
3345;PR4003;1366;20200523;2;1;1;1;1;1;1;0;1
3346;PR4004;875;20200524;3;1;5;1;1;1;3;1;1
3347;PR4005;209;20200524;2;2;2;3;2;2;2;2;1
3348;PR4006;492;20200524;3;1;2;5;1;2;1;0;1
3349;PR4007;1248;20200525;3;3;2;3;2;2;3;1;1
3350;PR4008;240;20200525;2;1;2;3;1;1;2;1;1
3351;PR4009;390;20200525;3;5;1;3;3;4;3;0;1
3352;PR401;224;20141004;3;3;2;3;1;2;1;2;1
3353;PR4010;272;20200526;2;5;1;1;2;3;1;2;1
3354;PR4011;1405;20200526;2;3;3;1;1;1;2;0;1
3355;PR4012;411;20200526;2;3;5;3;2;3;1;3;1
3356;PR4013;1155;20200527;3;3;1;1;2;2;3;1;1
3357;PR4014;1093;20200528;3;3;3;2;2;2;1;1;1
3358;PR4015;1284;20200528;5;2;1;5;3;3;1;0;1
3359;PR4016;618;20200528;1;3;2;4;2;2;1;2;1
3360;PR4017;662;20200528;4;1;1;3;1;2;2;2;1
3361;PR4018;814;20200529;3;3;1;1;1;2;1;1;1
3362;PR4019;217;20200529;2;1;3;1;3;3;3;0;1
3363;PR402;738;20141010;3;1;3;2;3;3;3;3;1
3364;PR4020;576;20200530;2;3;3;3;2;3;1;1;1
3365;PR4021;1419;20200530;3;3;4;3;3;4;1;2;1
3366;PR4022;676;20200530;3;2;2;1;2;3;2;2;1
3367;PR4023;273;20200530;5;5;2;5;2;2;3;2;1
3368;PR4024;1460;20200530;2;2;3;5;2;3;3;1;1
3369;PR4025;1023;20200531;3;1;1;3;3;3;2;3;1
3370;PR4026;589;20200531;3;2;3;3;2;3;1;1;1
3371;PR4027;767;20200531;2;2;5;1;2;2;3;0;1
3372;PR4028;1408;20200531;2;3;2;5;3;4;2;1;1
3373;PR4029;535;20200531;2;3;3;3;3;4;2;1;1
3374;PR403;1361;20141010;3;5;5;1;2;3;1;1;1
3375;PR4030;319;20200601;3;5;5;1;1;2;1;2;1
3376;PR4031;77;20200602;2;2;5;3;1;1;1;1;1
3377;PR4032;42;20200603;5;2;1;3;3;3;3;1;1
3378;PR4033;887;20200604;3;1;3;3;2;2;1;1;1
3379;PR4034;1068;20200604;5;3;1;2;3;4;3;1;1
3380;PR4035;761;20200604;3;5;1;2;1;2;1;1;1
3381;PR4036;1278;20200605;2;2;5;1;3;4;3;1;1
3382;PR4037;637;20200605;3;5;5;3;2;3;3;0;1
3383;PR4038;1168;20200605;5;3;1;5;3;3;2;1;1
3384;PR4039;1208;20200606;2;1;2;3;3;4;2;0;1
3385;PR404;1446;20141015;5;1;5;1;1;1;1;1;1
3386;PR4040;248;20200606;3;2;2;2;1;1;2;2;1
3387;PR4041;1418;20200607;2;5;5;3;1;1;1;1;1
3388;PR4042;89;20200607;3;3;5;5;3;4;2;0;1
3389;PR4043;1050;20200608;2;2;1;1;3;3;3;0;1
3390;PR4044;1219;20200608;3;3;1;3;1;2;2;3;1
3391;PR4045;785;20200609;2;1;5;2;1;2;3;2;1
3392;PR4046;153;20200609;3;1;3;5;1;1;1;1;1
3393;PR4047;1269;20200610;5;3;5;3;3;3;2;1;1
3394;PR4048;1338;20200611;5;1;5;1;2;2;2;1;1
3395;PR4049;1294;20200612;3;2;2;5;3;4;3;1;1
3396;PR405;388;20141018;2;2;1;3;1;1;1;1;1
3397;PR4050;340;20200613;2;5;5;5;3;4;3;2;1
3398;PR4051;1348;20200613;3;1;3;3;3;3;3;1;1
3399;PR4052;947;20200613;5;1;5;3;2;3;2;0;1
3400;PR4053;1054;20200613;5;3;2;1;3;4;3;1;1
3401;PR4054;588;20200613;5;5;5;1;1;2;3;1;1
3402;PR4055;471;20200614;5;3;2;1;2;2;1;0;1
3403;PR4056;49;20200614;3;5;1;5;3;3;3;0;1
3404;PR4057;142;20200614;2;2;3;3;2;2;3;0;1
3405;PR4058;1212;20200614;5;2;2;5;3;3;2;3;1
3406;PR4059;962;20200615;5;5;1;3;3;3;3;1;1
3407;PR406;951;20141018;5;3;2;2;3;4;3;0;1
3408;PR4060;445;20200615;2;1;5;1;3;4;1;1;1
3409;PR4061;181;20200616;2;3;3;1;3;3;2;1;1
3410;PR4062;477;20200616;2;5;5;1;2;2;1;3;1
3411;PR4063;653;20200616;5;2;3;5;1;1;3;2;1
3412;PR4064;203;20200616;2;1;3;2;3;3;3;2;1
3413;PR4065;1051;20200616;2;5;2;1;1;2;1;0;1
3414;PR4066;1134;20200616;5;5;1;1;2;2;1;1;1
3415;PR4067;2;20200617;2;2;1;1;2;3;1;2;1
3416;PR4068;3;20200618;5;3;1;1;3;4;3;0;1
3417;PR4069;1407;20200618;3;1;5;2;3;3;2;1;1
3418;PR407;657;20141019;3;1;1;2;1;1;2;0;1
3419;PR4070;168;20200618;2;1;1;5;3;3;3;1;1
3420;PR4071;1079;20200620;3;5;2;2;2;2;2;1;1
3421;PR4072;475;20200620;2;2;2;5;3;4;2;1;1
3422;PR4073;263;20200621;3;1;5;1;3;3;1;0;1
3423;PR4074;236;20200621;2;3;3;3;3;4;1;0;1
3424;PR4075;344;20200622;2;1;5;5;1;1;1;1;1
3425;PR4076;778;20200622;2;5;2;3;3;4;1;3;1
3426;PR4077;479;20200622;3;3;1;5;1;1;1;1;1
3427;PR4078;884;20200622;5;2;5;3;3;4;3;0;1
3428;PR4079;871;20200623;1;4;4;4;2;2;1;0;1
3429;PR408;663;20141026;2;1;2;5;1;1;3;1;1
3430;PR4080;842;20200623;4;1;1;1;1;1;3;0;1
3431;PR4081;874;20200623;4;1;3;3;3;3;1;2;1
3432;PR4082;953;20200624;1;2;3;4;1;2;1;1;1
3433;PR4083;592;20200624;2;3;3;1;3;3;1;1;1
3434;PR4084;432;20200625;1;1;2;3;2;2;2;0;1
3435;PR4085;1344;20200625;2;1;1;4;1;1;2;1;1
3436;PR4086;733;20200625;5;5;1;5;1;1;3;0;1
3437;PR4087;1416;20200625;2;5;3;3;1;1;1;0;1
3438;PR4088;298;20200626;5;2;1;3;3;3;2;2;1
3439;PR4089;1097;20200627;2;2;3;1;3;3;1;0;1
3440;PR409;881;20141027;5;5;5;2;3;3;1;0;1
3441;PR4090;1114;20200627;3;5;2;5;2;3;3;0;1
3442;PR4091;249;20200628;2;5;2;2;3;3;2;0;1
3443;PR4092;1315;20200628;2;3;1;1;1;1;2;0;1
3444;PR4093;968;20200628;3;3;2;1;2;2;1;1;1
3445;PR4094;622;20200629;1;3;1;1;2;2;2;2;1
3446;PR4095;1224;20200629;2;2;1;2;1;1;2;2;1
3447;PR4096;668;20200629;2;1;1;3;1;2;1;1;1
3448;PR4097;1092;20200629;3;2;1;3;2;3;3;3;1
3449;PR4098;989;20200629;3;1;1;1;2;2;2;2;1
3450;PR4099;429;20200630;4;3;2;4;2;2;1;1;1
3451;PR41;807;20130205;2;1;3;3;3;4;2;1;1
3452;PR410;794;20141029;3;5;3;3;2;3;2;2;1
3453;PR4100;496;20200630;3;1;2;3;3;3;3;3;1
3454;PR4101;1456;20200630;5;1;2;2;1;2;2;1;1
3455;PR4102;541;20200630;5;1;3;5;2;2;2;1;1
3456;PR4103;1333;20200630;5;1;1;2;1;1;2;1;1
3457;PR4104;304;20200701;5;2;5;5;3;3;2;0;1
3458;PR4105;1439;20200702;3;2;1;1;3;4;3;0;1
3459;PR4106;63;20200703;5;2;5;1;1;2;3;1;1
3460;PR4107;938;20200703;3;3;5;3;2;3;3;1;1
3461;PR4108;271;20200704;5;2;5;3;2;3;2;1;1
3462;PR4109;470;20200704;2;1;3;5;2;3;1;2;1
3463;PR411;276;20141031;2;3;1;2;2;3;1;0;1
3464;PR4110;507;20200704;3;5;1;5;2;3;2;3;1
3465;PR4111;368;20200705;5;3;3;2;2;2;3;1;1
3466;PR4112;1115;20200705;2;1;2;1;1;2;2;0;1
3467;PR4113;791;20200707;2;3;5;1;2;3;3;1;1
3468;PR4114;990;20200707;5;5;2;1;3;4;2;1;1
3469;PR4115;87;20200707;5;1;5;1;3;3;1;0;1
3470;PR4116;95;20200708;3;1;1;2;3;3;2;0;1
3471;PR4117;708;20200708;3;2;3;2;1;1;2;3;1
3472;PR4118;309;20200708;5;1;1;3;1;1;1;0;1
3473;PR4119;506;20200708;3;3;2;3;3;4;1;0;1
3474;PR412;574;20141101;2;1;3;1;1;1;1;0;1
3475;PR4120;868;20200708;2;3;3;1;2;3;2;0;1
3476;PR4121;819;20200708;3;1;3;2;2;2;2;2;1
3477;PR4122;1304;20200709;2;2;3;5;1;1;1;1;1
3478;PR4123;120;20200709;5;5;5;3;3;3;2;0;1
3479;PR4124;914;20200709;5;3;5;3;2;3;1;0;1
3480;PR4125;872;20200709;3;1;1;2;2;3;1;3;1
3481;PR4126;1080;20200709;2;5;5;5;2;2;1;3;1
3482;PR4127;577;20200710;5;5;5;3;2;2;3;0;1
3483;PR4128;863;20200710;3;1;3;5;1;1;3;2;1
3484;PR4129;627;20200710;5;1;2;2;3;4;2;0;1
3485;PR413;771;20141103;5;2;2;1;3;4;3;1;1
3486;PR4130;1271;20200711;2;2;3;3;3;3;3;3;1
3487;PR4131;155;20200711;3;5;1;3;2;3;3;2;1
3488;PR4132;763;20200712;5;2;1;1;3;3;1;0;1
3489;PR4133;241;20200712;5;2;5;3;3;3;3;1;1
3490;PR4134;464;20200713;5;2;5;1;3;3;2;0;1
3491;PR4135;1434;20200713;3;2;1;2;3;4;3;2;1
3492;PR4136;113;20200713;5;1;3;2;1;2;1;0;1
3493;PR4137;1307;20200714;5;5;5;2;3;3;3;1;1
3494;PR4138;243;20200714;2;2;5;2;2;3;1;1;1
3495;PR4139;569;20200714;2;3;2;3;3;3;2;1;1
3496;PR414;729;20141104;5;2;5;1;1;2;3;1;1
3497;PR4140;1247;20200716;3;2;5;3;1;1;3;0;1
3498;PR4141;1165;20200716;2;5;5;5;3;4;3;0;1
3499;PR4142;1292;20200716;2;2;3;2;3;3;3;1;1
3500;PR4143;1246;20200717;3;2;2;3;1;1;2;2;1
3501;PR4144;1385;20200717;1;1;2;1;2;3;1;0;1
3502;PR4145;1406;20200717;2;2;2;3;2;3;1;0;1
3503;PR4146;129;20200717;3;2;1;1;2;3;1;3;1
3504;PR4147;1250;20200717;4;1;2;2;1;2;3;2;1
3505;PR4148;1427;20200718;2;5;5;1;2;3;3;1;1
3506;PR4149;1096;20200718;2;5;1;3;2;3;1;1;1
3507;PR415;1362;20141106;2;3;5;2;1;1;2;0;1
3508;PR4150;279;20200718;2;2;3;3;2;2;3;1;1
3509;PR4151;1431;20200718;2;2;1;5;1;2;3;2;1
3510;PR4152;955;20200719;3;3;3;2;3;4;2;0;1
3511;PR4153;734;20200719;2;1;5;5;3;4;2;1;1
3512;PR4154;982;20200719;5;5;1;5;3;4;3;1;1
3513;PR4155;1220;20200719;5;1;1;1;3;4;1;0;1
3514;PR4156;844;20200720;3;5;1;5;1;2;1;1;1
3515;PR4157;1039;20200720;3;3;5;1;3;3;3;0;1
3516;PR4158;373;20200721;5;1;5;5;3;3;2;2;1
3517;PR4159;643;20200722;3;2;1;1;2;3;3;1;1
3518;PR416;1464;20141108;3;5;5;3;2;3;3;1;1
3519;PR4160;1391;20200722;5;2;1;5;3;3;1;1;1
3520;PR4161;407;20200722;5;3;1;1;2;3;2;2;1
3521;PR4162;1283;20200723;2;1;5;2;3;4;3;3;1
3522;PR4163;1037;20200723;5;1;2;2;2;2;2;0;1
3523;PR4164;300;20200723;5;5;3;1;3;3;2;3;1
3524;PR4165;1334;20200723;3;3;1;2;1;1;3;0;1
3525;PR4166;889;20200724;2;1;5;1;2;2;3;1;1
3526;PR4167;1218;20200724;3;2;1;1;1;1;3;0;1
3527;PR4168;190;20200724;2;2;3;1;2;3;3;0;1
3528;PR4169;393;20200724;5;1;3;5;1;2;1;0;1
3529;PR417;995;20141109;5;3;1;2;1;1;2;1;1
3530;PR4170;1230;20200724;3;3;2;5;1;1;2;3;1
3531;PR4171;1137;20200725;3;1;2;2;2;3;1;1;1
3532;PR4172;703;20200726;2;2;3;2;3;3;1;1;1
3533;PR4173;649;20200726;3;1;1;5;1;2;3;0;1
3534;PR4174;1398;20200727;2;2;2;2;1;2;1;1;1
3535;PR4175;60;20200727;2;2;2;5;1;1;2;1;1
3536;PR4176;1159;20200729;2;1;1;1;3;3;2;0;1
3537;PR4177;112;20200729;5;5;2;3;3;3;1;1;1
3538;PR4178;888;20200729;5;1;3;3;3;3;2;0;1
3539;PR4179;978;20200729;3;5;3;3;2;2;1;2;1
3540;PR418;341;20141112;2;1;1;2;2;2;3;1;1
3541;PR4180;1239;20200730;5;2;2;1;3;3;1;0;1
3542;PR4181;701;20200731;3;1;3;3;3;4;3;0;1
3543;PR4182;500;20200731;2;5;3;5;3;4;2;2;1
3544;PR4183;430;20200731;2;5;3;2;3;4;1;1;1
3545;PR4184;47;20200801;3;2;1;2;1;1;2;1;1
3546;PR4185;647;20200802;2;3;5;2;1;2;1;0;1
3547;PR4186;1176;20200802;2;5;5;2;2;2;3;2;1
3548;PR4187;602;20200803;5;1;5;5;2;2;1;1;1
3549;PR4188;483;20200803;5;3;2;1;3;4;3;1;1
3550;PR4189;1369;20200803;5;3;3;3;1;1;1;3;1
3551;PR419;1412;20141112;5;1;5;3;2;3;3;0;1
3552;PR4190;992;20200803;5;3;3;5;2;3;2;2;1
3553;PR4191;665;20200803;5;2;1;2;1;2;3;3;1
3554;PR4192;607;20200805;5;5;1;3;1;2;3;2;1
3555;PR4193;1088;20200805;3;3;2;1;3;4;1;3;1
3556;PR4194;804;20200805;3;2;5;3;1;2;3;0;1
3557;PR4195;756;20200806;2;5;1;3;1;1;3;2;1
3558;PR4196;525;20200808;2;1;3;5;2;2;1;2;1
3559;PR4197;912;20200808;3;5;2;1;3;3;3;0;1
3560;PR4198;615;20200808;3;1;3;2;2;3;2;0;1
3561;PR4199;246;20200809;2;3;5;5;2;2;2;0;1
3562;PR42;1400;20130205;5;3;2;1;3;3;3;1;1
3563;PR420;1103;20141123;5;5;1;1;2;2;2;2;1
3564;PR4200;269;20200810;5;5;5;2;3;4;1;0;1
3565;PR4201;490;20200810;2;1;3;2;1;2;3;3;1
3566;PR4202;860;20200811;2;2;3;5;1;2;3;0;1
3567;PR4203;620;20200811;2;3;3;1;3;3;1;2;1
3568;PR4204;369;20200811;5;5;3;1;3;4;3;1;1
3569;PR4205;23;20200812;5;1;2;3;3;3;3;2;1
3570;PR4206;400;20200812;2;3;3;5;2;2;1;0;1
3571;PR4207;859;20200812;2;2;5;1;1;1;3;0;1
3572;PR4208;100;20200812;2;2;5;1;2;2;1;1;1
3573;PR4209;611;20200812;2;3;5;2;2;3;1;0;1
3574;PR421;526;20141126;2;2;5;1;3;4;2;1;1
3575;PR4210;993;20200813;3;2;2;2;2;3;3;1;1
3576;PR4211;26;20200813;2;3;2;5;1;2;1;0;1
3577;PR4212;628;20200813;5;2;5;3;1;2;2;0;1
3578;PR4213;829;20200813;2;1;1;1;2;2;1;1;1
3579;PR4214;1236;20200813;5;3;1;2;1;1;1;0;1
3580;PR4215;1465;20200813;3;5;5;3;3;3;3;0;1
3581;PR4216;557;20200814;5;2;5;3;1;1;3;1;1
3582;PR4217;1192;20200814;3;5;5;2;3;3;3;3;1
3583;PR4218;1011;20200814;2;5;1;2;2;2;3;0;1
3584;PR4219;244;20200815;5;2;5;3;2;3;2;0;1
3585;PR422;623;20141126;2;3;1;1;2;3;1;0;1
3586;PR4220;361;20200815;3;2;5;3;3;4;2;3;1
3587;PR4221;1151;20200815;2;1;5;3;2;3;3;0;1
3588;PR4222;640;20200815;3;3;2;1;2;2;1;1;1
3589;PR4223;983;20200815;3;3;5;3;3;3;2;1;1
3590;PR4224;307;20200816;2;1;3;5;2;3;2;0;1
3591;PR4225;466;20200816;2;2;5;3;2;3;1;0;1
3592;PR4226;743;20200816;3;5;5;5;3;4;3;1;1
3593;PR4227;1048;20200817;5;3;5;2;1;1;3;2;1
3594;PR4228;1286;20200817;3;2;2;2;2;3;3;1;1
3595;PR4229;1172;20200817;3;1;2;1;3;3;1;0;1
3596;PR423;1076;20141204;3;2;3;2;2;3;1;2;1
3597;PR4230;1235;20200817;2;2;2;1;3;4;3;1;1
3598;PR4231;692;20200818;2;2;3;5;2;2;2;1;1
3599;PR4232;1139;20200819;2;1;3;2;1;2;2;1;1
3600;PR4233;1429;20200820;3;2;2;2;3;3;2;1;1
3601;PR4234;237;20200820;5;1;5;1;2;2;3;2;1
3602;PR4235;555;20200820;5;2;1;2;3;4;3;3;1
3603;PR4236;700;20200820;3;5;2;1;2;2;3;1;1
3604;PR4237;220;20200821;3;5;5;2;2;2;1;1;1
3605;PR4238;143;20200822;3;1;2;5;3;3;3;0;1
3606;PR4239;64;20200822;5;2;5;5;2;3;2;1;1
3607;PR424;1277;20141204;2;5;3;2;3;4;3;1;1
3608;PR4240;343;20200822;2;5;2;3;3;3;3;2;1
3609;PR4241;149;20200823;3;3;2;5;1;1;1;2;1
3610;PR4242;176;20200823;2;1;2;5;3;4;1;0;1
3611;PR4243;1193;20200824;2;1;5;3;2;2;2;0;1
3612;PR4244;371;20200824;2;1;3;5;3;3;1;0;1
3613;PR4245;596;20200825;5;1;3;3;1;2;1;1;1
3614;PR4246;401;20200825;5;2;1;1;3;4;3;1;1
3615;PR4247;451;20200826;2;5;3;3;1;2;3;0;1
3616;PR4248;987;20200827;3;5;5;3;2;3;1;0;1
3617;PR4249;866;20200828;3;5;5;1;3;4;3;0;1
3618;PR425;334;20141206;3;5;5;3;2;3;1;3;1
3619;PR4250;139;20200829;5;1;3;5;2;3;2;1;1
3620;PR4251;1326;20200830;5;3;5;3;1;1;3;1;1
3621;PR4252;1108;20200830;5;3;5;2;1;1;3;1;1
3622;PR4253;121;20200831;2;2;3;5;1;1;1;0;1
3623;PR4254;1078;20200831;2;1;3;2;2;3;3;0;1
3624;PR4255;261;20200901;2;5;5;1;1;2;3;0;1
3625;PR4256;1135;20200901;3;3;1;3;3;3;2;0;1
3626;PR4257;110;20200901;5;2;1;3;3;4;3;0;1
3627;PR4258;1227;20200902;3;5;3;2;1;2;2;1;1
3628;PR4259;268;20200902;2;2;1;5;1;2;1;0;1
3629;PR426;511;20141209;3;3;1;3;3;3;2;2;1
3630;PR4260;214;20200902;3;3;5;1;3;3;3;3;1
3631;PR4261;642;20200902;5;2;2;3;3;4;1;1;1
3632;PR4262;816;20200902;2;2;3;1;3;4;3;1;1
3633;PR4263;315;20200903;5;2;5;2;2;2;2;0;1
3634;PR4264;1415;20200903;2;3;5;3;3;4;1;1;1
3635;PR4265;688;20200903;5;1;5;5;3;4;3;2;1
3636;PR4266;656;20200904;3;1;5;1;1;2;3;0;1
3637;PR4267;1000;20200905;3;2;1;5;1;1;3;2;1
3638;PR4268;1186;20200907;3;5;1;1;3;3;1;2;1
3639;PR4269;50;20200907;3;2;3;5;2;3;3;1;1
3640;PR427;1057;20141209;5;2;1;2;2;3;3;2;1
3641;PR4270;86;20200907;2;2;2;2;2;2;1;0;1
3642;PR4271;921;20200907;5;3;2;2;1;2;1;1;1
3643;PR4272;897;20200908;2;2;1;2;2;2;3;1;1
3644;PR4273;65;20200908;5;2;3;5;3;4;2;2;1
3645;PR4274;174;20200910;3;2;1;5;1;2;2;2;1
3646;PR4275;1012;20200910;2;1;1;2;2;2;3;1;1
3647;PR4276;376;20200911;5;5;1;3;2;2;2;0;1
3648;PR4277;810;20200911;2;2;1;2;1;2;1;2;1
3649;PR4278;1065;20200911;2;3;2;2;3;3;3;0;1
3650;PR4279;455;20200911;5;3;3;1;2;2;1;0;1
3651;PR428;582;20141210;2;2;1;2;3;4;2;3;1
3652;PR4280;518;20200912;5;3;2;2;3;4;1;0;1
3653;PR4281;1424;20200912;5;2;1;3;3;4;2;1;1
3654;PR4282;560;20200913;3;1;3;3;2;2;2;1;1
3655;PR4283;358;20200913;5;5;2;1;3;4;3;0;1
3656;PR4284;182;20200914;3;5;1;2;3;3;1;1;1
3657;PR4285;752;20200914;2;1;5;3;3;4;3;1;1
3658;PR4286;1200;20200914;5;2;3;5;3;4;3;1;1
3659;PR4287;347;20200915;3;1;5;3;2;3;3;3;1
3660;PR4288;935;20200915;3;5;3;1;1;1;2;0;1
3661;PR4289;342;20200917;2;3;2;5;3;4;3;1;1
3662;PR429;1331;20141214;5;2;5;5;3;3;2;3;1
3663;PR4290;497;20200918;2;5;5;3;1;1;3;0;1
3664;PR4291;1177;20200918;2;2;2;2;3;3;1;0;1
3665;PR4292;275;20200919;5;2;1;2;3;4;2;1;1
3666;PR4293;1170;20200919;3;2;3;5;3;4;2;2;1
3667;PR4294;294;20200920;3;5;5;2;1;2;1;0;1
3668;PR4295;736;20200920;2;1;3;5;2;2;2;2;1
3669;PR4296;51;20200921;2;1;3;3;3;3;1;0;1
3670;PR4297;1312;20200922;5;1;5;3;3;3;2;2;1
3671;PR4298;398;20200922;2;2;1;1;2;3;1;0;1
3672;PR4299;1350;20200922;5;5;1;3;3;4;3;1;1
3673;PR43;136;20130206;3;5;3;1;2;2;2;3;1
3674;PR430;316;20141214;2;1;5;1;2;3;2;1;1
3675;PR4300;1336;20200923;5;5;1;1;3;4;2;1;1
3676;PR4301;177;20200923;5;3;3;5;2;3;2;2;1
3677;PR4302;867;20200923;5;1;1;3;3;3;3;1;1
3678;PR4303;1290;20200924;2;3;2;3;1;1;1;2;1
3679;PR4304;1266;20200924;5;3;5;1;1;2;2;0;1
3680;PR4305;727;20200925;2;1;5;2;1;2;2;0;1
3681;PR4306;1356;20200925;2;2;1;1;1;1;2;3;1
3682;PR4307;1099;20200925;3;5;1;2;1;1;3;0;1
3683;PR4308;396;20200926;3;3;3;2;2;3;2;2;1
3684;PR4309;52;20200926;2;2;2;5;1;1;2;0;1
3685;PR431;1324;20141217;5;3;5;5;1;1;3;2;1
3686;PR4310;172;20200927;3;3;2;1;3;3;2;2;1
3687;PR4311;817;20200927;3;5;5;2;1;2;1;0;1
3688;PR4312;1430;20200927;3;3;1;1;3;4;1;2;1
3689;PR4313;1058;20200928;2;1;2;1;3;4;1;0;1
3690;PR4314;1327;20200928;2;5;5;2;2;3;2;2;1
3691;PR4315;534;20200929;2;5;1;3;2;2;3;0;1
3692;PR4316;119;20200930;2;1;3;5;1;2;1;1;1
3693;PR4317;1020;20200930;5;5;1;2;2;2;1;1;1
3694;PR4318;777;20200930;5;5;3;5;1;1;1;1;1
3695;PR4319;256;20200930;5;3;2;3;1;2;2;3;1
3696;PR432;1291;20141218;3;5;1;2;1;1;1;2;1
3697;PR4320;1005;20200930;2;1;2;2;3;3;3;1;1
3698;PR4321;224;20201002;3;3;3;1;3;3;2;1;1
3699;PR4322;746;20201003;3;3;3;3;2;2;3;2;1
3700;PR4323;636;20201003;5;3;2;5;3;4;1;1;1
3701;PR4324;1214;20201003;2;3;5;5;1;1;1;0;1
3702;PR4325;336;20201003;3;3;1;2;2;2;1;2;1
3703;PR4326;716;20201006;5;5;3;2;2;2;2;0;1
3704;PR4327;12;20201007;3;2;5;3;1;2;3;1;1
3705;PR4328;738;20201008;2;2;5;1;3;4;3;0;1
3706;PR4329;1361;20201008;2;2;5;2;1;1;3;1;1
3707;PR433;991;20141220;2;1;2;3;2;2;3;1;1
3708;PR4330;751;20201008;3;1;5;2;3;4;2;3;1
3709;PR4331;1402;20201008;3;2;5;1;2;3;2;0;1
3710;PR4332;384;20201008;2;1;1;5;3;4;3;0;1
3711;PR4333;671;20201009;5;3;3;5;2;2;1;2;1
3712;PR4334;225;20201013;2;1;3;5;2;3;2;1;1
3713;PR4335;583;20201013;2;1;1;3;2;3;1;2;1
3714;PR4336;140;20201014;2;3;5;1;3;4;3;0;1
3715;PR4337;201;20201014;5;5;5;3;1;2;1;2;1
3716;PR4338;531;20201014;5;1;2;1;2;2;1;1;1
3717;PR4339;799;20201014;2;3;3;1;3;4;3;1;1
3718;PR434;1329;20141225;2;3;2;1;3;4;2;2;1
3719;PR4340;280;20201015;5;2;1;2;3;4;2;1;1
3720;PR4341;388;20201016;3;2;5;1;2;2;1;3;1
3721;PR4342;951;20201016;5;2;1;1;3;4;1;1;1
3722;PR4343;1467;20201016;5;5;3;2;2;2;2;0;1
3723;PR4344;32;20201016;2;3;2;3;3;4;3;0;1
3724;PR4345;672;20201016;2;1;2;3;3;3;3;1;1
3725;PR4346;657;20201017;2;1;3;1;3;4;3;0;1
3726;PR4347;1066;20201017;5;2;1;5;1;1;2;2;1
3727;PR4348;392;20201018;2;5;2;1;1;1;1;1;1
3728;PR4349;648;20201019;5;5;2;5;3;4;2;3;1
3729;PR435;634;20141226;5;3;5;2;1;1;2;1;1
3730;PR4350;1167;20201019;2;1;5;5;2;2;1;2;1
3731;PR4351;68;20201019;2;2;2;5;3;3;3;2;1
3732;PR4352;169;20201019;5;1;3;5;1;2;3;0;1
3733;PR4353;1110;20201019;3;2;3;3;2;2;2;1;1
3734;PR4354;760;20201020;5;3;2;2;3;4;1;0;1
3735;PR4355;1458;20201020;3;2;1;5;1;1;2;0;1
3736;PR4356;199;20201021;2;5;2;2;3;4;3;0;1
3737;PR4357;286;20201021;3;3;2;2;2;3;2;1;1
3738;PR4358;377;20201021;3;3;3;1;2;3;3;1;1
3739;PR4359;934;20201022;2;2;1;2;3;3;2;1;1
3740;PR436;431;20141227;5;5;3;5;3;4;2;1;1
3741;PR4360;936;20201023;2;5;2;2;1;2;2;2;1
3742;PR4361;1261;20201023;2;1;1;2;2;3;1;2;1
3743;PR4362;265;20201024;2;1;5;5;3;3;2;0;1
3744;PR4363;663;20201024;3;3;2;2;2;3;3;0;1
3745;PR4364;1179;20201024;2;3;1;2;2;3;3;0;1
3746;PR4365;1382;20201024;3;3;5;3;1;1;3;1;1
3747;PR4366;881;20201025;5;2;5;5;2;2;3;1;1
3748;PR4367;1195;20201025;2;5;3;5;1;2;3;2;1
3749;PR4368;728;20201025;5;1;3;5;2;3;2;3;1
3750;PR4369;1018;20201025;2;5;3;5;1;1;2;3;1
3751;PR437;356;20150101;3;3;1;2;3;3;2;0;1
3752;PR4370;1021;20201025;5;2;2;2;1;1;3;1;1
3753;PR4371;221;20201026;5;5;3;1;3;4;1;1;1
3754;PR4372;1194;20201026;5;3;3;1;1;1;2;1;1
3755;PR4373;794;20201027;5;3;3;3;3;3;2;2;1
3756;PR4374;366;20201027;3;2;5;5;3;4;2;2;1
3757;PR4375;892;20201028;2;1;3;3;2;2;2;0;1
3758;PR4376;811;20201028;3;1;1;5;2;3;3;2;1
3759;PR4377;597;20201028;5;1;3;5;2;3;3;1;1
3760;PR4378;276;20201029;2;1;5;2;1;2;1;0;1
3761;PR4379;574;20201030;3;3;2;1;3;3;3;1;1
3762;PR438;695;20150101;2;1;1;3;1;2;1;2;1
3763;PR4380;55;20201030;3;3;1;3;2;3;1;3;1
3764;PR4381;709;20201030;3;3;2;3;2;2;1;0;1
3765;PR4382;1209;20201030;5;2;1;2;2;3;2;0;1
3766;PR4383;1009;20201030;2;5;2;5;2;3;1;3;1
3767;PR4384;1101;20201031;5;2;3;2;2;3;3;1;1
3768;PR4385;1233;20201031;5;1;2;1;2;2;3;1;1
3769;PR4386;1358;20201101;5;3;1;1;2;2;2;2;1
3770;PR4387;13;20201101;2;5;5;3;1;2;2;1;1
3771;PR4388;729;20201102;5;5;2;2;3;4;1;0;1
3772;PR4389;1198;20201102;2;1;1;3;2;3;1;1;1
3773;PR439;696;20150102;3;2;3;1;2;3;3;1;1
3774;PR4390;1276;20201103;5;5;2;3;2;2;3;0;1
3775;PR4391;1362;20201104;3;2;1;5;2;2;3;1;1
3776;PR4392;208;20201104;3;2;1;2;3;3;1;0;1
3777;PR4393;124;20201105;3;1;1;1;2;2;1;0;1
3778;PR4394;166;20201105;5;5;2;5;2;3;2;3;1
3779;PR4395;608;20201105;3;3;5;2;1;2;2;1;1
3780;PR4396;1162;20201105;2;2;3;5;1;2;1;1;1
3781;PR4397;360;20201105;5;1;1;5;3;4;1;3;1
3782;PR4398;1464;20201106;3;1;3;3;3;3;2;1;1
3783;PR4399;426;20201106;3;3;1;5;1;1;3;2;1
3784;PR44;476;20130206;5;2;5;2;1;1;3;2;1
3785;PR440;1040;20150103;5;2;2;3;1;2;3;0;1
3786;PR4400;1042;20201106;5;3;3;2;2;2;2;2;1
3787;PR4401;995;20201107;2;1;5;1;2;3;1;1;1
3788;PR4402;299;20201107;5;2;5;5;1;2;1;2;1
3789;PR4403;1061;20201107;2;3;3;3;2;3;2;2;1
3790;PR4404;976;20201107;5;2;5;1;2;2;2;0;1
3791;PR4405;1089;20201108;2;1;5;3;1;1;3;1;1
3792;PR4406;961;20201108;3;4;4;4;3;4;3;0;1
3793;PR4407;1242;20201108;2;3;1;3;3;3;3;0;1
3794;PR4408;800;20201108;3;3;3;2;1;2;3;2;1
3795;PR4409;449;20201109;1;3;3;1;1;1;3;0;1
3796;PR441;1417;20150103;5;2;3;2;2;3;3;0;1
3797;PR4410;341;20201110;3;3;3;2;2;2;3;2;1
3798;PR4411;1412;20201110;3;3;1;3;2;3;1;1;1
3799;PR4412;242;20201110;3;1;5;2;2;2;1;0;1
3800;PR4413;1443;20201111;5;5;3;3;2;2;1;1;1
3801;PR4414;1351;20201111;5;1;5;5;1;2;3;2;1
3802;PR4415;933;20201112;2;5;1;2;2;2;1;0;1
3803;PR4416;853;20201113;2;1;1;3;1;2;2;2;1
3804;PR4417;382;20201114;2;2;3;5;2;2;1;1;1
3805;PR4418;173;20201114;2;2;3;5;3;4;1;1;1
3806;PR4419;1454;20201114;5;3;2;3;3;3;2;0;1
3807;PR442;1112;20150103;3;1;2;2;2;2;2;0;1
3808;PR4420;1116;20201116;3;3;3;5;1;2;3;1;1
3809;PR4421;999;20201116;2;2;3;3;2;3;1;0;1
3810;PR4422;1453;20201116;3;2;1;5;2;2;2;1;1
3811;PR4423;1107;20201117;3;3;2;1;3;4;2;2;1
3812;PR4424;438;20201117;3;5;2;2;2;3;2;2;1
3813;PR4425;718;20201117;5;3;1;2;2;2;3;1;1
3814;PR4426;7;20201118;2;5;1;1;1;2;3;1;1
3815;PR4427;748;20201118;3;5;2;1;2;3;3;1;1
3816;PR4428;750;20201118;3;1;2;3;2;3;1;1;1
3817;PR4429;54;20201119;5;2;5;5;2;3;2;0;1
3818;PR443;37;20150104;5;2;2;5;3;4;3;0;1
3819;PR4430;735;20201119;3;5;1;3;1;2;2;0;1
3820;PR4431;1163;20201119;2;1;1;2;2;3;2;0;1
3821;PR4432;730;20201120;2;3;5;1;1;2;2;1;1
3822;PR4433;830;20201120;5;5;1;5;1;2;2;3;1
3823;PR4434;335;20201120;2;3;3;3;1;2;1;0;1
3824;PR4435;1103;20201121;3;5;3;5;1;2;1;3;1
3825;PR4436;670;20201121;5;2;2;3;3;3;1;3;1
3826;PR4437;145;20201122;2;2;2;2;2;2;1;0;1
3827;PR4438;1104;20201123;2;2;5;2;1;1;3;3;1
3828;PR4439;1321;20201123;3;3;3;1;2;3;3;2;1
3829;PR444;472;20150104;5;2;3;5;2;2;3;1;1
3830;PR4440;526;20201124;2;1;5;3;2;3;3;0;1
3831;PR4441;623;20201124;2;2;3;3;3;3;1;0;1
3832;PR4442;1426;20201124;5;2;5;1;2;2;2;1;1
3833;PR4443;587;20201124;3;2;3;2;2;2;1;2;1
3834;PR4444;314;20201125;5;3;3;2;2;2;1;3;1
3835;PR4445;116;20201126;5;2;1;1;2;2;1;3;1
3836;PR4446;413;20201127;5;5;5;2;3;3;2;0;1
3837;PR4447;253;20201127;5;2;1;5;3;3;1;3;1
3838;PR4448;625;20201127;1;2;3;3;3;3;2;0;1
3839;PR4449;1124;20201128;3;4;2;4;2;2;2;3;1
3840;PR445;1433;20150104;2;1;3;1;2;3;2;0;1
3841;PR4450;1015;20201128;3;2;4;3;3;4;1;2;1
3842;PR4451;238;20201129;3;2;1;2;1;2;1;1;1
3843;PR4452;900;20201130;4;4;3;1;1;1;3;0;1
3844;PR4453;1394;20201130;2;1;2;2;1;1;1;2;1
3845;PR4454;408;20201201;3;2;2;3;3;4;1;1;1
3846;PR4455;619;20201201;5;1;2;1;3;4;1;0;1
3847;PR4456;1076;20201202;5;3;5;3;3;3;1;0;1
3848;PR4457;1277;20201202;2;3;1;3;3;3;2;0;1
3849;PR4458;972;20201202;3;2;3;2;3;4;2;1;1
3850;PR4459;334;20201204;3;5;1;5;2;3;1;1;1
3851;PR446;1094;20150105;5;3;1;2;3;4;2;1;1
3852;PR4460;948;20201204;5;5;5;1;2;3;2;1;1
3853;PR4461;1293;20201204;5;2;2;3;3;3;1;0;1
3854;PR4462;1206;20201204;2;3;1;1;2;2;2;1;1
3855;PR4463;418;20201204;2;5;2;2;3;3;1;0;1
3856;PR4464;158;20201204;2;2;3;1;1;1;3;1;1
3857;PR4465;1133;20201206;5;2;1;5;3;4;3;1;1
3858;PR4466;161;20201206;5;3;2;1;1;2;1;1;1
3859;PR4467;511;20201207;5;2;1;3;2;2;1;1;1
3860;PR4468;1057;20201207;2;3;5;1;2;3;1;0;1
3861;PR4469;1265;20201207;3;3;5;5;1;1;1;0;1
3862;PR447;247;20150106;2;5;5;5;3;3;3;3;1
3863;PR4470;582;20201208;3;3;3;1;3;4;3;0;1
3864;PR4471;504;20201208;3;5;1;1;1;2;2;2;1
3865;PR4472;1184;20201210;3;5;1;1;3;3;2;1;1
3866;PR4473;832;20201210;2;1;3;1;3;3;3;1;1
3867;PR4474;468;20201211;2;2;3;5;2;2;3;3;1
3868;PR4475;1086;20201211;5;1;1;1;1;2;2;1;1
3869;PR4476;1331;20201212;2;2;1;1;3;3;1;0;1
3870;PR4477;1325;20201212;3;3;2;3;2;2;3;1;1
3871;PR4478;58;20201214;5;1;3;5;3;4;2;1;1
3872;PR4479;1324;20201215;5;5;5;2;1;2;1;1;1
3873;PR448;1222;20150107;5;3;3;5;3;3;3;0;1
3874;PR4480;883;20201215;3;5;1;3;3;3;3;2;1
3875;PR4481;320;20201215;5;5;2;1;2;2;3;2;1
3876;PR4482;1156;20201215;3;3;5;5;2;3;3;0;1
3877;PR4483;1291;20201216;5;1;5;1;1;1;3;1;1
3878;PR4484;879;20201217;5;3;2;2;2;2;3;1;1
3879;PR4485;801;20201217;5;1;5;5;2;2;2;0;1
3880;PR4486;1095;20201217;5;5;5;3;3;3;1;0;1
3881;PR4487;991;20201218;3;5;5;1;1;1;3;1;1
3882;PR4488;1272;20201218;3;1;5;3;2;3;1;1;1
3883;PR4489;680;20201218;3;5;2;3;3;3;1;0;1
3884;PR449;893;20150108;2;1;1;2;1;1;3;1;1
3885;PR4490;78;20201219;3;5;2;5;3;4;1;0;1
3886;PR4491;533;20201219;3;5;5;1;3;4;1;1;1
3887;PR4492;128;20201219;2;2;2;2;2;3;3;2;1
3888;PR4493;102;20201220;5;5;3;1;1;2;2;1;1
3889;PR4494;916;20201221;2;5;2;2;2;2;3;1;1
3890;PR4495;1432;20201221;5;1;1;3;1;1;3;0;1
3891;PR4496;38;20201221;5;3;5;1;3;3;1;1;1
3892;PR4497;945;20201221;5;2;2;1;2;2;2;1;1
3893;PR4498;539;20201222;5;5;3;3;2;2;3;0;1
3894;PR4499;1329;20201223;5;1;2;2;1;1;2;1;1
3895;PR45;81;20130211;3;5;2;2;1;2;1;3;1
3896;PR450;33;20150110;5;3;2;1;1;2;3;3;1
3897;PR4500;579;20201223;5;2;3;2;2;3;1;0;1
3898;PR4501;1240;20201223;5;5;5;5;3;3;2;0;1
3899;PR4502;586;20201223;2;5;3;5;1;2;1;1;1
3900;PR4503;1029;20201223;3;5;3;5;3;4;3;0;1
3901;PR4504;163;20201223;3;1;1;3;1;2;3;0;1
3902;PR4505;567;20201223;2;3;2;1;2;2;1;2;1
3903;PR4506;942;20201223;2;3;2;3;2;3;1;3;1
3904;PR4507;634;20201224;3;2;5;1;3;4;3;0;1
3905;PR4508;950;20201224;3;2;2;1;2;2;2;0;1
3906;PR4509;979;20201224;3;2;5;5;3;3;1;0;1
3907;PR451;1422;20150110;5;3;1;1;1;2;1;1;1
3908;PR4510;431;20201225;2;5;5;3;3;3;3;1;1
3909;PR4511;1270;20201226;2;2;2;5;1;1;3;1;1
3910;PR4512;141;20201227;2;1;5;5;2;2;3;1;1
3911;PR4513;436;20201227;3;5;1;5;2;2;1;2;1
3912;PR4514;230;20201227;2;3;3;5;1;2;1;1;1
3913;PR4515;22;20201228;2;5;3;2;2;3;1;0;1
3914;PR4516;667;20201229;2;2;1;5;1;1;2;2;1
3915;PR4517;971;20201229;3;5;5;1;1;1;3;0;1
3916;PR4518;194;20201229;3;1;3;1;3;3;1;0;1
3917;PR4519;1316;20201229;2;5;1;1;2;3;2;0;1
3918;PR452;679;20150111;2;2;1;2;3;3;1;1;1
3919;PR4520;59;20201229;3;1;3;3;2;2;2;1;1
3920;PR4521;154;20201229;2;3;2;3;2;2;1;3;1
3921;PR4522;638;20201229;2;1;1;2;1;1;3;1;1
3922;PR4523;356;20201230;5;5;5;2;2;2;3;1;1
3923;PR4524;695;20201230;5;2;1;5;2;2;1;0;1
3924;PR4525;696;20201231;2;2;2;5;1;2;3;1;1
3925;PR4526;362;20201231;5;2;5;1;1;1;1;0;1
3926;PR4527;755;20201231;5;3;1;3;1;2;3;2;1
3927;PR4528;1036;20201231;2;1;1;3;3;3;3;2;1
3928;PR4529;212;20201231;2;5;2;1;3;4;2;2;1
3929;PR453;865;20150111;3;3;5;1;2;3;2;0;1
3930;PR4530;1040;20210101;5;5;3;5;2;2;2;3;1
3931;PR4531;1417;20210101;2;3;3;1;3;3;1;3;1
3932;PR4532;1112;20210101;3;5;3;5;1;1;2;2;1
3933;PR4533;1289;20210101;2;3;5;3;3;3;3;1;1
3934;PR4534;219;20210101;5;1;5;5;2;2;2;0;1
3935;PR4535;37;20210102;5;5;5;1;2;3;3;3;1
3936;PR4536;472;20210102;3;2;3;2;2;3;1;0;1
3937;PR4537;782;20210102;2;5;5;5;3;4;2;0;1
3938;PR4538;427;20210102;5;1;1;5;2;2;3;0;1
3939;PR4539;487;20210102;3;2;1;3;2;3;3;0;1
3940;PR454;1169;20150111;3;5;5;5;3;4;3;1;1
3941;PR4540;76;20210102;3;3;5;1;1;2;2;2;1
3942;PR4541;1094;20210103;3;1;2;1;1;2;3;1;1
3943;PR4542;122;20210104;5;5;5;1;2;3;2;2;1
3944;PR4543;1222;20210105;5;2;3;2;3;3;1;1;1
3945;PR4544;603;20210105;2;2;2;2;2;2;1;1;1
3946;PR4545;893;20210106;3;1;5;3;1;1;3;2;1
3947;PR4546;505;20210106;3;5;3;1;3;3;1;1;1
3948;PR4547;328;20210106;3;5;2;2;1;1;3;3;1
3949;PR4548;428;20210106;2;5;5;1;3;4;1;0;1
3950;PR4549;1106;20210107;5;1;2;5;3;4;2;0;1
3951;PR455;795;20150111;3;2;1;1;1;1;2;0;1
3952;PR4550;694;20210107;2;2;2;2;3;4;1;2;1
3953;PR4551;372;20210107;3;2;2;3;1;1;1;0;1
3954;PR4552;33;20210108;2;4;4;3;1;2;2;2;1
3955;PR4553;1422;20210108;3;1;4;1;3;3;2;1;1
3956;PR4554;312;20210108;3;1;4;1;1;2;2;0;1
3957;PR4555;1191;20210108;4;1;4;2;1;1;1;1;1
3958;PR4556;681;20210108;2;5;5;2;3;4;2;0;1
3959;PR4557;1445;20210108;5;5;5;2;1;2;1;1;1
3960;PR4558;808;20210108;2;5;3;5;3;4;1;0;1
3961;PR4559;679;20210109;2;3;5;3;1;2;2;1;1
3962;PR456;687;20150112;5;5;1;1;1;1;1;0;1
3963;PR4560;865;20210109;2;5;2;1;3;4;3;0;1
3964;PR4561;687;20210110;2;5;3;2;3;3;3;1;1
3965;PR4562;1355;20210110;5;2;1;3;1;2;2;0;1
3966;PR4563;841;20210110;3;3;5;5;2;2;2;0;1
3967;PR4564;1413;20210111;3;5;5;3;3;3;2;2;1
3968;PR4565;118;20210112;3;2;3;1;3;4;3;0;1
3969;PR4566;1187;20210112;2;2;3;2;1;2;2;1;1
3970;PR4567;1017;20210112;5;1;3;1;3;3;3;0;1
3971;PR4568;1171;20210112;2;4;4;2;2;2;2;1;1
3972;PR4569;1468;20210113;4;2;1;1;3;3;2;1;1
3973;PR457;1355;20150112;3;3;3;1;2;2;1;1;1
3974;PR4570;313;20210113;1;4;1;1;2;2;1;0;1
3975;PR4571;1077;20210113;1;2;4;1;1;1;1;2;1
3976;PR4572;14;20210114;1;4;2;3;2;2;1;0;1
3977;PR4573;232;20210114;2;4;2;2;2;2;2;1;1
3978;PR4574;1158;20210114;2;2;3;5;3;4;2;1;1
3979;PR4575;1113;20210114;3;3;3;2;3;4;3;1;1
3980;PR4576;581;20210114;5;2;2;2;1;1;1;2;1
3981;PR4577;693;20210114;5;2;2;3;1;1;3;3;1
3982;PR4578;226;20210114;5;1;1;3;2;3;1;0;1
3983;PR4579;1028;20210115;2;5;5;3;1;2;1;0;1
3984;PR458;118;20150114;3;5;2;5;2;2;3;0;1
3985;PR4580;641;20210115;3;5;2;3;3;4;1;0;1
3986;PR4581;1370;20210115;3;5;2;2;2;3;2;1;1
3987;PR4582;290;20210116;3;5;2;3;1;2;3;0;1
3988;PR4583;787;20210116;5;1;2;1;3;3;1;1;1
3989;PR4584;798;20210116;2;3;3;5;2;2;3;1;1
3990;PR4585;631;20210116;2;5;5;2;1;1;3;1;1
3991;PR4586;652;20210117;1;3;2;4;1;1;2;0;1
3992;PR4587;1357;20210117;4;1;1;3;3;4;3;1;1
3993;PR4588;1249;20210117;1;4;3;4;1;2;1;1;1
3994;PR4589;626;20210117;3;4;3;1;3;4;1;1;1
3995;PR459;1187;20150114;2;5;5;1;3;4;3;0;1
3996;PR4590;553;20210118;3;1;4;4;2;3;1;2;1
3997;PR4591;204;20210118;2;3;1;2;3;4;2;2;1
3998;PR4592;1207;20210118;3;3;1;5;3;3;3;0;1
3999;PR4593;666;20210118;3;2;5;2;3;4;2;2;1
4000;PR4594;375;20210118;2;2;3;5;3;3;1;0;1
4001;PR4595;30;20210119;2;1;3;2;1;1;2;0;1
4002;PR4596;1102;20210119;2;1;2;5;2;3;3;2;1
4003;PR4597;1452;20210119;5;2;1;3;2;3;1;1;1
4004;PR4598;385;20210120;2;3;3;5;2;3;2;0;1
4005;PR4599;724;20210120;2;5;1;1;3;4;3;0;1
4006;PR46;1025;20130211;5;3;5;3;3;4;2;1;1
4007;PR460;1468;20150115;5;3;3;2;3;3;1;3;1
4008;PR4600;1436;20210120;5;3;3;5;1;1;3;1;1
4009;PR4601;1213;20210121;2;2;2;3;1;2;1;0;1
4010;PR4602;880;20210121;2;1;3;5;3;4;1;1;1
4011;PR4603;788;20210122;5;2;5;3;3;4;1;0;1
4012;PR4604;191;20210122;4;2;1;3;3;3;2;0;1
4013;PR4605;386;20210123;2;4;3;3;3;4;1;1;1
4014;PR4606;959;20210123;2;4;3;2;3;3;1;0;1
4015;PR4607;1301;20210123;2;2;2;1;2;3;2;0;1
4016;PR4608;1031;20210124;3;4;3;1;3;3;1;2;1
4017;PR4609;565;20210125;3;4;1;3;1;2;2;0;1
4018;PR461;14;20150116;5;2;5;1;3;3;2;0;1
4019;PR4610;1457;20210125;3;1;1;1;2;3;3;0;1
4020;PR4611;571;20210125;3;2;2;1;1;2;3;1;1
4021;PR4612;515;20210127;3;5;2;3;3;3;1;1;1
4022;PR4613;1319;20210127;5;3;2;2;2;3;1;0;1
4023;PR4614;1014;20210127;5;5;1;3;1;1;3;0;1
4024;PR4615;1035;20210127;3;5;2;1;3;3;3;0;1
4025;PR4616;862;20210128;5;1;3;5;1;2;3;2;1
4026;PR4617;24;20210128;2;1;5;3;1;2;3;3;1
4027;PR4618;216;20210128;3;5;5;5;2;3;3;1;1
4028;PR4619;378;20210128;3;1;1;1;2;3;3;0;1
4029;PR462;232;20150116;3;2;1;5;1;2;3;0;1
4030;PR4620;658;20210129;5;1;1;5;1;1;3;1;1
4031;PR4621;1379;20210129;3;3;3;3;3;3;3;2;1
4032;PR4622;264;20210129;5;2;1;5;2;2;3;1;1
4033;PR4623;443;20210129;3;2;2;2;2;2;1;0;1
4034;PR4624;108;20210130;2;2;1;1;3;3;2;1;1
4035;PR4625;1032;20210131;2;2;5;1;3;4;1;1;1
4036;PR4626;1297;20210131;3;1;3;5;3;3;3;1;1
4037;PR4627;66;20210131;5;3;5;3;3;4;2;3;1
4038;PR4628;797;20210201;3;2;1;2;2;3;1;0;1
4039;PR4629;1237;20210201;5;2;2;3;3;4;2;1;1
4040;PR463;1158;20150116;2;5;3;3;2;3;1;1;1
4041;PR4630;186;20210201;2;3;3;3;3;3;1;0;1
4042;PR4631;848;20210201;3;5;5;2;1;2;3;2;1
4043;PR4632;1003;20210201;3;1;5;1;2;3;1;0;1
4044;PR4633;544;20210201;3;3;2;3;3;3;2;2;1
4045;PR4634;575;20210202;2;3;4;4;3;4;1;2;1
4046;PR4635;503;20210202;4;2;1;2;2;2;1;2;1
4047;PR4636;944;20210202;2;1;1;3;1;2;1;1;1
4048;PR4637;1380;20210202;2;2;3;4;2;2;3;1;1
4049;PR4638;807;20210203;2;1;4;2;2;3;1;2;1
4050;PR4639;1400;20210203;1;3;3;2;3;4;1;1;1
4051;PR464;1113;20150116;3;5;2;1;2;2;2;0;1
4052;PR4640;975;20210203;3;5;5;2;3;4;3;1;1
4053;PR4641;1243;20210203;5;5;3;1;1;1;1;0;1
4054;PR4642;1055;20210203;2;3;1;5;3;3;2;2;1
4055;PR4643;1105;20210203;5;3;2;2;2;3;1;1;1
4056;PR4644;1006;20210203;5;3;2;1;2;2;1;2;1
4057;PR4645;383;20210203;2;1;1;3;3;4;3;1;1
4058;PR4646;1263;20210203;5;2;1;5;1;2;3;0;1
4059;PR4647;136;20210204;5;2;3;1;2;2;1;0;1
4060;PR4648;476;20210204;5;1;1;1;3;4;1;3;1
4061;PR4649;1225;20210204;5;1;5;5;2;3;2;0;1
4062;PR465;1028;20150117;3;1;1;3;3;4;3;3;1
4063;PR4650;132;20210205;5;2;3;3;3;3;2;3;1
4064;PR4651;1425;20210205;2;3;3;5;2;2;1;1;1
4065;PR4652;338;20210206;5;5;1;1;3;4;1;1;1
4066;PR4653;1146;20210207;3;1;5;1;1;1;3;1;1
4067;PR4654;1374;20210207;5;1;2;5;3;3;3;0;1
4068;PR4655;1288;20210207;5;3;2;1;2;2;1;2;1
4069;PR4656;1059;20210207;3;2;3;3;3;3;3;0;1
4070;PR4657;891;20210208;5;2;3;1;1;2;2;1;1
4071;PR4658;81;20210209;3;5;3;3;1;1;1;1;1
4072;PR4659;1025;20210209;5;5;3;5;1;2;3;3;1
4073;PR466;641;20150117;2;3;5;2;1;2;1;2;1
4074;PR4660;501;20210209;3;3;2;1;3;3;1;0;1
4075;PR4661;1264;20210210;5;5;5;5;1;1;1;2;1
4076;PR4662;806;20210210;3;5;3;1;2;2;2;0;1
4077;PR4663;227;20210211;2;1;3;3;2;2;3;1;1
4078;PR4664;754;20210211;5;1;1;3;1;1;3;1;1
4079;PR4665;1013;20210211;5;1;2;5;3;3;3;1;1
4080;PR4666;715;20210211;3;2;1;2;3;4;1;0;1
4081;PR4667;572;20210212;2;1;5;2;3;4;2;2;1
4082;PR4668;79;20210212;2;2;2;3;1;2;1;2;1
4083;PR4669;310;20210212;2;3;3;1;2;3;3;1;1
4084;PR467;290;20150118;5;1;5;1;2;3;1;2;1
4085;PR4670;610;20210212;3;5;5;1;1;1;1;1;1
4086;PR4671;984;20210212;5;1;1;1;3;4;3;1;1
4087;PR4672;85;20210213;3;3;5;1;1;2;1;3;1
4088;PR4673;482;20210213;3;3;5;2;1;1;1;3;1
4089;PR4674;514;20210214;5;3;2;2;1;1;3;0;1
4090;PR4675;857;20210214;2;1;5;1;2;2;1;3;1
4091;PR4676;1389;20210214;3;1;2;1;2;2;1;0;1
4092;PR4677;1141;20210214;2;1;1;5;2;3;2;0;1
4093;PR4678;288;20210215;5;3;5;5;3;4;1;0;1
4094;PR4679;454;20210216;2;5;2;2;3;4;2;1;1
4095;PR468;787;20150118;3;1;2;3;3;4;2;0;1
4096;PR4680;1056;20210216;2;1;1;3;1;2;2;1;1
4097;PR4681;1203;20210216;3;3;3;1;1;2;1;2;1
4098;PR4682;1378;20210216;5;1;1;3;1;1;2;0;1
4099;PR4683;329;20210217;2;2;2;2;1;2;1;2;1
4100;PR4684;200;20210219;5;2;3;2;1;2;1;3;1
4101;PR4685;812;20210219;5;3;5;5;2;2;2;1;1
4102;PR4686;1026;20210219;3;3;1;5;3;3;2;1;1
4103;PR4687;462;20210220;3;3;1;5;1;1;3;3;1
4104;PR4688;1435;20210220;2;5;5;2;1;2;2;0;1
4105;PR4689;1438;20210220;2;3;2;1;1;1;3;1;1
4106;PR469;798;20150118;5;1;2;5;2;3;1;0;1
4107;PR4690;1178;20210220;5;5;5;2;1;1;1;2;1
4108;PR4691;523;20210221;5;3;5;3;3;4;2;0;1
4109;PR4692;1308;20210221;2;3;3;2;2;3;3;0;1
4110;PR4693;789;20210221;3;3;5;2;2;3;1;0;1
4111;PR4694;1131;20210221;5;1;3;5;3;3;3;1;1
4112;PR4695;584;20210222;3;5;3;2;1;2;1;0;1
4113;PR4696;717;20210222;2;2;1;2;3;4;2;1;1
4114;PR4697;262;20210222;2;3;1;2;1;1;2;1;1
4115;PR4698;189;20210223;5;1;2;3;3;4;1;2;1
4116;PR4699;1090;20210224;5;1;1;2;3;4;3;0;1
4117;PR47;227;20130213;3;5;1;2;1;1;1;0;1
4118;PR470;792;20150118;2;2;1;2;2;3;2;2;1
4119;PR4700;683;20210224;3;4;2;1;3;4;3;2;1
4120;PR4701;1231;20210224;2;4;3;1;2;2;3;1;1
4121;PR4702;1262;20210224;3;3;2;4;2;3;2;1;1
4122;PR4703;297;20210225;1;4;3;4;3;3;3;3;1
4123;PR4704;152;20210225;3;1;2;3;3;4;3;1;1
4124;PR4705;508;20210226;4;1;4;2;2;3;3;1;1
4125;PR4706;1335;20210226;5;2;2;3;3;3;2;3;1
4126;PR4707;80;20210226;5;2;3;5;2;2;1;0;1
4127;PR4708;5;20210227;5;3;5;1;2;2;3;0;1
4128;PR4709;678;20210227;2;1;1;2;3;3;1;1;1
4129;PR471;652;20150119;5;5;3;3;1;1;1;3;1
4130;PR4710;686;20210227;3;1;3;3;2;2;1;0;1
4131;PR4711;644;20210227;5;2;5;5;1;2;2;0;1
4132;PR4712;749;20210227;2;5;1;1;1;1;2;0;1
4133;PR4713;148;20210228;3;1;1;1;1;2;1;0;1
4134;PR4714;1164;20210228;2;2;3;1;3;4;3;1;1
4135;PR4715;1279;20210228;2;3;3;2;2;3;1;1;1
4136;PR4716;918;20210228;3;3;2;5;2;2;2;0;1
4137;PR4717;646;20210228;3;1;2;5;2;2;3;0;1
4138;PR4718;833;20210228;4;4;3;4;2;2;1;2;1
4139;PR4719;1353;20210301;1;2;3;3;2;2;2;0;1
4140;PR472;1357;20150119;3;1;5;5;1;1;1;1;1
4141;PR4720;197;20210301;3;2;2;3;2;3;1;0;1
4142;PR4721;966;20210301;3;1;4;4;3;3;1;0;1
4143;PR4722;1127;20210302;2;2;1;2;2;3;3;1;1
4144;PR4723;1161;20210302;4;1;2;2;2;2;3;1;1
4145;PR4724;1461;20210302;2;1;1;3;2;3;1;1;1
4146;PR4725;16;20210302;3;1;2;2;3;4;1;1;1
4147;PR4726;19;20210302;3;3;5;1;1;2;3;0;1
4148;PR4727;609;20210302;5;2;2;5;2;2;3;2;1
4149;PR4728;40;20210303;3;5;3;3;3;4;3;1;1
4150;PR4729;520;20210303;3;3;5;1;1;1;2;1;1
4151;PR473;553;20150120;5;5;2;2;3;4;1;1;1
4152;PR4730;655;20210303;2;5;5;3;3;3;1;2;1
4153;PR4731;99;20210304;3;3;1;3;2;2;3;2;1
4154;PR4732;138;20210304;5;3;5;3;2;3;1;2;1
4155;PR4733;461;20210304;5;2;2;3;3;4;3;1;1
4156;PR4734;1010;20210304;5;3;2;3;1;2;1;0;1
4157;PR4735;395;20210304;3;5;1;3;3;3;2;1;1
4158;PR4736;302;20210304;2;2;3;5;1;2;1;2;1
4159;PR4737;762;20210305;5;5;5;5;3;4;3;1;1
4160;PR4738;1256;20210305;3;1;1;2;2;3;2;0;1
4161;PR4739;1352;20210305;5;1;1;5;1;2;1;0;1
4162;PR474;1213;20150123;2;5;3;5;2;2;2;0;1
4163;PR4740;973;20210305;5;5;2;2;2;2;2;2;1
4164;PR4741;1337;20210305;5;2;2;1;1;1;3;0;1
4165;PR4742;967;20210305;2;4;3;1;3;4;3;2;1
4166;PR4743;721;20210306;2;4;1;1;3;4;2;1;1
4167;PR4744;1254;20210306;2;3;1;4;1;1;1;3;1
4168;PR4745;664;20210306;4;2;3;2;1;1;2;1;1
4169;PR4746;1311;20210306;4;1;3;3;1;1;1;2;1
4170;PR4747;547;20210306;1;3;3;1;3;3;3;2;1
4171;PR4748;478;20210306;2;1;5;1;2;3;2;1;1
4172;PR4749;1241;20210307;2;3;2;5;3;4;2;1;1
4173;PR475;880;20150123;2;2;3;1;3;3;3;0;1
4174;PR4750;420;20210308;3;1;5;5;3;4;1;0;1
4175;PR4751;355;20210308;5;2;2;5;1;1;3;1;1
4176;PR4752;72;20210308;5;1;1;3;1;2;2;0;1
4177;PR4753;164;20210308;2;3;2;1;3;3;1;1;1
4178;PR4754;997;20210309;2;3;3;5;2;2;2;0;1
4179;PR4755;1421;20210309;3;5;3;5;2;3;3;2;1
4180;PR4756;908;20210309;3;2;2;5;3;4;2;0;1
4181;PR4757;417;20210310;5;1;5;5;2;2;1;1;1
4182;PR4758;1185;20210310;3;5;5;1;1;1;1;1;1
4183;PR4759;295;20210310;3;5;3;3;2;2;1;1;1
4184;PR476;788;20150124;2;5;2;1;2;2;1;1;1
4185;PR4760;614;20210312;2;3;5;2;1;1;1;1;1
4186;PR4761;493;20210312;2;1;3;1;2;3;3;2;1
4187;PR4762;1024;20210312;2;2;5;5;1;2;2;1;1
4188;PR4763;444;20210313;2;3;5;5;3;3;1;1;1
4189;PR4764;712;20210313;2;3;5;3;1;2;3;2;1
4190;PR4765;745;20210313;5;1;2;3;2;3;2;1;1
4191;PR4766;546;20210313;3;5;3;2;1;1;3;1;1
4192;PR4767;326;20210313;5;3;5;3;2;3;2;1;1
4193;PR4768;937;20210314;3;3;5;5;2;2;1;1;1
4194;PR4769;1205;20210314;5;5;1;2;2;2;1;1;1
4195;PR477;191;20150124;3;2;5;5;2;2;2;0;1
4196;PR4770;379;20210315;3;3;3;5;2;3;2;1;1
4197;PR4771;463;20210315;2;2;2;2;2;2;1;1;1
4198;PR4772;1190;20210316;2;3;2;5;1;2;1;1;1
4199;PR4773;1027;20210316;5;1;3;3;2;2;3;0;1
4200;PR4774;469;20210316;2;1;1;2;2;3;2;3;1
4201;PR4775;1073;20210316;5;2;1;2;1;2;1;2;1
4202;PR4776;852;20210317;3;2;5;2;1;1;1;1;1
4203;PR4777;1260;20210317;5;3;1;5;2;3;1;0;1
4204;PR4778;1285;20210317;5;5;1;2;3;4;3;2;1
4205;PR4779;780;20210318;2;3;3;5;3;4;2;0;1
4206;PR478;386;20150125;3;2;5;3;2;2;3;1;1
4207;PR4780;877;20210318;3;2;5;1;3;3;2;1;1
4208;PR4781;690;20210318;2;3;2;5;1;1;1;1;1
4209;PR4782;229;20210319;5;2;2;2;1;1;3;2;1
4210;PR4783;513;20210320;2;2;2;3;1;1;3;1;1
4211;PR4784;218;20210320;1;2;1;1;1;2;2;0;1
4212;PR4785;357;20210320;2;4;1;4;3;3;1;2;1
4213;PR4786;809;20210320;4;4;4;2;3;4;2;0;1
4214;PR4787;1300;20210321;2;2;3;4;3;4;3;1;1
4215;PR4788;1166;20210321;3;2;1;4;2;2;3;1;1
4216;PR4789;1310;20210321;5;3;3;1;3;3;3;0;1
4217;PR479;1031;20150126;5;5;1;2;2;3;1;0;1
4218;PR4790;331;20210322;5;3;2;2;2;2;3;1;1
4219;PR4791;1064;20210322;3;3;3;5;1;2;3;0;1
4220;PR4792;1132;20210322;3;5;1;2;2;2;2;1;1
4221;PR4793;406;20210322;3;1;2;2;2;3;3;1;1
4222;PR4794;459;20210323;3;1;2;3;2;3;3;1;1
4223;PR4795;744;20210323;1;2;1;1;1;2;3;2;1
4224;PR4796;53;20210323;2;4;4;1;2;2;1;1;1
4225;PR4797;689;20210323;1;4;4;3;2;2;3;1;1
4226;PR4798;759;20210324;3;4;2;1;1;1;2;0;1
4227;PR4799;550;20210324;3;1;2;2;2;3;3;0;1
4228;PR48;754;20130213;3;2;3;3;3;4;1;0;1
4229;PR480;559;20150127;3;1;3;5;2;3;3;1;1
4230;PR4800;488;20210324;2;3;3;1;2;3;2;2;1
4231;PR4801;1332;20210324;3;2;5;5;1;1;2;1;1
4232;PR4802;545;20210325;3;5;2;3;2;3;1;2;1
4233;PR4803;1313;20210325;3;2;1;5;1;1;1;3;1
4234;PR4804;447;20210325;3;2;4;1;2;2;1;2;1
4235;PR4805;448;20210325;1;4;3;3;2;3;1;1;1
4236;PR4806;563;20210326;1;3;1;1;2;2;3;1;1
4237;PR4807;403;20210326;4;4;1;1;3;3;1;1;1
4238;PR4808;949;20210326;1;1;1;2;2;2;2;1;1
4239;PR4809;1123;20210326;3;2;1;5;2;3;2;0;1
4240;PR481;515;20150129;3;1;3;3;2;2;3;0;1
4241;PR4810;870;20210327;5;2;3;3;1;1;2;0;1
4242;PR4811;836;20210327;2;5;1;2;3;3;1;1;1
4243;PR4812;150;20210327;5;1;1;3;2;2;1;0;1
4244;PR4813;6;20210328;5;2;2;2;2;3;3;0;1
4245;PR4814;1275;20210328;5;2;1;1;1;1;1;1;1
4246;PR4815;18;20210329;5;5;5;3;3;3;3;1;1
4247;PR4816;793;20210329;5;1;5;1;1;1;1;0;1
4248;PR4817;1087;20210329;5;1;2;2;2;2;2;1;1
4249;PR4818;813;20210330;5;1;5;1;2;3;3;1;1
4250;PR4819;770;20210330;2;4;1;2;1;1;2;0;1
4251;PR482;1319;20150129;5;1;3;1;1;2;3;1;1
4252;PR4820;1122;20210330;1;4;1;4;3;3;1;1;1
4253;PR4821;927;20210330;4;4;2;1;3;4;2;0;1
4254;PR4822;1252;20210330;4;2;2;3;1;1;3;1;1
4255;PR4823;905;20210331;3;4;1;3;2;2;2;2;1
4256;PR4824;11;20210401;2;2;5;3;2;2;3;2;1
4257;PR4825;48;20210401;2;2;3;1;1;1;1;1;1
4258;PR4826;740;20210401;3;3;2;1;2;2;1;0;1
4259;PR4827;260;20210401;2;5;5;1;2;2;2;1;1
4260;PR4828;1045;20210402;5;3;2;3;1;2;3;0;1
4261;PR4829;34;20210402;2;2;3;2;3;3;2;1;1
4262;PR483;862;20150130;5;1;1;1;2;3;3;2;1
4263;PR4830;131;20210402;2;1;3;1;1;2;1;3;1
4264;PR4831;599;20210403;4;3;3;3;3;3;2;1;1
4265;PR4832;1030;20210403;3;2;4;3;2;2;3;2;1
4266;PR4833;192;20210403;1;4;1;3;1;2;3;0;1
4267;PR4834;83;20210404;5;1;1;1;3;4;1;0;1
4268;PR4835;147;20210404;2;1;5;2;1;1;3;0;1
4269;PR4836;322;20210404;2;3;5;3;1;2;2;1;1
4270;PR4837;1144;20210404;3;5;3;1;3;3;1;0;1
4271;PR4838;44;20210405;3;2;5;5;3;4;3;1;1
4272;PR4839;1371;20210405;3;1;2;2;2;2;1;0;1
4273;PR484;24;20150130;5;5;2;5;3;3;3;0;1
4274;PR4840;606;20210405;3;5;2;2;1;2;3;2;1
4275;PR4841;843;20210407;3;3;2;3;2;3;3;2;1
4276;PR4842;251;20210407;3;5;1;1;2;2;3;1;1
4277;PR4843;998;20210408;5;3;3;1;1;2;2;0;1
4278;PR4844;467;20210408;3;1;3;3;1;1;2;3;1
4279;PR4845;803;20210408;3;4;4;1;2;2;3;1;1
4280;PR4846;568;20210408;2;1;1;4;2;3;2;0;1
4281;PR4847;986;20210409;3;3;4;3;2;2;3;0;1
4282;PR4848;1403;20210409;2;2;3;3;3;3;2;1;1
4283;PR4849;774;20210409;1;2;1;4;1;1;2;1;1
4284;PR485;658;20150131;5;2;3;5;1;2;2;0;1
4285;PR4850;70;20210409;3;3;4;2;3;4;2;0;1
4286;PR4851;137;20210410;1;4;4;2;2;3;3;0;1
4287;PR4852;157;20210410;3;1;3;4;2;2;3;1;1
4288;PR4853;409;20210410;2;1;4;4;1;2;1;0;1
4289;PR4854;1238;20210410;3;5;5;5;2;2;2;2;1
4290;PR4855;815;20210410;3;3;1;1;3;4;1;1;1
4291;PR4856;465;20210411;2;5;5;1;3;4;1;1;1
4292;PR4857;926;20210411;5;5;3;5;2;3;2;3;1
4293;PR4858;198;20210411;3;2;5;3;1;2;2;1;1
4294;PR4859;753;20210411;3;5;5;1;3;3;1;1;1
4295;PR486;1379;20150131;5;1;1;1;2;3;2;1;1
4296;PR4860;1128;20210412;5;5;5;2;2;2;1;1;1
4297;PR4861;1173;20210412;5;5;5;3;3;4;1;1;1
4298;PR4862;529;20210412;5;2;2;3;3;3;1;1;1
4299;PR4863;1340;20210412;3;3;3;1;2;3;3;1;1
4300;PR4864;1377;20210413;3;2;4;1;2;3;3;0;1
4301;PR4865;714;20210413;1;3;4;2;2;3;1;1;1
4302;PR4866;1181;20210413;4;3;1;2;3;4;2;2;1
4303;PR4867;969;20210414;1;4;1;3;3;4;3;3;1
4304;PR4868;702;20210415;2;1;2;2;2;3;2;0;1
4305;PR4869;1117;20210415;2;3;2;1;3;4;3;3;1
4306;PR487;108;20150201;2;5;2;3;2;2;2;0;1
4307;PR4870;850;20210415;5;5;2;1;2;2;2;2;1
4308;PR4871;1034;20210415;3;5;5;3;2;2;3;0;1
4309;PR4872;536;20210416;2;3;1;1;3;4;3;2;1
4310;PR4873;422;20210416;2;5;2;5;3;4;3;2;1
4311;PR4874;103;20210416;2;1;2;3;1;2;2;0;1
4312;PR4875;600;20210416;3;2;3;5;3;3;1;0;1
4313;PR4876;964;20210417;5;1;1;1;3;4;3;0;1
4314;PR4877;885;20210417;3;3;1;1;2;2;1;1;1
4315;PR4878;561;20210417;3;1;2;5;1;2;3;0;1
4316;PR4879;633;20210417;5;1;2;2;2;3;2;0;1
4317;PR488;1372;20150201;3;1;5;2;2;3;2;3;1
4318;PR4880;1376;20210417;5;2;2;3;1;1;3;0;1
4319;PR4881;1463;20210418;5;2;5;1;1;2;1;0;1
4320;PR4882;259;20210418;5;5;1;2;2;2;1;1;1
4321;PR4883;1130;20210419;2;2;2;5;3;3;2;0;1
4322;PR4884;1091;20210419;3;4;4;1;2;2;1;0;1
4323;PR4885;528;20210419;1;3;1;3;1;2;3;1;1
4324;PR4886;838;20210420;4;2;2;2;2;3;3;2;1
4325;PR4887;1441;20210420;4;3;1;1;2;3;1;0;1
4326;PR4888;359;20210421;1;2;4;3;2;2;2;1;1
4327;PR4889;1295;20210421;2;1;1;3;3;3;1;1;1
4328;PR489;1032;20150202;3;2;2;3;1;2;3;0;1
4329;PR4890;661;20210421;3;1;1;3;1;2;2;0;1
4330;PR4891;974;20210421;3;5;3;3;1;2;3;0;1
4331;PR4892;1320;20210421;2;3;5;3;2;2;3;3;1
4332;PR4893;415;20210422;2;5;2;2;3;3;2;1;1
4333;PR4894;826;20210422;2;2;1;5;2;3;2;0;1
4334;PR4895;906;20210422;2;5;3;1;1;2;3;2;1
4335;PR4896;1234;20210422;2;1;3;3;2;3;3;0;1
4336;PR4897;1038;20210422;3;2;1;5;1;1;3;1;1
4337;PR4898;460;20210423;2;2;1;1;2;3;3;0;1
4338;PR4899;923;20210423;3;3;1;1;1;2;2;0;1
4339;PR49;572;20130214;3;5;2;3;3;4;1;1;1
4340;PR490;797;20150203;2;5;2;2;3;4;2;2;1
4341;PR4900;207;20210423;1;1;4;3;2;2;1;1;1
4342;PR4901;828;20210423;2;3;2;4;3;4;3;0;1
4343;PR4902;105;20210424;1;1;1;2;2;2;2;1;1
4344;PR4903;917;20210424;2;2;3;1;1;2;2;3;1
4345;PR4904;1052;20210424;3;2;1;3;3;4;3;1;1
4346;PR4905;36;20210424;2;5;3;3;2;3;3;2;1
4347;PR4906;723;20210424;3;5;1;5;1;1;1;1;1
4348;PR4907;184;20210425;5;3;2;5;2;3;3;1;1
4349;PR4908;1217;20210426;5;3;2;5;3;3;3;1;1
4350;PR4909;414;20210426;4;1;3;4;3;3;1;1;1
4351;PR491;1237;20150203;5;3;3;2;3;4;3;1;1
4352;PR4910;160;20210427;1;4;2;3;3;4;3;2;1
4353;PR4911;1253;20210427;2;3;4;4;2;2;3;1;1
4354;PR4912;1375;20210427;2;1;3;3;2;3;2;1;1
4355;PR4913;1390;20210427;2;3;2;2;2;3;3;1;1
4356;PR4914;31;20210427;5;1;5;5;2;2;3;0;1
4357;PR4915;439;20210427;2;2;1;1;3;4;1;1;1
4358;PR4916;707;20210427;3;1;5;2;1;1;3;1;1
4359;PR4917;1138;20210428;5;2;5;3;1;2;1;1;1
4360;PR4918;537;20210428;5;1;5;5;3;4;2;1;1
4361;PR4919;911;20210429;5;1;5;3;1;2;1;2;1
4362;PR492;575;20150204;5;1;3;5;3;4;1;1;1
4363;PR4920;1211;20210429;2;3;5;1;1;2;1;2;1
4364;PR4921;270;20210429;2;5;3;2;1;2;3;3;1
4365;PR4922;308;20210429;2;1;2;2;2;2;3;2;1
4366;PR4923;489;20210429;5;2;5;1;3;3;1;2;1
4367;PR4924;289;20210430;3;2;1;3;3;3;3;1;1
4368;PR4925;1008;20210430;5;1;5;3;3;3;3;2;1
4369;PR4926;296;20210430;3;1;2;2;1;1;3;3;1
4370;PR4927;133;20210501;2;5;2;2;3;3;2;0;1
4371;PR4928;512;20210501;5;5;2;1;1;2;2;0;1
4372;PR4929;980;20210501;2;2;3;5;3;4;3;1;1
4373;PR493;503;20150204;3;5;2;3;2;3;2;0;1
4374;PR4930;1251;20210501;5;2;2;3;2;2;1;3;1
4375;PR4931;1202;20210502;5;5;3;3;3;4;3;0;1
4376;PR4932;491;20210502;2;2;1;5;3;4;1;2;1
4377;PR4933;1053;20210502;2;3;5;1;2;3;3;3;1
4378;PR4934;127;20210503;3;1;2;3;3;3;3;1;1
4379;PR4935;981;20210503;3;3;2;1;3;3;2;2;1
4380;PR4936;1367;20210503;3;4;2;1;1;1;1;0;1
4381;PR4937;1450;20210503;2;3;3;2;3;3;3;1;1
4382;PR4938;1466;20210504;1;3;2;2;1;1;2;3;1
4383;PR4939;1401;20210504;4;1;1;2;1;2;2;1;1
4384;PR494;1298;20150204;3;2;5;5;3;4;1;1;1
4385;PR4940;109;20210504;3;3;1;2;3;3;1;0;1
4386;PR4941;257;20210505;3;4;1;2;3;4;3;1;1
4387;PR4942;57;20210505;3;4;3;2;1;1;3;2;1
4388;PR4943;1201;20210505;3;1;1;2;2;3;2;0;1
4389;PR4944;1341;20210506;5;5;1;3;3;4;3;1;1
4390;PR4945;234;20210507;5;3;5;2;2;2;2;2;1
4391;PR4946;616;20210507;3;1;2;2;3;4;2;3;1
4392;PR4947;517;20210507;3;5;2;1;2;3;2;0;1
4393;PR4948;391;20210508;3;3;1;2;1;1;1;2;1
4394;PR4949;425;20210508;2;2;5;3;2;3;2;0;1
4395;PR495;807;20150205;5;5;3;5;3;3;2;3;1
4396;PR4950;1305;20210509;2;5;3;5;1;1;3;2;1
4397;PR4951;705;20210509;5;3;5;3;3;3;1;1;1
4398;PR4952;233;20210509;2;2;1;1;1;2;1;1;1
4399;PR4953;941;20210510;5;2;2;2;3;4;1;2;1
4400;PR4954;1259;20210510;2;2;1;2;1;1;3;3;1
4401;PR4955;171;20210511;2;5;2;2;1;1;3;1;1
4402;PR4956;363;20210511;3;1;1;3;1;1;1;3;1
4403;PR4957;932;20210511;3;5;5;5;1;2;3;0;1
4404;PR4958;370;20210512;2;3;2;5;3;4;1;2;1
4405;PR4959;1149;20210512;3;5;1;2;2;3;1;2;1
4406;PR496;1400;20150205;2;5;3;5;2;3;2;3;1
4407;PR4960;1084;20210512;2;2;5;2;3;4;1;2;1
4408;PR4961;1067;20210512;3;1;3;5;2;2;3;1;1
4409;PR4962;185;20210513;3;2;1;2;2;2;2;0;1
4410;PR4963;909;20210513;5;2;3;5;1;1;3;1;1
4411;PR4964;731;20210513;5;1;5;3;3;3;1;0;1
4412;PR4965;1140;20210513;3;1;1;1;2;2;2;1;1
4413;PR4966;1363;20210513;5;1;2;2;3;3;3;0;1
4414;PR4967;1280;20210514;3;3;3;3;2;3;1;0;1
4415;PR4968;167;20210514;3;1;1;5;1;2;1;3;1
4416;PR4969;1328;20210514;5;3;1;2;3;4;3;2;1
4417;PR497;975;20150205;5;2;3;2;1;1;1;2;1
4418;PR4970;61;20210515;3;3;3;3;2;3;2;1;1
4419;PR4971;899;20210515;3;3;2;1;3;3;3;2;1
4420;PR4972;591;20210515;2;3;5;2;3;4;2;1;1
4421;PR4973;223;20210515;5;1;3;1;1;1;2;1;1
4422;PR4974;250;20210515;2;1;1;3;1;2;1;3;1
4423;PR4975;629;20210515;2;3;1;3;3;4;1;1;1
4424;PR4976;886;20210516;3;5;5;5;1;1;2;0;1
4425;PR4977;1447;20210516;3;2;2;2;1;1;3;2;1
4426;PR4978;213;20210517;2;5;2;1;3;3;2;2;1
4427;PR4979;318;20210517;2;5;1;5;3;3;3;0;1
4428;PR498;1243;20150205;5;3;1;1;3;4;1;0;1
4429;PR4980;332;20210517;5;5;5;5;3;4;2;2;1
4430;PR4981;435;20210518;2;3;5;5;1;2;1;0;1
4431;PR4982;456;20210518;2;3;5;5;3;3;2;0;1
4432;PR4983;915;20210518;2;5;5;2;2;2;1;1;1
4433;PR4984;1082;20210518;5;5;5;5;1;1;1;0;1
4434;PR4985;412;20210518;2;3;2;5;2;3;2;0;1
4435;PR4986;823;20210519;2;5;2;1;3;3;2;1;1
4436;PR4987;659;20210519;5;3;2;3;2;3;2;0;1
4437;PR4988;1349;20210519;2;3;3;1;2;3;2;3;1
4438;PR4989;4;20210520;5;2;1;3;1;2;1;3;1
4439;PR499;136;20150206;5;1;2;1;2;2;1;2;1
4440;PR4990;510;20210520;2;5;1;1;3;3;2;0;1
4441;PR4991;144;20210521;2;5;5;1;3;4;1;0;1
4442;PR4992;776;20210522;2;1;2;3;3;3;2;0;1
4443;PR4993;387;20210522;3;2;1;5;3;3;1;1;1
4444;PR4994;1074;20210522;2;5;3;2;1;1;3;1;1
4445;PR4995;741;20210522;3;1;2;3;3;4;3;1;1
4446;PR4996;162;20210522;5;3;2;1;2;3;2;0;1
4447;PR4997;324;20210522;2;5;3;1;2;2;2;0;1
4448;PR4998;1287;20210522;2;1;3;2;2;2;2;2;1
4449;PR4999;450;20210522;1;2;1;1;3;4;1;0;1
4450;PR50;514;20130216;3;2;3;2;3;3;1;2;1
4451;PR500;476;20150206;3;3;1;5;1;2;2;1;1
4452;PR5000;621;20210522;3;4;4;1;1;1;3;2;1
4453;PR5001;41;20210523;1;2;2;4;1;2;2;0;1
4454;PR5002;92;20210523;2;1;3;3;2;3;3;1;1
4455;PR5003;1366;20210523;3;3;1;3;3;4;3;0;1
4456;PR5004;875;20210524;2;2;2;1;3;4;3;1;1
4457;PR5005;209;20210524;3;1;2;1;1;2;3;1;1
4458;PR5006;492;20210524;5;5;2;2;3;3;2;0;1
4459;PR5007;1248;20210525;2;5;3;2;1;2;1;0;1
4460;PR5008;240;20210525;3;2;2;5;3;4;3;1;1
4461;PR5009;390;20210525;5;1;5;3;2;2;1;2;1
4462;PR501;1225;20150206;5;5;3;1;1;1;1;0;1
4463;PR5010;272;20210526;3;1;1;1;3;3;3;1;1
4464;PR5011;1405;20210526;2;3;1;3;1;1;2;0;1
4465;PR5012;411;20210526;3;3;5;3;1;1;1;0;1
4466;PR5013;339;20210526;3;3;1;2;2;2;1;3;1
4467;PR5014;43;20210527;5;3;5;5;3;4;3;3;1
4468;PR5015;1093;20210528;2;5;3;2;2;3;2;1;1
4469;PR5016;1284;20210528;3;5;5;5;2;3;2;2;1
4470;PR5017;618;20210528;5;5;1;3;1;1;3;0;1
4471;PR5018;662;20210528;3;5;2;3;1;1;2;0;1
4472;PR5019;814;20210529;5;2;5;1;1;1;3;1;1
4473;PR502;1146;20150209;2;1;1;1;2;2;1;1;1
4474;PR5020;217;20210529;3;5;1;1;3;4;3;0;1
4475;PR5021;576;20210530;5;3;5;5;2;2;1;1;1
4476;PR5022;1419;20210530;3;3;1;1;3;3;2;0;1
4477;PR5023;676;20210530;2;2;5;2;2;3;1;0;1
4478;PR5024;273;20210530;5;5;5;1;3;4;1;0;1
4479;PR5025;1460;20210530;5;2;1;2;1;2;3;1;1
4480;PR5026;1381;20210530;2;1;5;5;1;2;3;0;1
4481;PR5027;1023;20210531;5;1;3;2;1;1;1;0;1
4482;PR5028;589;20210531;2;3;1;3;1;1;1;2;1
4483;PR5029;767;20210531;2;1;1;2;2;3;2;1;1
4484;PR503;1374;20150209;3;3;2;3;1;2;3;0;1
4485;PR5030;1408;20210531;3;3;5;2;3;4;1;1;1
4486;PR5031;535;20210531;3;2;3;5;1;2;3;1;1
4487;PR5032;319;20210601;3;5;1;3;3;4;2;2;1
4488;PR5033;77;20210602;5;2;3;5;2;2;1;0;1
4489;PR5034;42;20210603;2;2;2;2;1;1;2;3;1
4490;PR5035;887;20210604;2;3;5;2;3;4;1;1;1
4491;PR5036;1068;20210604;5;2;3;2;1;2;2;3;1
4492;PR5037;1278;20210605;3;1;2;3;2;3;2;0;1
4493;PR5038;637;20210605;5;3;2;5;2;3;2;3;1
4494;PR5039;1168;20210605;2;2;5;3;3;3;1;2;1
4495;PR504;891;20150210;5;3;3;5;1;2;1;0;1
4496;PR5040;996;20210605;2;3;3;5;3;4;2;1;1
4497;PR5041;1420;20210605;3;1;5;3;3;4;1;1;1
4498;PR5042;1208;20210606;5;1;3;5;3;3;1;0;1
4499;PR5043;248;20210606;3;2;1;3;2;3;3;1;1
4500;PR5044;1418;20210607;5;1;3;3;2;2;3;1;1
4501;PR5045;89;20210607;2;1;3;5;1;2;3;1;1
4502;PR5046;1050;20210608;3;2;5;2;2;3;2;2;1
4503;PR5047;1219;20210608;5;1;3;1;2;2;1;3;1
4504;PR5048;785;20210609;2;5;2;5;2;2;2;1;1
4505;PR5049;153;20210609;2;2;1;1;3;4;1;0;1
4506;PR505;81;20150211;3;5;3;5;3;3;1;0;1
4507;PR5050;1269;20210610;3;5;1;3;2;2;2;0;1
4508;PR5051;1338;20210611;5;2;2;3;1;2;3;1;1
4509;PR5052;1294;20210612;5;3;1;3;3;3;3;1;1
4510;PR5053;340;20210613;2;2;3;5;3;4;1;2;1
4511;PR5054;1348;20210613;3;3;1;3;1;1;1;0;1
4512;PR5055;947;20210613;5;3;3;2;1;2;1;0;1
4513;PR5056;1054;20210613;3;2;5;2;1;2;3;0;1
4514;PR5057;588;20210613;2;3;1;2;3;4;2;2;1
4515;PR5058;471;20210614;5;3;5;2;3;4;1;1;1
4516;PR5059;49;20210614;5;5;1;2;3;4;3;0;1
4517;PR506;1025;20150211;5;3;2;3;1;2;1;2;1
4518;PR5060;142;20210614;5;5;1;3;2;3;1;0;1
4519;PR5061;1212;20210614;5;2;3;1;1;2;1;3;1
4520;PR5062;962;20210615;2;2;2;5;3;3;1;3;1
4521;PR5063;445;20210615;2;1;1;5;3;4;2;0;1
4522;PR5064;181;20210616;2;1;5;5;3;3;3;0;1
4523;PR5065;477;20210616;2;1;3;5;3;3;3;0;1
4524;PR5066;653;20210616;2;2;2;3;3;4;1;3;1
4525;PR5067;203;20210616;5;1;5;1;2;2;2;0;1
4526;PR5068;1051;20210616;5;2;2;2;1;1;1;1;1
4527;PR5069;1134;20210616;5;2;2;2;1;2;1;0;1
4528;PR507;1264;20150212;3;1;5;5;1;2;1;0;1
4529;PR5070;2;20210617;3;3;5;5;3;3;1;1;1
4530;PR5071;3;20210618;2;1;1;3;3;3;3;0;1
4531;PR5072;1407;20210618;5;1;2;2;1;2;3;0;1
4532;PR5073;168;20210618;2;3;3;5;1;1;1;2;1
4533;PR5074;1079;20210620;5;5;5;3;2;2;2;0;1
4534;PR5075;475;20210620;3;1;1;2;1;1;3;1;1
4535;PR5076;1395;20210620;2;1;3;3;1;2;1;2;1
4536;PR5077;263;20210621;5;2;1;1;2;3;2;2;1
4537;PR5078;236;20210621;2;3;2;3;3;4;3;0;1
4538;PR5079;344;20210622;3;1;2;2;1;1;2;0;1
4539;PR508;227;20150213;3;1;3;3;1;2;1;1;1
4540;PR5080;778;20210622;1;1;4;2;2;2;1;2;1
4541;PR5081;479;20210622;2;2;3;3;2;2;2;0;1
4542;PR5082;884;20210622;3;1;3;3;1;1;3;0;1
4543;PR5083;871;20210623;2;1;3;1;3;3;1;1;1
4544;PR5084;842;20210623;2;1;5;3;1;2;1;1;1
4545;PR5085;874;20210623;5;3;1;5;1;2;1;2;1
4546;PR5086;953;20210624;3;2;5;3;3;4;2;1;1
4547;PR5087;432;20210625;2;5;1;2;3;4;2;3;1
4548;PR5088;1344;20210625;3;5;1;5;2;2;1;0;1
4549;PR5089;733;20210625;2;2;3;1;1;1;3;1;1
4550;PR509;754;20150213;2;5;5;5;2;2;2;2;1
4551;PR5090;1416;20210625;3;2;3;1;2;3;2;0;1
4552;PR5091;298;20210626;3;5;3;2;3;3;2;0;1
4553;PR5092;211;20210626;2;3;2;2;2;2;2;2;1
4554;PR5093;1097;20210627;3;2;3;3;3;3;2;2;1
4555;PR5094;1114;20210627;2;1;2;2;3;3;2;1;1
4556;PR5095;293;20210627;2;3;3;2;3;4;2;0;1
4557;PR5096;249;20210628;5;3;5;5;1;1;3;2;1
4558;PR5097;1315;20210628;3;1;5;2;2;2;1;1;1
4559;PR5098;968;20210628;5;1;1;1;2;2;2;3;1
4560;PR5099;622;20210629;3;2;2;1;2;2;2;2;1
4561;PR51;104;20130216;2;1;2;1;2;2;2;0;1
4562;PR510;572;20150214;5;1;1;5;1;2;1;2;1
4563;PR5100;1224;20210629;4;4;3;4;1;1;2;1;1
4564;PR5101;668;20210629;2;2;1;4;2;3;2;1;1
4565;PR5102;1092;20210629;3;3;1;4;2;2;3;1;1
4566;PR5103;989;20210629;2;4;3;1;2;3;1;0;1
4567;PR5104;429;20210630;2;3;1;1;2;2;1;2;1
4568;PR5105;496;20210630;5;5;2;1;3;3;1;0;1
4569;PR5106;1456;20210630;5;3;3;2;3;3;3;2;1
4570;PR5107;541;20210630;2;5;5;2;3;4;2;1;1
4571;PR5108;1333;20210630;3;1;2;5;3;4;3;0;1
4572;PR5109;1317;20210630;3;3;5;1;3;3;1;0;1
4573;PR511;514;20150216;5;3;1;5;3;3;3;2;1
4574;PR5110;304;20210701;3;3;2;5;1;2;1;2;1
4575;PR5111;1439;20210702;3;5;2;1;2;2;3;2;1
4576;PR5112;63;20210703;5;3;2;5;1;2;2;2;1
4577;PR5113;938;20210703;3;1;5;1;3;4;3;0;1
4578;PR5114;271;20210704;2;5;5;1;3;3;3;1;1
4579;PR5115;470;20210704;5;1;5;2;2;3;1;1;1
4580;PR5116;507;20210704;3;2;2;1;1;1;2;1;1
4581;PR5117;612;20210704;3;5;2;1;1;1;2;0;1
4582;PR5118;1183;20210704;5;1;3;3;1;2;2;0;1
4583;PR5119;368;20210705;3;5;1;2;1;2;3;3;1
4584;PR512;104;20150216;3;1;1;1;3;4;2;0;1
4585;PR5120;1115;20210705;3;1;1;1;1;1;3;1;1
4586;PR5121;965;20210705;2;2;3;1;1;2;3;2;1
4587;PR5122;791;20210707;5;1;5;3;2;2;2;1;1
4588;PR5123;990;20210707;2;1;3;2;1;2;1;0;1
4589;PR5124;87;20210707;5;1;3;2;1;2;1;0;1
4590;PR5125;95;20210708;3;1;5;2;3;3;1;1;1
4591;PR5126;708;20210708;3;2;1;3;1;2;1;3;1
4592;PR5127;309;20210708;2;2;1;2;1;2;2;0;1
4593;PR5128;506;20210708;5;5;5;1;3;3;1;3;1
4594;PR5129;819;20210708;2;2;1;3;1;2;2;1;1
4595;PR513;857;20150216;5;5;3;5;2;3;2;1;1
4596;PR5130;960;20210708;2;2;5;2;3;4;3;3;1
4597;PR5131;1304;20210709;2;5;3;3;3;4;2;0;1
4598;PR5132;120;20210709;5;1;5;3;1;2;3;3;1
4599;PR5133;914;20210709;2;3;3;3;3;4;1;0;1
4600;PR5134;872;20210709;3;3;2;2;2;3;3;1;1
4601;PR5135;1080;20210709;3;2;3;2;2;2;3;1;1
4602;PR5136;175;20210709;2;2;3;3;3;4;3;0;1
4603;PR5137;577;20210710;5;3;3;3;3;4;2;2;1
4604;PR5138;863;20210710;3;3;5;3;3;4;2;1;1
4605;PR5139;627;20210710;2;5;2;5;3;3;1;0;1
4606;PR514;454;20150218;3;3;5;5;2;2;1;0;1
4607;PR5140;970;20210710;5;2;1;2;2;2;3;2;1
4608;PR5141;1271;20210711;3;2;5;1;2;3;3;0;1
4609;PR5142;155;20210711;3;5;2;1;1;1;1;0;1
4610;PR5143;763;20210712;2;1;2;2;3;4;2;3;1
4611;PR5144;241;20210712;3;1;1;5;2;2;2;0;1
4612;PR5145;433;20210712;3;5;1;3;3;3;2;1;1
4613;PR5146;464;20210713;3;1;3;1;2;3;1;1;1
4614;PR5147;1434;20210713;3;5;1;1;3;3;2;0;1
4615;PR5148;113;20210713;3;2;1;2;1;2;1;3;1
4616;PR5149;1307;20210714;3;5;5;5;3;4;1;1;1
4617;PR515;1056;20150218;5;1;3;1;1;1;3;0;1
4618;PR5150;243;20210714;2;5;3;2;1;1;2;0;1
4619;PR5151;569;20210714;3;5;3;3;2;3;3;2;1
4620;PR5152;1247;20210716;3;5;3;3;1;2;2;0;1
4621;PR5153;1165;20210716;3;3;2;1;3;4;3;1;1
4622;PR5154;1292;20210716;3;3;5;2;3;3;1;0;1
4623;PR5155;594;20210716;5;2;3;2;3;4;3;0;1
4624;PR5156;1246;20210717;3;2;5;2;3;3;1;1;1
4625;PR5157;1385;20210717;3;1;1;5;3;4;1;0;1
4626;PR5158;1406;20210717;5;5;2;5;3;4;2;0;1
4627;PR5159;129;20210717;5;5;1;5;1;1;1;0;1
4628;PR516;329;20150219;5;1;5;3;1;1;2;3;1
4629;PR5160;1250;20210717;2;2;3;5;1;2;2;1;1
4630;PR5161;1427;20210718;2;3;2;1;3;3;1;3;1
4631;PR5162;1096;20210718;3;1;1;2;3;4;3;0;1
4632;PR5163;279;20210718;3;1;5;2;1;1;1;0;1
4633;PR5164;1431;20210718;5;5;3;1;3;3;3;0;1
4634;PR5165;542;20210718;2;2;3;1;2;2;2;1;1
4635;PR5166;955;20210719;2;3;1;1;3;3;1;1;1
4636;PR5167;734;20210719;5;5;2;5;1;2;2;1;1
4637;PR5168;982;20210719;2;2;5;2;1;1;2;1;1
4638;PR5169;1220;20210719;4;3;3;1;2;3;3;0;1
4639;PR517;200;20150221;2;1;2;3;1;2;3;1;1
4640;PR5170;564;20210719;2;3;2;4;3;4;1;0;1
4641;PR5171;844;20210720;3;2;2;2;1;1;1;0;1
4642;PR5172;1039;20210720;3;3;3;1;2;3;1;2;1
4643;PR5173;1343;20210720;4;1;1;4;3;4;2;0;1
4644;PR5174;373;20210721;2;1;5;3;3;3;2;0;1
4645;PR5175;643;20210722;3;5;5;1;3;3;1;1;1
4646;PR5176;1391;20210722;2;5;5;1;3;4;2;0;1
4647;PR5177;407;20210722;5;5;3;2;3;3;2;0;1
4648;PR5178;1283;20210723;2;2;1;1;3;3;2;0;1
4649;PR5179;1037;20210723;3;3;5;1;1;2;2;0;1
4650;PR518;812;20150221;2;5;3;1;3;3;3;0;1
4651;PR5180;300;20210723;2;3;2;3;1;1;3;0;1
4652;PR5181;1334;20210723;5;1;2;5;2;2;1;0;1
4653;PR5182;889;20210724;2;3;5;2;2;2;2;0;1
4654;PR5183;1218;20210724;3;1;2;2;2;2;1;1;1
4655;PR5184;190;20210724;2;2;2;1;3;4;1;0;1
4656;PR5185;393;20210724;3;1;4;4;3;4;2;0;1
4657;PR5186;1230;20210724;2;2;1;1;1;1;1;1;1
4658;PR5187;1137;20210725;2;1;1;2;2;2;3;2;1
4659;PR5188;703;20210726;4;2;1;4;3;4;3;1;1
4660;PR5189;649;20210726;2;1;5;3;3;4;2;0;1
4661;PR519;462;20150222;3;3;5;2;3;3;1;1;1
4662;PR5190;1398;20210727;2;1;3;3;3;4;3;2;1
4663;PR5191;60;20210727;3;5;2;5;3;4;2;2;1
4664;PR5192;1159;20210729;5;2;3;3;2;2;2;1;1
4665;PR5193;112;20210729;3;1;2;5;2;2;2;2;1
4666;PR5194;888;20210729;2;5;2;1;2;3;3;2;1
4667;PR5195;978;20210729;3;5;1;5;2;3;1;0;1
4668;PR5196;1239;20210730;3;1;3;3;1;2;2;1;1
4669;PR5197;701;20210731;5;2;2;3;1;2;2;3;1
4670;PR5198;500;20210731;5;3;2;3;1;1;3;2;1
4671;PR5199;430;20210731;5;5;3;3;1;2;2;1;1
4672;PR52;454;20130218;5;2;5;3;2;2;3;2;1
4673;PR520;1435;20150222;3;2;2;3;2;2;1;1;1
4674;PR5200;47;20210801;3;2;2;1;3;3;2;1;1
4675;PR5201;647;20210802;3;5;3;5;1;2;2;0;1
4676;PR5202;1176;20210802;3;3;2;1;3;3;1;1;1
4677;PR5203;602;20210803;5;3;1;2;3;4;1;1;1
4678;PR5204;483;20210803;5;1;5;1;3;3;3;0;1
4679;PR5205;1369;20210803;3;1;3;2;1;1;3;3;1
4680;PR5206;992;20210803;5;1;1;2;2;3;2;2;1
4681;PR5207;665;20210803;3;2;2;1;3;4;3;0;1
4682;PR5208;845;20210803;2;5;5;3;1;2;3;1;1
4683;PR5209;607;20210805;3;2;2;1;3;3;2;0;1
4684;PR521;523;20150223;3;1;3;2;2;3;1;0;1
4685;PR5210;1088;20210805;2;3;2;2;3;3;3;3;1
4686;PR5211;804;20210805;2;3;3;5;3;4;3;0;1
4687;PR5212;255;20210805;5;3;3;3;2;3;3;0;1
4688;PR5213;416;20210805;3;1;2;5;3;3;3;0;1
4689;PR5214;756;20210806;3;1;5;5;2;3;3;2;1
4690;PR5215;345;20210807;5;5;1;1;3;3;1;0;1
4691;PR5216;605;20210807;2;3;3;2;2;2;3;0;1
4692;PR5217;525;20210808;3;3;1;1;2;2;3;2;1
4693;PR5218;912;20210808;5;3;3;5;2;3;2;0;1
4694;PR5219;615;20210808;5;1;2;5;1;2;3;0;1
4695;PR522;1308;20150223;3;3;3;2;1;1;3;0;1
4696;PR5220;246;20210809;2;1;1;2;1;2;1;1;1
4697;PR5221;269;20210810;5;5;5;5;3;3;1;2;1
4698;PR5222;490;20210810;5;3;3;2;1;2;3;3;1
4699;PR5223;860;20210811;3;1;3;1;3;3;3;0;1
4700;PR5224;620;20210811;3;2;3;5;2;3;3;0;1
4701;PR5225;369;20210811;2;2;2;3;1;2;1;1;1
4702;PR5226;23;20210812;3;3;2;1;1;2;1;0;1
4703;PR5227;400;20210812;3;3;3;3;1;1;1;3;1
4704;PR5228;859;20210812;3;2;3;1;3;4;2;1;1
4705;PR5229;100;20210812;3;1;5;5;3;4;1;0;1
4706;PR523;1142;20150223;2;5;1;5;2;3;1;0;1
4707;PR5230;611;20210812;5;3;1;1;2;2;3;1;1
4708;PR5231;993;20210813;5;2;3;1;3;4;2;1;1
4709;PR5232;26;20210813;5;2;5;3;2;3;3;1;1
4710;PR5233;628;20210813;3;3;1;5;3;4;2;0;1
4711;PR5234;829;20210813;5;5;5;2;2;2;3;1;1
4712;PR5235;1236;20210813;3;5;2;1;2;2;1;3;1
4713;PR5236;1465;20210813;2;1;5;1;2;3;3;1;1
4714;PR5237;557;20210814;3;5;1;3;3;3;1;1;1
4715;PR5238;1192;20210814;2;1;2;3;1;2;2;2;1
4716;PR5239;244;20210815;5;2;1;1;1;1;3;0;1
4717;PR524;584;20150224;2;1;1;3;2;2;1;1;1
4718;PR5240;361;20210815;5;1;5;1;3;4;3;2;1
4719;PR5241;1151;20210815;3;2;2;2;1;1;1;2;1
4720;PR5242;640;20210815;2;5;2;3;1;1;1;3;1
4721;PR5243;983;20210815;3;1;1;3;1;2;3;1;1
4722;PR5244;578;20210815;3;2;5;2;2;2;3;1;1
4723;PR5245;307;20210816;2;3;1;3;3;4;1;3;1
4724;PR5246;466;20210816;5;3;2;2;2;3;3;2;1
4725;PR5247;743;20210816;2;5;1;5;3;4;3;0;1
4726;PR5248;1048;20210817;2;5;1;1;3;3;3;3;1
4727;PR5249;1286;20210817;3;1;5;1;2;2;3;1;1
4728;PR525;283;20150225;2;5;1;3;3;3;2;0;1
4729;PR5250;1172;20210817;3;3;1;5;3;4;3;0;1
4730;PR5251;1235;20210817;2;3;3;1;2;2;2;0;1
4731;PR5252;62;20210817;3;1;5;1;2;2;2;3;1
4732;PR5253;692;20210818;3;1;2;3;2;2;2;0;1
4733;PR5254;1139;20210819;5;3;1;1;1;2;2;0;1
4734;PR5255;1429;20210820;5;5;3;2;1;1;2;2;1
4735;PR5256;237;20210820;5;3;5;3;3;4;1;1;1
4736;PR5257;555;20210820;3;1;1;3;1;2;2;0;1
4737;PR5258;700;20210820;5;5;1;3;2;2;2;3;1
4738;PR5259;220;20210821;5;5;5;2;2;3;1;1;1
4739;PR526;1090;20150226;5;2;2;5;3;3;2;2;1
4740;PR5260;143;20210822;2;3;2;1;2;3;2;0;1
4741;PR5261;64;20210822;5;1;3;2;3;4;3;2;1
4742;PR5262;343;20210822;3;1;3;2;2;2;2;0;1
4743;PR5263;149;20210823;3;5;5;1;3;4;1;0;1
4744;PR5264;176;20210823;2;5;1;2;2;3;3;1;1
4745;PR5265;1193;20210824;2;3;5;1;3;4;1;0;1
4746;PR5266;371;20210824;3;1;3;1;3;4;1;0;1
4747;PR5267;1143;20210824;5;2;3;1;2;3;1;1;1
4748;PR5268;596;20210825;5;2;5;2;2;3;3;0;1
4749;PR5269;401;20210825;5;3;3;2;1;2;1;1;1
4750;PR527;297;20150227;5;2;1;5;3;4;3;1;1
4751;PR5270;451;20210826;2;5;3;5;1;2;3;3;1
4752;PR5271;987;20210827;3;1;1;1;2;2;3;1;1
4753;PR5272;866;20210828;2;3;1;3;2;2;1;1;1
4754;PR5273;139;20210829;2;2;1;3;3;4;3;1;1
4755;PR5274;1281;20210829;2;2;2;5;2;3;2;3;1
4756;PR5275;333;20210829;3;1;2;5;3;3;2;2;1
4757;PR5276;1326;20210830;5;3;2;1;3;4;2;1;1
4758;PR5277;1108;20210830;3;3;2;3;1;2;1;0;1
4759;PR5278;121;20210831;5;5;5;2;1;2;1;1;1
4760;PR5279;1078;20210831;3;3;1;2;2;3;2;1;1
4761;PR528;152;20150227;2;2;1;3;3;3;3;3;1
4762;PR5280;261;20210901;2;2;5;5;3;3;1;2;1
4763;PR5281;1135;20210901;2;2;3;2;1;1;1;0;1
4764;PR5282;110;20210901;5;3;1;2;1;2;1;0;1
4765;PR5283;1227;20210902;3;5;2;1;3;4;3;2;1
4766;PR5284;268;20210902;3;5;1;3;2;3;1;0;1
4767;PR5285;214;20210902;5;2;5;5;1;2;1;1;1
4768;PR5286;642;20210902;2;2;5;5;2;2;1;0;1
4769;PR5287;816;20210902;2;1;1;5;1;1;1;0;1
4770;PR5288;994;20210902;3;3;5;1;3;3;2;3;1
4771;PR5289;315;20210903;2;1;3;1;2;3;1;0;1
4772;PR529;508;20150228;2;5;5;3;3;3;3;2;1
4773;PR5290;1415;20210903;3;3;2;2;1;1;2;3;1
4774;PR5291;688;20210903;5;3;1;2;2;2;1;1;1
4775;PR5292;656;20210904;2;5;3;5;3;3;1;1;1
4776;PR5293;365;20210904;3;2;5;5;2;3;3;1;1
4777;PR5294;1000;20210905;1;4;2;3;1;1;3;0;1
4778;PR5295;1186;20210907;3;2;4;4;1;1;2;0;1
4779;PR5296;50;20210907;3;1;1;1;3;3;2;1;1
4780;PR5297;86;20210907;4;2;3;2;3;3;2;1;1
4781;PR5298;921;20210907;4;4;1;1;3;3;3;0;1
4782;PR5299;897;20210908;3;1;3;3;2;3;3;0;1
4783;PR53;1056;20130218;3;5;3;5;2;2;2;1;1
4784;PR530;1335;20150228;5;3;3;1;3;4;3;2;1
4785;PR5300;65;20210908;2;5;1;1;3;3;3;1;1
4786;PR5301;174;20210910;2;5;5;1;1;2;1;2;1
4787;PR5302;1012;20210910;5;5;5;1;2;2;2;0;1
4788;PR5303;376;20210911;2;1;5;2;1;1;3;1;1
4789;PR5304;810;20210911;5;2;3;5;3;3;3;1;1
4790;PR5305;1065;20210911;5;1;2;5;3;4;3;1;1
4791;PR5306;455;20210911;2;1;2;2;2;2;1;0;1
4792;PR5307;235;20210911;3;5;5;3;1;1;2;1;1
4793;PR5308;518;20210912;2;3;5;2;1;2;3;0;1
4794;PR5309;1424;20210912;5;2;3;3;2;2;1;0;1
4795;PR531;5;20150301;2;5;2;3;1;2;3;2;1
4796;PR5310;560;20210913;2;3;5;1;2;2;1;2;1
4797;PR5311;358;20210913;2;1;5;2;1;2;3;1;1
4798;PR5312;182;20210914;2;3;1;3;2;2;2;1;1
4799;PR5313;752;20210914;5;2;2;2;3;3;2;0;1
4800;PR5314;1200;20210914;3;3;5;3;2;2;3;3;1
4801;PR5315;347;20210915;3;3;5;3;1;2;3;3;1
4802;PR5316;935;20210915;5;5;5;2;1;1;2;0;1
4803;PR5317;593;20210915;5;2;2;1;1;1;3;2;1
4804;PR5318;342;20210917;3;3;2;2;1;2;3;0;1
4805;PR5319;497;20210918;2;2;3;1;1;1;2;0;1
4806;PR532;678;20150301;3;1;3;3;2;2;2;1;1
4807;PR5320;1177;20210918;3;4;4;1;3;3;1;1;1
4808;PR5321;1170;20210919;2;3;2;3;1;2;2;0;1
4809;PR5322;294;20210920;4;4;3;4;3;4;2;0;1
4810;PR5323;736;20210920;4;1;3;2;1;1;2;1;1
4811;PR5324;51;20210921;2;1;1;2;3;3;1;1;1
4812;PR5325;1312;20210922;3;1;1;2;2;3;3;1;1
4813;PR5326;1350;20210922;2;3;3;3;3;4;2;1;1
4814;PR5327;180;20210922;2;3;1;5;2;2;2;2;1
4815;PR5328;1336;20210923;3;1;5;3;2;2;2;1;1
4816;PR5329;177;20210923;5;2;2;1;2;3;2;1;1
4817;PR533;686;20150301;3;1;2;5;2;2;2;1;1
4818;PR5330;867;20210923;3;2;2;5;1;2;3;2;1
4819;PR5331;1041;20210923;5;5;1;3;3;4;1;0;1
4820;PR5332;1290;20210924;3;1;1;5;2;2;2;1;1
4821;PR5333;1266;20210924;2;1;2;4;3;3;2;0;1
4822;PR5334;727;20210925;2;3;4;2;2;2;2;2;1
4823;PR5335;1356;20210925;2;2;4;2;3;3;1;0;1
4824;PR5336;1099;20210925;2;1;3;2;1;2;1;1;1
4825;PR5337;554;20210925;5;3;5;1;2;3;1;2;1
4826;PR5338;396;20210926;2;3;2;1;1;2;1;0;1
4827;PR5339;52;20210926;3;2;5;3;3;4;1;3;1
4828;PR534;148;20150302;5;1;1;1;1;1;1;0;1
4829;PR5340;93;20210926;2;3;3;1;2;3;1;0;1
4830;PR5341;151;20210926;5;3;2;3;3;4;1;0;1
4831;PR5342;172;20210927;3;1;1;1;1;2;2;1;1
4832;PR5343;817;20210927;2;1;1;3;2;2;3;1;1
4833;PR5344;1430;20210927;5;3;3;5;2;2;1;3;1
4834;PR5345;1058;20210928;5;2;2;1;2;3;2;2;1
4835;PR5346;1327;20210928;2;5;5;1;3;3;3;1;1
4836;PR5347;534;20210929;5;2;3;5;1;2;1;0;1
4837;PR5348;119;20210930;5;5;1;2;3;4;1;0;1
4838;PR5349;1020;20210930;5;5;2;2;1;2;3;0;1
4839;PR535;1164;20150302;3;5;3;1;3;4;3;1;1
4840;PR5350;777;20210930;3;1;3;5;2;3;1;0;1
4841;PR5351;256;20210930;2;2;2;2;1;1;3;0;1
4842;PR5352;1005;20210930;3;1;5;5;2;2;3;0;1
4843;PR5353;224;20211002;2;2;2;5;2;2;1;0;1
4844;PR5354;746;20211003;3;5;1;3;3;4;3;0;1
4845;PR5355;636;20211003;3;1;2;5;3;4;1;0;1
4846;PR5356;1214;20211003;3;5;3;3;3;3;3;0;1
4847;PR5357;336;20211003;3;3;3;2;2;2;3;3;1
4848;PR5358;73;20211004;5;2;5;1;2;2;3;3;1
4849;PR5359;716;20211006;3;1;3;2;2;3;2;2;1
4850;PR536;1279;20150302;3;5;3;2;3;4;3;1;1
4851;PR5360;12;20211007;2;1;1;1;3;4;3;1;1
4852;PR5361;738;20211008;2;2;3;5;3;4;1;1;1
4853;PR5362;1361;20211008;3;5;1;1;3;4;2;1;1
4854;PR5363;751;20211008;2;2;5;5;1;1;1;2;1
4855;PR5364;1402;20211008;5;1;1;3;3;4;2;1;1
4856;PR5365;384;20211008;5;2;2;3;2;3;1;3;1
4857;PR5366;1323;20211008;5;3;3;5;1;2;1;0;1
4858;PR5367;671;20211009;3;5;1;5;3;4;1;0;1
4859;PR5368;820;20211011;3;2;5;5;1;2;1;1;1
4860;PR5369;1444;20211012;4;3;3;4;3;4;2;0;1
4861;PR537;918;20150302;5;5;3;5;2;3;3;1;1
4862;PR5370;225;20211013;3;1;4;1;3;3;2;2;1
4863;PR5371;583;20211013;4;2;1;3;3;3;3;1;1
4864;PR5372;106;20211013;4;1;3;2;1;2;1;1;1
4865;PR5373;140;20211014;2;3;3;5;3;3;2;1;1
4866;PR5374;201;20211014;3;5;5;3;3;4;1;2;1
4867;PR5375;531;20211014;5;3;2;5;3;4;2;1;1
4868;PR5376;799;20211014;5;1;3;2;3;3;3;0;1
4869;PR5377;280;20211015;3;1;3;2;2;3;1;1;1
4870;PR5378;388;20211016;5;2;1;3;1;2;2;2;1
4871;PR5379;951;20211016;2;5;5;5;1;1;1;2;1
4872;PR538;1353;20150303;2;5;1;2;2;2;3;2;1
4873;PR5380;1467;20211016;3;1;5;3;1;2;1;0;1
4874;PR5381;32;20211016;3;3;3;2;3;3;2;0;1
4875;PR5382;672;20211016;5;1;2;5;2;2;3;3;1
4876;PR5383;657;20211017;3;5;1;5;1;1;1;3;1
4877;PR5384;1066;20211017;5;3;2;1;2;3;3;0;1
4878;PR5385;392;20211018;2;5;5;3;2;3;1;1;1
4879;PR5386;648;20211019;5;2;3;1;3;4;2;0;1
4880;PR5387;1167;20211019;2;2;1;1;3;3;3;3;1
4881;PR5388;68;20211019;5;2;3;1;2;2;3;2;1
4882;PR5389;169;20211019;3;3;2;5;3;4;1;3;1
4883;PR539;1127;20150304;3;2;5;2;1;1;1;1;1
4884;PR5390;1110;20211019;2;5;5;3;3;4;2;1;1
4885;PR5391;760;20211020;3;1;5;2;1;2;3;2;1
4886;PR5392;1458;20211020;5;1;5;2;3;3;3;1;1
4887;PR5393;199;20211021;5;1;2;5;2;3;3;1;1
4888;PR5394;286;20211021;3;5;2;2;2;3;1;1;1
4889;PR5395;377;20211021;5;2;2;2;3;4;3;1;1
4890;PR5396;936;20211023;3;3;2;2;1;1;2;0;1
4891;PR5397;1261;20211023;3;2;5;2;2;2;1;0;1
4892;PR5398;516;20211023;3;1;5;3;2;2;3;2;1
4893;PR5399;265;20211024;2;2;3;2;3;4;2;3;1
4894;PR54;329;20130219;3;5;2;5;2;2;2;0;1
4895;PR540;1161;20150304;2;2;3;5;2;2;2;0;1
4896;PR5400;1179;20211024;3;1;5;3;3;4;1;2;1
4897;PR5401;1382;20211024;5;3;2;3;3;3;3;0;1
4898;PR5402;881;20211025;2;1;3;2;1;1;1;1;1
4899;PR5403;1195;20211025;2;2;5;5;3;4;2;0;1
4900;PR5404;728;20211025;2;5;1;3;1;2;2;3;1
4901;PR5405;1018;20211025;4;4;4;4;2;2;1;2;1
4902;PR5406;1021;20211025;3;3;2;2;1;2;3;0;1
4903;PR5407;221;20211026;3;2;2;4;3;3;2;0;1
4904;PR5408;1194;20211026;1;1;3;4;3;4;2;1;1
4905;PR5409;794;20211027;5;1;5;3;1;2;3;3;1
4906;PR541;1461;20150304;5;5;1;2;2;3;3;1;1
4907;PR5410;366;20211027;3;1;1;5;1;2;2;0;1
4908;PR5411;1448;20211027;5;5;5;3;1;2;2;1;1
4909;PR5412;892;20211028;2;3;1;5;2;2;3;0;1
4910;PR5413;811;20211028;5;3;1;1;2;3;1;0;1
4911;PR5414;597;20211028;5;1;1;2;2;2;2;3;1
4912;PR5415;276;20211029;3;5;3;3;3;3;1;0;1
4913;PR5416;574;20211030;2;1;1;2;3;4;2;1;1
4914;PR5417;55;20211030;3;1;1;3;3;3;3;3;1
4915;PR5418;709;20211030;3;5;3;1;3;4;3;1;1
4916;PR5419;1209;20211030;3;3;3;5;1;1;2;0;1
4917;PR542;16;20150304;5;1;3;2;1;1;3;2;1
4918;PR5420;1009;20211030;5;1;2;1;1;2;2;0;1
4919;PR5421;1101;20211031;2;5;1;5;2;3;3;2;1
4920;PR5422;1233;20211031;2;5;1;5;2;2;1;3;1
4921;PR5423;1358;20211101;5;5;3;5;3;3;3;2;1
4922;PR5424;13;20211101;3;3;3;3;2;2;2;0;1
4923;PR5425;729;20211102;3;3;2;2;2;3;1;0;1
4924;PR5426;1198;20211102;5;3;5;1;3;4;1;0;1
4925;PR5427;1276;20211103;3;2;5;3;2;2;1;1;1
4926;PR5428;321;20211103;2;3;5;1;2;3;1;1;1
4927;PR5429;239;20211103;2;1;1;1;3;3;3;0;1
4928;PR543;40;20150305;5;1;3;1;2;3;2;1;1
4929;PR5430;1362;20211104;3;2;1;5;3;3;2;0;1
4930;PR5431;208;20211104;5;1;2;3;2;2;1;1;1
4931;PR5432;846;20211104;2;1;3;3;1;2;3;1;1
4932;PR5433;1111;20211104;2;3;1;1;3;4;3;0;1
4933;PR5434;124;20211105;5;5;1;5;3;3;3;0;1
4934;PR5435;166;20211105;5;5;3;5;2;3;3;1;1
4935;PR5436;608;20211105;2;3;2;1;3;4;1;2;1
4936;PR5437;1162;20211105;3;5;2;1;2;3;2;1;1
4937;PR5438;360;20211105;3;5;3;1;2;2;3;1;1
4938;PR5439;1464;20211106;3;1;3;2;2;3;1;2;1
4939;PR544;99;20150306;2;5;2;5;3;3;1;2;1
4940;PR5440;426;20211106;2;3;1;3;1;2;1;1;1
4941;PR5441;1042;20211106;3;5;1;1;2;2;2;0;1
4942;PR5442;995;20211107;3;5;1;1;1;1;3;1;1
4943;PR5443;299;20211107;5;5;5;2;1;2;2;0;1
4944;PR5444;976;20211107;5;1;2;3;1;1;1;3;1
4945;PR5445;1089;20211108;3;2;2;1;1;2;1;0;1
4946;PR5446;961;20211108;4;2;4;4;1;1;3;0;1
4947;PR5447;1242;20211108;4;2;3;2;1;2;3;1;1
4948;PR5448;747;20211108;4;1;1;1;2;3;3;2;1
4949;PR5449;800;20211108;2;5;3;2;2;2;2;0;1
4950;PR545;138;20150306;2;1;1;5;1;2;1;0;1
4951;PR5450;858;20211108;5;2;1;1;1;2;1;2;1
4952;PR5451;904;20211108;5;5;5;3;3;3;3;0;1
4953;PR5452;449;20211109;5;2;3;1;1;1;3;1;1
4954;PR5453;341;20211110;5;5;3;3;2;2;1;3;1
4955;PR5454;1412;20211110;5;3;1;3;3;3;2;1;1
4956;PR5455;242;20211110;3;5;1;2;1;1;1;1;1
4957;PR5456;1443;20211111;5;2;2;3;2;3;3;0;1
4958;PR5457;1351;20211111;3;2;1;2;3;4;2;3;1
4959;PR5458;933;20211112;2;1;3;5;2;3;1;0;1
4960;PR5459;245;20211112;5;5;3;2;2;2;1;2;1
4961;PR546;461;20150306;2;5;2;1;3;3;2;1;1
4962;PR5460;853;20211113;2;1;2;3;2;2;3;1;1
4963;PR5461;382;20211114;4;2;3;3;1;2;2;0;1
4964;PR5462;173;20211114;3;2;3;1;1;2;3;2;1
4965;PR5463;1454;20211114;2;2;2;2;1;2;1;2;1
4966;PR5464;1189;20211115;4;4;4;4;3;3;3;3;1
4967;PR5465;1116;20211116;4;4;1;3;1;2;3;1;1
4968;PR5466;999;20211116;3;1;3;4;3;3;3;0;1
4969;PR5467;1107;20211117;1;4;4;4;2;2;3;0;1
4970;PR5468;438;20211117;2;1;4;1;2;3;3;2;1
4971;PR5469;718;20211117;5;1;3;2;2;2;2;2;1
4972;PR547;1010;20150306;5;2;1;5;3;4;3;1;1
4973;PR5470;748;20211118;5;2;1;2;1;1;2;2;1
4974;PR5471;750;20211118;2;1;5;3;2;3;1;1;1
4975;PR5472;924;20211118;3;1;1;1;3;4;1;1;1
4976;PR5473;54;20211119;3;2;1;3;1;2;2;2;1
4977;PR5474;735;20211119;5;5;5;2;2;3;1;1;1
4978;PR5475;1163;20211119;2;5;1;3;2;3;2;0;1
4979;PR5476;855;20211119;5;1;1;5;2;2;2;1;1
4980;PR5477;730;20211120;3;4;1;2;1;2;3;0;1
4981;PR5478;830;20211120;1;1;2;4;3;3;2;0;1
4982;PR5479;335;20211120;1;2;4;1;3;4;2;2;1
4983;PR548;762;20150307;3;1;2;1;2;3;3;3;1
4984;PR5480;1103;20211121;3;1;2;2;3;4;3;0;1
4985;PR5481;670;20211121;3;5;2;5;3;3;1;0;1
4986;PR5482;943;20211121;2;3;2;5;3;4;2;1;1
4987;PR5483;145;20211122;3;2;2;1;2;3;3;1;1
4988;PR5484;98;20211122;3;5;3;3;1;1;1;3;1
4989;PR5485;1104;20211123;5;5;2;5;3;3;2;0;1
4990;PR5486;1321;20211123;3;1;5;1;1;1;1;1;1
4991;PR5487;526;20211124;2;1;3;2;3;3;3;1;1
4992;PR5488;623;20211124;5;5;3;5;1;2;1;1;1
4993;PR5489;1426;20211124;3;2;2;1;3;3;3;3;1
4994;PR549;1256;20150307;2;2;2;3;2;2;2;2;1
4995;PR5490;587;20211124;2;2;1;2;2;3;2;1;1
4996;PR5491;314;20211125;2;3;1;5;3;3;1;0;1
4997;PR5492;116;20211126;2;1;1;5;1;2;1;2;1
4998;PR5493;413;20211127;3;1;3;2;1;2;1;0;1
4999;PR5494;253;20211127;5;3;2;2;3;4;1;0;1
5000;PR5495;625;20211127;5;3;1;3;3;4;3;0;1
5001;PR5496;1124;20211128;2;5;3;3;3;4;3;1;1
5002;PR5497;1015;20211128;5;1;5;5;3;3;3;1;1
5003;PR5498;238;20211129;2;2;5;5;1;2;1;0;1
5004;PR5499;900;20211130;2;1;1;1;3;3;1;0;1
5005;PR55;200;20130221;3;3;3;1;3;4;3;2;1
5006;PR550;1352;20150307;5;1;5;2;1;1;3;0;1
5007;PR5500;1394;20211130;3;2;3;2;3;4;2;0;1
5008;PR5501;408;20211201;3;2;5;2;1;2;1;1;1
5009;PR5502;619;20211201;5;5;3;5;2;3;2;2;1
5010;PR5503;1076;20211202;5;2;1;5;2;3;1;2;1
5011;PR5504;1277;20211202;5;3;1;3;2;2;2;2;1
5012;PR5505;972;20211202;5;2;2;1;3;4;3;0;1
5013;PR5506;334;20211204;2;1;5;1;2;2;3;2;1
5014;PR5507;948;20211204;3;5;5;2;1;1;1;2;1
5015;PR5508;1293;20211204;3;3;2;5;2;2;2;1;1
5016;PR5509;1206;20211204;5;3;2;1;2;2;2;1;1
5017;PR551;721;20150308;3;1;1;1;2;2;2;1;1
5018;PR5510;418;20211204;3;5;3;1;3;4;1;1;1
5019;PR5511;1133;20211206;5;3;2;3;1;1;3;2;1
5020;PR5512;161;20211206;2;1;3;1;3;4;3;0;1
5021;PR5513;511;20211207;3;2;2;3;3;3;2;0;1
5022;PR5514;1057;20211207;2;5;5;2;2;2;1;0;1
5023;PR5515;1265;20211207;2;1;2;3;2;2;2;2;1
5024;PR5516;582;20211208;5;1;3;5;1;1;3;2;1
5025;PR5517;504;20211208;5;1;2;3;2;2;3;2;1
5026;PR5518;1184;20211210;5;5;5;3;1;2;3;2;1
5027;PR5519;779;20211210;2;3;1;1;2;3;2;0;1
5028;PR552;1254;20150308;2;3;2;2;3;4;3;3;1
5029;PR5520;1129;20211210;3;1;3;2;1;2;1;1;1
5030;PR5521;468;20211211;5;1;3;3;2;2;2;2;1
5031;PR5522;1086;20211211;5;2;2;5;1;2;2;1;1
5032;PR5523;1331;20211212;5;5;2;1;1;2;2;1;1
5033;PR5524;1325;20211212;2;1;5;2;1;1;3;2;1
5034;PR5525;726;20211212;2;1;2;5;2;2;2;0;1
5035;PR5526;1071;20211212;5;1;2;5;3;4;2;2;1
5036;PR5527;861;20211213;2;5;2;3;2;2;3;1;1
5037;PR5528;58;20211214;3;1;2;1;1;2;1;1;1
5038;PR5529;1324;20211215;4;1;4;2;2;2;2;0;1
5039;PR553;664;20150308;3;5;1;5;2;2;1;1;1
5040;PR5530;883;20211215;1;4;4;1;1;2;3;2;1
5041;PR5531;320;20211215;1;1;2;1;1;2;2;0;1
5042;PR5532;1156;20211215;2;2;3;1;3;4;1;3;1
5043;PR5533;1291;20211216;3;1;1;5;1;1;3;0;1
5044;PR5534;895;20211216;3;3;1;3;2;2;1;0;1
5045;PR5535;879;20211217;5;1;1;1;2;3;2;3;1
5046;PR5536;801;20211217;5;5;2;3;3;3;3;0;1
5047;PR5537;1095;20211217;5;1;3;3;1;2;3;2;1
5048;PR5538;991;20211218;3;3;1;5;1;2;3;0;1
5049;PR5539;1272;20211218;5;5;3;2;1;1;2;1;1
5050;PR554;1311;20150308;3;5;5;5;1;1;1;0;1
5051;PR5540;680;20211218;2;1;5;5;1;1;2;1;1
5052;PR5541;1210;20211218;5;1;2;1;1;2;3;0;1
5053;PR5542;78;20211219;3;2;3;1;3;3;2;2;1
5054;PR5543;533;20211219;5;1;1;1;1;1;1;1;1
5055;PR5544;128;20211219;2;3;2;1;3;3;2;0;1
5056;PR5545;102;20211220;2;3;1;2;3;3;2;0;1
5057;PR5546;916;20211221;3;5;5;5;3;3;3;2;1
5058;PR5547;1432;20211221;5;1;3;3;3;4;2;1;1
5059;PR5548;38;20211221;2;3;1;3;1;2;1;1;1
5060;PR5549;945;20211221;2;2;1;5;2;3;1;0;1
5061;PR555;420;20150310;3;5;1;2;1;1;3;2;1
5062;PR5550;539;20211222;5;3;5;3;1;2;3;0;1
5063;PR5551;1329;20211223;3;2;1;2;3;4;2;3;1
5064;PR5552;579;20211223;3;3;3;1;3;3;1;1;1
5065;PR5553;1240;20211223;5;3;5;3;2;3;3;0;1
5066;PR5554;586;20211223;5;3;1;3;3;4;1;0;1
5067;PR5555;1029;20211223;5;2;3;3;2;3;2;2;1
5068;PR5556;163;20211223;5;1;1;3;2;3;1;2;1
5069;PR5557;567;20211223;3;3;1;1;2;2;3;2;1
5070;PR5558;654;20211223;5;1;1;1;1;2;2;0;1
5071;PR5559;942;20211223;5;1;1;2;3;4;3;0;1
5072;PR556;355;20150310;3;1;2;1;3;3;2;1;1
5073;PR5560;634;20211224;2;2;2;5;2;3;2;0;1
5074;PR5561;950;20211224;2;3;5;3;1;1;2;1;1
5075;PR5562;187;20211224;3;1;5;1;1;2;3;0;1
5076;PR5563;979;20211224;2;1;3;3;3;4;2;0;1
5077;PR5564;1004;20211224;5;1;1;5;2;3;2;0;1
5078;PR5565;431;20211225;5;1;5;5;1;1;2;0;1
5079;PR5566;1270;20211226;2;5;3;1;3;3;2;1;1
5080;PR5567;141;20211227;5;3;3;5;1;1;3;1;1
5081;PR5568;436;20211227;5;2;2;3;1;2;1;0;1
5082;PR5569;230;20211227;5;1;3;2;3;4;3;0;1
5083;PR557;997;20150311;3;5;5;3;3;4;3;0;1
5084;PR5570;22;20211228;5;1;3;3;3;3;3;1;1
5085;PR5571;667;20211229;3;1;3;5;1;2;3;1;1
5086;PR5572;971;20211229;2;3;2;5;1;1;3;1;1
5087;PR5573;194;20211229;5;2;2;3;2;3;2;2;1
5088;PR5574;1316;20211229;3;3;5;1;3;4;1;0;1
5089;PR5575;59;20211229;3;1;1;1;2;3;3;2;1
5090;PR5576;154;20211229;5;1;3;1;1;2;3;2;1
5091;PR5577;638;20211229;3;1;2;2;3;3;1;0;1
5092;PR5578;356;20211230;5;1;5;3;3;3;2;0;1
5093;PR5579;695;20211230;3;2;2;3;3;4;3;1;1
5094;PR558;417;20150312;2;2;3;5;3;3;3;3;1
5095;PR5580;696;20211231;2;2;5;3;3;4;1;0;1
5096;PR5581;362;20211231;5;2;5;5;3;4;2;3;1
5097;PR5582;755;20211231;3;1;5;5;2;2;2;3;1
5098;PR5583;1036;20211231;2;1;2;5;2;2;2;3;1
5099;PR5584;212;20211231;5;2;1;1;1;1;1;0;1
5100;PR5585;1040;20220101;2;3;3;5;1;1;1;1;1
5101;PR5586;1417;20220101;3;5;1;2;1;2;2;1;1
5102;PR5587;1112;20220101;5;3;3;5;1;1;1;2;1
5103;PR5588;1289;20220101;5;5;5;1;3;3;1;2;1
5104;PR5589;219;20220101;5;5;2;1;1;2;2;1;1
5105;PR559;1185;20150312;2;3;3;3;2;3;2;0;1
5106;PR5590;37;20220102;2;1;3;1;3;4;1;0;1
5107;PR5591;472;20220102;5;1;3;5;3;3;2;3;1
5108;PR5592;782;20220102;2;2;3;1;3;4;3;1;1
5109;PR5593;427;20220102;5;3;5;2;2;2;1;1;1
5110;PR5594;487;20220102;5;2;1;1;2;2;1;0;1
5111;PR5595;76;20220102;3;5;5;5;1;1;1;0;1
5112;PR5596;839;20220102;3;1;1;1;1;2;2;1;1
5113;PR5597;1094;20220103;2;5;1;3;3;4;2;0;1
5114;PR5598;122;20220104;2;2;5;1;3;3;1;0;1
5115;PR5599;29;20220104;5;3;2;2;1;1;3;1;1
5116;PR56;812;20130221;3;1;5;2;2;3;2;0;1
5117;PR560;614;20150314;5;2;5;1;2;2;2;1;1
5118;PR5600;117;20220104;3;2;3;2;2;2;3;1;1
5119;PR5601;1222;20220105;3;3;3;3;1;2;1;2;1
5120;PR5602;893;20220106;3;3;2;2;3;3;3;2;1
5121;PR5603;505;20220106;2;3;5;3;2;3;1;2;1
5122;PR5604;328;20220106;3;5;1;3;2;2;1;0;1
5123;PR5605;428;20220106;5;1;3;3;2;2;3;0;1
5124;PR5606;585;20220106;5;3;2;5;3;3;1;1;1
5125;PR5607;1106;20220107;5;5;1;5;1;1;1;2;1
5126;PR5608;694;20220107;5;2;1;2;3;4;3;0;1
5127;PR5609;372;20220107;5;5;5;5;3;3;1;1;1
5128;PR561;215;20150314;5;5;1;3;2;2;3;0;1
5129;PR5610;33;20220108;2;5;3;3;2;3;1;3;1
5130;PR5611;1422;20220108;5;5;2;2;3;4;2;0;1
5131;PR5612;312;20220108;3;2;1;3;2;2;1;2;1
5132;PR5613;1191;20220108;3;3;2;3;1;1;3;0;1
5133;PR5614;681;20220108;1;2;4;3;3;4;3;2;1
5134;PR5615;1445;20220108;1;4;2;3;2;3;3;2;1
5135;PR5616;808;20220108;3;2;2;2;2;3;3;1;1
5136;PR5617;679;20220109;2;1;5;1;3;4;1;1;1
5137;PR5618;865;20220109;3;3;3;3;2;3;3;0;1
5138;PR5619;687;20220110;3;1;3;3;3;3;3;3;1
5139;PR562;444;20150315;5;2;2;1;1;2;2;0;1
5140;PR5620;1355;20220110;2;3;2;2;1;1;3;2;1
5141;PR5621;841;20220110;5;2;1;2;1;1;1;0;1
5142;PR5622;498;20220110;3;1;1;5;1;1;1;1;1
5143;PR5623;1413;20220111;2;3;5;3;1;1;1;2;1
5144;PR5624;118;20220112;5;1;2;3;2;2;2;1;1
5145;PR5625;1187;20220112;2;3;2;1;2;2;3;1;1
5146;PR5626;1017;20220112;2;2;2;3;1;1;1;0;1
5147;PR5627;1171;20220112;3;3;2;2;1;2;1;1;1
5148;PR5628;1468;20220113;2;3;1;3;2;3;3;0;1
5149;PR5629;313;20220113;2;1;5;1;1;2;1;0;1
5150;PR563;712;20150315;3;2;1;3;2;2;3;2;1
5151;PR5630;1077;20220113;3;5;1;3;3;4;1;1;1
5152;PR5631;14;20220114;3;1;1;2;3;4;2;0;1
5153;PR5632;232;20220114;2;2;3;1;2;3;3;1;1
5154;PR5633;1158;20220114;2;3;2;5;3;4;3;0;1
5155;PR5634;1113;20220114;3;1;3;3;1;2;3;0;1
5156;PR5635;581;20220114;5;5;2;5;2;3;3;2;1
5157;PR5636;693;20220114;5;3;3;5;3;3;3;0;1
5158;PR5637;226;20220114;5;5;5;1;1;1;2;0;1
5159;PR5638;1028;20220115;2;2;5;3;3;4;2;1;1
5160;PR5639;641;20220115;2;2;1;3;2;3;3;2;1
5161;PR564;745;20150315;3;3;5;1;2;3;3;1;1
5162;PR5640;1370;20220115;3;3;3;3;1;1;3;2;1
5163;PR5641;290;20220116;1;4;1;4;3;3;3;3;1
5164;PR5642;787;20220116;1;3;1;1;3;4;2;2;1
5165;PR5643;798;20220116;1;3;1;4;3;4;2;0;1
5166;PR5644;631;20220116;2;1;4;4;1;2;2;0;1
5167;PR5645;725;20220116;3;1;1;2;3;4;1;2;1
5168;PR5646;652;20220117;3;2;5;2;1;2;1;0;1
5169;PR5647;1357;20220117;2;2;5;3;1;2;1;2;1
5170;PR5648;1249;20220117;2;2;1;1;3;4;3;2;1
5171;PR5649;626;20220117;3;2;5;3;2;3;2;0;1
5172;PR565;786;20150316;2;2;5;2;3;3;1;2;1
5173;PR5650;323;20220117;3;5;1;3;3;4;3;1;1
5174;PR5651;553;20220118;3;3;2;5;2;3;2;1;1
5175;PR5652;204;20220118;5;5;2;1;2;3;2;1;1
5176;PR5653;1207;20220118;5;1;3;5;2;3;3;0;1
5177;PR5654;666;20220118;2;1;1;5;1;1;3;1;1
5178;PR5655;30;20220119;2;2;5;5;2;2;1;0;1
5179;PR5656;1102;20220119;5;2;2;3;1;2;2;1;1
5180;PR5657;1452;20220119;2;1;5;5;2;2;3;2;1
5181;PR5658;385;20220120;3;5;1;1;1;1;3;3;1
5182;PR5659;724;20220120;5;2;3;3;1;1;2;1;1
5183;PR566;379;20150317;5;2;2;2;3;3;1;1;1
5184;PR5660;1436;20220120;2;2;5;5;3;3;3;0;1
5185;PR5661;1213;20220121;3;1;1;3;1;1;3;0;1
5186;PR5662;880;20220121;2;3;5;5;1;2;2;2;1
5187;PR5663;788;20220122;2;5;3;1;2;2;1;2;1
5188;PR5664;191;20220122;2;2;5;1;1;1;1;2;1
5189;PR5665;386;20220123;3;3;1;2;1;1;3;0;1
5190;PR5666;959;20220123;3;3;1;5;1;1;1;1;1
5191;PR5667;1301;20220123;5;3;2;2;2;3;3;0;1
5192;PR5668;1031;20220124;2;2;3;1;1;1;2;0;1
5193;PR5669;565;20220125;4;1;2;1;2;3;2;1;1
5194;PR567;463;20150317;3;3;3;1;1;1;2;1;1
5195;PR5670;1457;20220125;1;2;2;1;3;3;1;0;1
5196;PR5671;354;20220125;4;3;2;4;3;4;3;1;1
5197;PR5672;742;20220126;1;1;4;2;1;1;3;0;1
5198;PR5673;515;20220127;2;5;1;1;2;2;3;0;1
5199;PR5674;1319;20220127;3;3;1;1;1;1;2;1;1
5200;PR5675;1014;20220127;3;3;1;2;2;3;2;0;1
5201;PR5676;1035;20220127;5;3;2;5;1;2;2;0;1
5202;PR5677;862;20220128;3;2;2;2;2;2;2;0;1
5203;PR5678;24;20220128;3;1;3;5;3;4;2;0;1
5204;PR5679;216;20220128;2;3;3;3;2;3;1;3;1
5205;PR568;1190;20150318;3;3;3;2;1;1;1;0;1
5206;PR5680;658;20220129;5;3;1;5;2;3;3;0;1
5207;PR5681;1379;20220129;2;1;1;2;2;3;3;1;1
5208;PR5682;264;20220129;3;3;2;3;1;2;3;0;1
5209;PR5683;443;20220129;3;1;5;5;1;1;2;0;1
5210;PR5684;108;20220130;3;1;3;2;2;2;1;1;1
5211;PR5685;1032;20220131;2;1;1;2;1;2;3;1;1
5212;PR5686;1297;20220131;3;3;4;3;1;2;3;1;1
5213;PR5687;66;20220131;3;3;4;2;2;2;2;0;1
5214;PR5688;284;20220131;2;2;2;1;1;1;1;0;1
5215;PR5689;1001;20220131;5;5;5;3;3;3;3;0;1
5216;PR569;852;20150319;5;3;1;1;1;2;2;2;1
5217;PR5690;797;20220201;5;3;2;1;2;3;3;1;1
5218;PR5691;1237;20220201;2;2;2;1;2;2;1;1;1
5219;PR5692;186;20220201;5;1;1;3;3;4;2;0;1
5220;PR5693;848;20220201;2;5;3;5;3;4;1;0;1
5221;PR5694;1003;20220201;2;1;5;3;2;3;2;3;1
5222;PR5695;544;20220201;5;1;3;3;3;4;3;1;1
5223;PR5696;575;20220202;5;3;2;5;1;2;2;1;1
5224;PR5697;503;20220202;3;2;1;2;1;1;1;0;1
5225;PR5698;944;20220202;2;4;1;4;1;1;1;0;1
5226;PR5699;1380;20220202;2;3;2;3;1;1;3;1;1
5227;PR57;462;20130222;3;1;5;1;3;3;1;2;1
5228;PR570;1260;20150319;3;2;5;3;1;1;1;0;1
5229;PR5700;807;20220203;3;4;2;4;2;2;1;1;1
5230;PR5701;1400;20220203;2;3;2;2;1;2;1;1;1
5231;PR5702;975;20220203;5;3;1;3;3;4;1;1;1
5232;PR5703;1243;20220203;3;3;5;3;1;1;3;1;1
5233;PR5704;1055;20220203;2;1;3;3;2;2;2;2;1
5234;PR5705;1105;20220203;3;1;2;3;3;3;1;2;1
5235;PR5706;1006;20220203;3;3;5;3;1;1;2;1;1
5236;PR5707;383;20220203;5;5;1;2;3;3;1;1;1
5237;PR5708;1263;20220203;5;5;3;1;2;2;3;0;1
5238;PR5709;136;20220204;2;3;5;2;3;4;2;0;1
5239;PR571;1285;20150319;5;5;1;1;3;3;3;0;1
5240;PR5710;476;20220204;5;3;2;5;3;3;1;2;1
5241;PR5711;1225;20220204;2;5;1;1;3;4;2;1;1
5242;PR5712;132;20220205;3;1;2;2;2;2;3;2;1
5243;PR5713;522;20220205;2;3;5;2;1;1;1;0;1
5244;PR5714;338;20220206;5;1;5;3;2;2;2;0;1
5245;PR5715;495;20220206;2;3;1;2;1;2;2;1;1
5246;PR5716;1146;20220207;2;1;5;3;1;1;3;1;1
5247;PR5717;1374;20220207;2;3;1;1;1;1;2;0;1
5248;PR5718;1288;20220207;5;1;1;3;2;3;2;3;1
5249;PR5719;1059;20220207;5;5;1;3;2;3;2;0;1
5250;PR572;780;20150320;2;3;5;5;2;2;1;1;1
5251;PR5720;891;20220208;5;5;1;2;1;1;2;0;1
5252;PR5721;81;20220209;5;3;2;3;1;2;1;1;1
5253;PR5722;1025;20220209;3;2;2;3;3;3;1;0;1
5254;PR5723;501;20220209;2;3;2;3;2;3;1;1;1
5255;PR5724;1264;20220210;2;2;5;1;1;2;1;1;1
5256;PR5725;806;20220210;5;2;3;1;3;3;2;0;1
5257;PR5726;227;20220211;2;1;3;3;2;2;1;1;1
5258;PR5727;754;20220211;5;3;2;3;2;2;2;1;1
5259;PR5728;1013;20220211;5;1;2;1;2;2;3;0;1
5260;PR5729;715;20220211;3;1;1;5;2;2;1;1;1
5261;PR573;1300;20150323;3;3;3;3;1;2;2;2;1
5262;PR5730;572;20220212;3;2;5;1;2;2;1;3;1
5263;PR5731;79;20220212;2;2;1;1;3;3;3;1;1
5264;PR5732;310;20220212;5;5;5;3;1;1;2;0;1
5265;PR5733;610;20220212;2;5;1;2;2;2;3;2;1
5266;PR5734;984;20220212;2;3;1;5;1;1;2;0;1
5267;PR5735;85;20220213;5;1;1;3;1;1;2;1;1
5268;PR5736;482;20220213;3;1;1;3;2;3;3;2;1
5269;PR5737;514;20220214;5;5;3;1;3;4;1;0;1
5270;PR5738;857;20220214;3;2;5;2;2;2;1;0;1
5271;PR5739;1389;20220214;3;3;5;3;1;1;2;1;1
5272;PR574;331;20150324;2;5;1;3;1;1;1;1;1
5273;PR5740;1141;20220214;3;3;5;5;2;3;2;3;1
5274;PR5741;288;20220215;3;1;3;3;1;2;2;1;1
5275;PR5742;454;20220216;5;5;5;1;2;3;2;1;1
5276;PR5743;1056;20220216;5;5;1;1;2;2;1;0;1
5277;PR5744;1203;20220216;3;3;1;5;1;1;3;0;1
5278;PR5745;1378;20220216;3;3;5;1;1;1;3;1;1
5279;PR5746;484;20220218;5;2;2;2;2;3;3;2;1
5280;PR5747;200;20220219;2;2;2;5;1;2;3;2;1
5281;PR5748;812;20220219;5;1;2;5;1;1;3;2;1
5282;PR5749;1026;20220219;2;1;3;1;2;2;2;3;1
5283;PR575;1064;20150324;3;5;1;5;2;2;3;0;1
5284;PR5750;258;20220219;2;2;2;1;1;1;1;0;1
5285;PR5751;462;20220220;3;3;5;2;2;2;1;1;1
5286;PR5752;1435;20220220;3;2;2;5;2;2;3;3;1
5287;PR5753;1438;20220220;3;5;2;5;2;3;2;0;1
5288;PR5754;1178;20220220;2;2;2;2;2;2;1;1;1
5289;PR5755;1302;20220220;3;5;1;3;2;3;2;1;1
5290;PR5756;523;20220221;3;1;2;1;1;1;3;3;1
5291;PR5757;1308;20220221;5;2;5;1;3;4;3;0;1
5292;PR5758;789;20220221;2;3;3;3;1;2;2;0;1
5293;PR5759;1131;20220221;5;3;1;2;1;1;3;2;1
5294;PR576;1132;20150324;5;2;1;1;2;3;3;2;1
5295;PR5760;584;20220222;2;2;1;5;1;1;2;0;1
5296;PR5761;717;20220222;3;3;1;5;3;4;2;2;1
5297;PR5762;262;20220222;5;3;3;5;2;3;2;0;1
5298;PR5763;189;20220223;2;3;5;1;3;4;3;2;1
5299;PR5764;1090;20220224;2;1;5;3;1;1;3;0;1
5300;PR5765;683;20220224;5;5;3;5;2;3;1;2;1
5301;PR5766;1231;20220224;2;2;1;2;1;2;3;2;1
5302;PR5767;1262;20220224;2;1;3;1;1;1;2;2;1
5303;PR5768;297;20220225;3;5;1;2;3;4;3;0;1
5304;PR5769;152;20220225;5;5;2;1;3;4;3;0;1
5305;PR577;459;20150325;2;5;5;2;3;4;2;1;1
5306;PR5770;508;20220226;3;2;2;1;1;1;2;0;1
5307;PR5771;1335;20220226;5;1;2;3;1;2;1;1;1
5308;PR5772;80;20220226;5;3;2;1;3;3;1;1;1
5309;PR5773;5;20220227;2;3;5;2;2;2;3;0;1
5310;PR5774;678;20220227;3;5;1;2;1;1;3;1;1
5311;PR5775;686;20220227;3;1;3;3;2;3;3;1;1
5312;PR5776;644;20220227;2;2;3;1;2;3;2;1;1
5313;PR5777;749;20220227;2;2;5;3;2;3;3;1;1
5314;PR5778;148;20220228;2;5;3;1;2;3;2;1;1
5315;PR5779;1164;20220228;2;3;2;2;1;1;2;1;1
5316;PR578;744;20150325;5;2;5;1;3;4;2;2;1
5317;PR5780;1279;20220228;5;3;1;1;3;4;3;0;1
5318;PR5781;918;20220228;5;3;1;5;2;3;2;0;1
5319;PR5782;646;20220228;5;1;1;5;3;3;1;1;1
5320;PR5783;833;20220228;2;5;2;3;1;1;1;1;1
5321;PR5784;1306;20220228;5;1;5;1;2;3;2;1;1
5322;PR5785;1353;20220301;1;2;3;4;3;3;2;2;1
5323;PR5786;197;20220301;3;2;1;3;1;1;2;1;1
5324;PR5787;966;20220301;3;2;3;3;3;3;1;2;1
5325;PR5788;1072;20220301;2;2;1;1;2;3;1;0;1
5326;PR5789;1127;20220302;2;2;2;1;3;3;2;0;1
5327;PR579;759;20150326;2;2;5;5;3;4;2;2;1
5328;PR5790;1161;20220302;2;2;5;3;3;4;1;0;1
5329;PR5791;1461;20220302;5;5;1;1;1;2;3;0;1
5330;PR5792;16;20220302;2;3;5;1;2;3;2;2;1
5331;PR5793;19;20220302;3;5;5;2;3;4;2;0;1
5332;PR5794;40;20220303;2;3;5;3;2;2;1;1;1
5333;PR5795;520;20220303;2;2;1;5;3;3;2;1;1
5334;PR5796;655;20220303;2;5;1;3;1;2;2;0;1
5335;PR5797;350;20220303;5;1;5;1;1;1;1;2;1
5336;PR5798;896;20220303;5;3;3;2;1;1;1;0;1
5337;PR5799;99;20220304;3;2;2;5;1;2;1;0;1
5338;PR58;1435;20130222;5;2;1;3;2;3;2;1;1
5339;PR580;550;20150326;3;1;1;5;2;2;2;0;1
5340;PR5800;138;20220304;5;2;1;2;2;3;2;0;1
5341;PR5801;461;20220304;3;2;5;3;2;2;2;2;1
5342;PR5802;1010;20220304;3;3;3;3;3;4;1;2;1
5343;PR5803;395;20220304;3;5;5;5;1;1;3;1;1
5344;PR5804;302;20220304;3;5;3;5;2;3;2;1;1
5345;PR5805;762;20220305;2;1;3;5;2;2;2;3;1
5346;PR5806;1256;20220305;3;2;5;1;2;2;3;1;1
5347;PR5807;1352;20220305;3;5;2;1;1;2;1;0;1
5348;PR5808;973;20220305;2;5;2;2;3;3;2;0;1
5349;PR5809;1337;20220305;2;5;3;5;1;1;2;2;1
5350;PR581;563;20150328;5;5;3;2;3;3;3;1;1
5351;PR5810;967;20220305;2;2;5;2;2;3;3;0;1
5352;PR5811;721;20220306;2;3;5;5;2;3;2;0;1
5353;PR5812;1254;20220306;5;2;3;5;1;2;1;0;1
5354;PR5813;1311;20220306;2;1;5;5;1;2;3;1;1
5355;PR5814;547;20220306;5;5;5;1;1;2;1;1;1
5356;PR5815;478;20220306;2;2;1;3;3;4;3;1;1
5357;PR5816;1241;20220307;2;3;3;5;3;3;1;1;1
5358;PR5817;420;20220308;3;5;5;2;1;1;2;0;1
5359;PR5818;355;20220308;5;2;3;3;3;4;1;1;1
5360;PR5819;72;20220308;2;1;5;1;3;4;2;0;1
5361;PR582;403;20150328;5;3;2;1;1;1;1;1;1
5362;PR5820;164;20220308;5;3;5;5;3;3;2;0;1
5363;PR5821;997;20220309;5;2;5;5;2;3;1;1;1
5364;PR5822;1421;20220309;5;2;3;1;2;2;3;0;1
5365;PR5823;908;20220309;2;5;1;2;3;4;3;2;1
5366;PR5824;178;20220309;2;5;5;1;1;2;1;2;1
5367;PR5825;417;20220310;3;5;5;2;1;1;2;1;1
5368;PR5826;1185;20220310;2;1;1;2;1;2;1;3;1
5369;PR5827;295;20220310;5;1;3;2;3;3;3;1;1
5370;PR5828;499;20220311;3;1;2;3;1;2;3;1;1
5371;PR5829;614;20220312;5;2;1;5;3;3;2;0;1
5372;PR583;870;20150329;5;3;2;1;2;3;1;0;1
5373;PR5830;493;20220312;5;3;1;1;2;3;2;2;1
5374;PR5831;1024;20220312;5;1;3;5;3;4;3;1;1
5375;PR5832;444;20220313;2;3;5;2;1;1;1;2;1
5376;PR5833;712;20220313;3;2;1;5;1;1;1;0;1
5377;PR5834;745;20220313;3;2;2;1;2;2;2;0;1
5378;PR5835;546;20220313;3;2;2;1;3;3;1;1;1
5379;PR5836;326;20220313;2;1;1;5;1;1;3;1;1
5380;PR5837;937;20220314;3;2;4;4;3;3;3;2;1
5381;PR5838;1205;20220314;2;3;4;1;3;4;2;0;1
5382;PR5839;379;20220315;1;3;2;3;2;3;2;0;1
5383;PR584;6;20150330;2;1;3;5;2;2;1;0;1
5384;PR5840;463;20220315;1;3;2;1;2;2;3;0;1
5385;PR5841;1190;20220316;5;2;5;2;1;1;1;1;1
5386;PR5842;1027;20220316;3;5;1;5;3;4;1;1;1
5387;PR5843;469;20220316;2;2;3;5;1;2;2;1;1
5388;PR5844;852;20220317;5;2;3;3;1;1;2;1;1
5389;PR5845;1260;20220317;2;1;3;2;3;3;3;0;1
5390;PR5846;1285;20220317;3;2;3;1;3;3;3;0;1
5391;PR5847;349;20220317;5;5;1;3;3;4;2;2;1
5392;PR5848;780;20220318;5;5;1;2;1;2;1;0;1
5393;PR5849;877;20220318;5;2;5;3;3;3;3;1;1
5394;PR585;18;20150331;5;2;1;3;3;3;1;0;1
5395;PR5850;690;20220318;2;1;5;3;2;3;1;1;1
5396;PR5851;229;20220319;3;5;3;3;3;3;1;0;1
5397;PR5852;513;20220320;2;3;3;3;2;3;2;2;1
5398;PR5853;218;20220320;3;5;1;2;3;3;2;1;1
5399;PR5854;357;20220320;3;2;1;1;1;1;2;1;1
5400;PR5855;809;20220320;2;3;2;5;2;2;3;1;1
5401;PR5856;1300;20220321;2;5;5;1;1;2;1;1;1
5402;PR5857;1166;20220321;3;2;1;2;3;3;3;1;1
5403;PR5858;1310;20220321;3;2;1;1;1;1;1;3;1
5404;PR5859;331;20220322;1;3;4;3;3;4;2;2;1
5405;PR586;939;20150331;5;2;2;1;2;3;3;1;1
5406;PR5860;1064;20220322;1;3;1;1;1;1;3;0;1
5407;PR5861;1132;20220322;3;1;3;2;1;2;1;1;1
5408;PR5862;406;20220322;2;3;1;2;2;3;1;1;1
5409;PR5863;125;20220322;3;5;1;1;2;3;3;0;1
5410;PR5864;617;20220322;5;5;1;5;2;3;3;1;1
5411;PR5865;459;20220323;5;3;2;5;2;2;2;2;1
5412;PR5866;744;20220323;5;2;2;3;2;3;2;3;1
5413;PR5867;53;20220323;2;3;3;2;3;4;1;0;1
5414;PR5868;689;20220323;3;3;3;3;1;2;3;2;1
5415;PR5869;759;20220324;5;2;3;5;1;1;2;0;1
5416;PR587;1274;20150331;3;2;3;3;1;1;3;2;1
5417;PR5870;550;20220324;3;2;5;5;3;4;1;1;1
5418;PR5871;488;20220324;2;2;2;3;3;4;2;0;1
5419;PR5872;1332;20220324;2;5;2;1;3;3;1;0;1
5420;PR5873;545;20220325;3;5;3;3;1;1;3;0;1
5421;PR5874;1313;20220325;2;5;5;1;2;3;3;0;1
5422;PR5875;447;20220325;5;3;5;1;3;4;1;2;1
5423;PR5876;448;20220325;2;5;3;5;1;1;2;0;1
5424;PR5877;769;20220325;2;4;3;2;3;4;3;1;1
5425;PR5878;563;20220326;3;4;1;1;2;2;2;0;1
5426;PR5879;403;20220326;4;3;2;2;3;3;2;2;1
5427;PR588;813;20150401;3;3;1;1;1;2;3;0;1
5428;PR5880;949;20220326;2;5;1;1;1;2;1;3;1
5429;PR5881;1123;20220326;5;3;2;2;1;2;1;0;1
5430;PR5882;849;20220326;3;5;5;5;2;2;1;0;1
5431;PR5883;870;20220327;3;5;5;5;1;2;1;0;1
5432;PR5884;836;20220327;3;2;3;1;3;3;1;1;1
5433;PR5885;150;20220327;2;2;1;2;3;3;2;1;1
5434;PR5886;1002;20220327;4;1;4;3;1;2;1;0;1
5435;PR5887;6;20220328;4;1;1;1;2;2;3;0;1
5436;PR5888;1275;20220328;4;1;1;1;1;2;2;1;1
5437;PR5889;704;20220328;3;5;1;3;3;3;1;3;1
5438;PR589;156;20150402;5;2;1;1;1;1;1;0;1
5439;PR5890;18;20220329;5;3;3;3;3;4;3;1;1
5440;PR5891;793;20220329;3;3;5;5;1;1;3;0;1
5441;PR5892;1087;20220329;2;3;5;1;2;2;1;0;1
5442;PR5893;813;20220330;2;2;3;2;3;4;2;3;1
5443;PR5894;770;20220330;2;5;3;3;2;3;1;1;1
5444;PR5895;1122;20220330;2;3;3;1;2;3;1;0;1
5445;PR5896;927;20220330;5;5;1;5;3;4;3;0;1
5446;PR5897;1252;20220330;3;5;3;2;2;3;1;2;1
5447;PR5898;397;20220330;3;2;3;1;2;3;1;2;1
5448;PR5899;905;20220331;5;1;2;3;2;3;2;3;1
5449;PR59;1090;20130226;3;3;2;1;1;2;2;1;1
5450;PR590;1296;20150402;3;1;1;3;3;4;1;0;1
5451;PR5900;11;20220401;2;2;2;5;3;3;3;3;1
5452;PR5901;48;20220401;3;3;2;3;1;2;2;1;1
5453;PR5902;740;20220401;3;3;5;1;2;2;2;1;1
5454;PR5903;260;20220401;5;1;2;3;2;2;1;2;1
5455;PR5904;1045;20220402;5;2;5;1;1;2;1;0;1
5456;PR5905;34;20220402;5;2;1;3;1;1;1;0;1
5457;PR5906;131;20220402;3;5;3;1;3;3;1;1;1
5458;PR5907;1215;20220402;5;2;3;5;3;3;3;1;1
5459;PR5908;599;20220403;3;3;2;3;2;3;2;0;1
5460;PR5909;1030;20220403;5;2;1;1;3;3;1;1;1
5461;PR591;11;20150403;3;3;3;1;3;4;2;1;1
5462;PR5910;192;20220403;2;3;2;1;1;1;3;1;1
5463;PR5911;83;20220404;3;1;3;1;3;3;1;0;1
5464;PR5912;147;20220404;2;2;3;3;3;4;1;1;1
5465;PR5913;322;20220404;3;4;4;2;1;2;2;1;1
5466;PR5914;1144;20220404;2;4;3;3;1;1;2;0;1
5467;PR5915;44;20220405;4;3;2;3;2;2;3;0;1
5468;PR5916;1371;20220405;2;3;5;3;3;4;3;3;1
5469;PR5917;606;20220405;2;5;3;1;2;3;2;1;1
5470;PR5918;843;20220407;3;5;2;3;2;3;3;0;1
5471;PR5919;251;20220407;2;1;2;2;3;3;1;1;1
5472;PR592;48;20150403;5;2;5;3;3;4;3;0;1
5473;PR5920;998;20220408;5;2;2;3;1;1;2;2;1
5474;PR5921;467;20220408;2;1;2;2;3;3;1;0;1
5475;PR5922;803;20220408;3;2;3;3;2;3;2;1;1
5476;PR5923;568;20220408;3;1;1;2;3;4;1;2;1
5477;PR5924;630;20220408;3;5;1;1;2;3;3;0;1
5478;PR5925;986;20220409;3;1;1;3;1;1;2;1;1
5479;PR5926;1403;20220409;2;3;2;5;2;2;1;1;1
5480;PR5927;774;20220409;3;2;3;5;3;4;1;1;1
5481;PR5928;70;20220409;3;2;2;1;3;4;3;2;1
5482;PR5929;137;20220410;2;1;2;4;3;3;3;0;1
5483;PR593;1045;20150404;3;3;5;1;2;2;1;0;1
5484;PR5930;157;20220410;2;1;2;2;1;2;2;1;1
5485;PR5931;409;20220410;2;5;1;2;3;4;3;1;1
5486;PR5932;1238;20220410;5;1;1;2;3;4;1;2;1
5487;PR5933;815;20220410;3;5;5;1;1;2;1;0;1
5488;PR5934;465;20220411;5;2;1;3;3;4;3;1;1
5489;PR5935;926;20220411;5;1;5;5;2;2;2;0;1
5490;PR5936;198;20220411;2;5;2;5;3;4;1;1;1
5491;PR5937;753;20220411;2;2;1;5;3;3;2;1;1
5492;PR5938;1128;20220412;5;2;1;1;1;2;2;0;1
5493;PR5939;1173;20220412;5;2;5;1;3;3;1;1;1
5494;PR594;83;20150406;3;3;5;5;1;2;3;1;1
5495;PR5940;529;20220412;2;3;1;2;1;2;2;1;1
5496;PR5941;1377;20220413;5;3;1;5;2;2;2;3;1
5497;PR5942;714;20220413;2;3;5;2;2;3;1;0;1
5498;PR5943;1181;20220413;3;5;1;5;1;2;3;1;1
5499;PR5944;969;20220414;3;1;2;2;2;3;3;1;1
5500;PR5945;421;20220414;2;2;3;2;2;2;1;0;1
5501;PR5946;702;20220415;5;1;3;2;1;1;1;1;1
5502;PR5947;1117;20220415;5;2;3;3;1;2;1;1;1
5503;PR5948;850;20220415;5;3;5;2;3;4;3;2;1
5504;PR5949;1034;20220415;3;5;5;1;1;2;3;1;1
5505;PR595;147;20150406;5;3;3;2;3;4;3;1;1
5506;PR5950;536;20220416;2;1;3;2;2;3;2;2;1
5507;PR5951;422;20220416;2;1;1;2;1;1;2;2;1
5508;PR5952;103;20220416;2;2;3;5;3;4;3;0;1
5509;PR5953;600;20220416;2;1;5;5;3;3;2;1;1
5510;PR5954;964;20220417;5;5;3;2;3;4;2;0;1
5511;PR5955;885;20220417;5;5;2;1;3;3;1;2;1
5512;PR5956;561;20220417;3;3;2;2;1;2;1;0;1
5513;PR5957;633;20220417;3;5;3;1;1;1;2;1;1
5514;PR5958;1376;20220417;3;5;3;2;3;4;1;0;1
5515;PR5959;1463;20220418;3;2;1;1;3;3;2;2;1
5516;PR596;322;20150406;5;1;2;1;1;1;1;2;1
5517;PR5960;259;20220418;2;2;1;2;2;2;1;1;1
5518;PR5961;165;20220418;5;5;3;3;3;4;2;1;1
5519;PR5962;1130;20220419;2;1;5;2;3;3;1;1;1
5520;PR5963;1091;20220419;2;5;3;5;2;3;1;0;1
5521;PR5964;528;20220419;2;1;5;1;1;2;1;1;1
5522;PR5965;838;20220420;5;5;2;5;2;3;3;3;1
5523;PR5966;1441;20220420;3;2;2;5;3;4;1;2;1
5524;PR5967;359;20220421;5;5;2;2;3;3;3;2;1
5525;PR5968;1295;20220421;3;2;3;1;2;2;3;0;1
5526;PR5969;661;20220421;2;3;5;5;2;3;1;0;1
5527;PR597;44;20150407;3;1;5;5;2;2;1;0;1
5528;PR5970;974;20220421;3;1;1;5;3;4;2;1;1
5529;PR5971;1320;20220421;5;2;5;1;2;2;2;1;1
5530;PR5972;415;20220422;2;2;2;3;3;3;2;1;1
5531;PR5973;826;20220422;3;1;1;2;2;2;3;1;1
5532;PR5974;1234;20220422;5;1;2;2;3;4;1;0;1
5533;PR5975;566;20220422;5;5;3;2;3;4;1;0;1
5534;PR5976;460;20220423;3;1;1;1;2;2;2;0;1
5535;PR5977;923;20220423;3;2;3;1;2;2;2;1;1
5536;PR5978;207;20220423;3;5;5;2;1;2;2;0;1
5537;PR5979;828;20220423;3;2;5;3;3;4;1;2;1
5538;PR598;274;20150407;2;5;5;3;2;2;1;0;1
5539;PR5980;917;20220424;2;1;2;3;1;2;2;0;1
5540;PR5981;36;20220424;2;5;1;3;1;1;1;2;1
5541;PR5982;723;20220424;3;5;2;3;2;3;3;1;1
5542;PR5983;613;20220424;3;1;3;1;1;1;2;1;1
5543;PR5984;184;20220425;5;1;2;2;1;1;1;1;1
5544;PR5985;869;20220425;4;1;1;3;1;2;2;1;1
5545;PR5986;890;20220425;4;4;3;2;1;2;2;2;1
5546;PR5987;1217;20220426;4;2;2;1;3;3;1;3;1
5547;PR5988;414;20220426;3;1;1;5;2;2;3;0;1
5548;PR5989;713;20220426;3;5;5;5;2;2;2;1;1
5549;PR599;843;20150409;2;3;2;5;2;2;1;0;1
5550;PR5990;160;20220427;3;1;3;3;1;1;1;0;1
5551;PR5991;1253;20220427;3;2;1;3;1;1;1;1;1
5552;PR5992;1375;20220427;3;3;1;1;1;1;2;1;1
5553;PR5993;1390;20220427;2;3;2;1;2;2;1;0;1
5554;PR5994;31;20220427;5;2;3;1;2;2;1;2;1
5555;PR5995;439;20220427;2;3;5;1;3;4;1;0;1
5556;PR5996;707;20220427;3;5;1;1;2;2;1;1;1
5557;PR5997;1138;20220428;2;2;2;1;3;3;1;2;1
5558;PR5998;537;20220428;2;2;1;2;1;1;1;1;1
5559;PR5999;911;20220429;5;3;2;5;2;3;2;0;1
5560;PR60;188;20130226;2;2;1;1;2;2;3;0;1
5561;PR600;998;20150410;3;3;1;3;2;2;3;2;1
5562;PR6000;1211;20220429;2;2;1;1;1;1;2;2;1
5563;PR6001;270;20220429;5;5;5;5;2;2;3;1;1
5564;PR6002;308;20220429;5;3;1;3;3;4;2;3;1
5565;PR6003;489;20220429;3;2;3;1;3;4;3;0;1
5566;PR6004;289;20220430;5;5;1;3;1;2;3;1;1
5567;PR6005;1008;20220430;5;1;1;2;1;1;3;0;1
5568;PR6006;296;20220430;3;2;3;1;2;3;2;3;1
5569;PR6007;710;20220430;3;2;2;2;1;2;3;0;1
5570;PR6008;133;20220501;2;3;2;5;1;1;3;1;1
5571;PR6009;512;20220501;5;5;5;2;1;2;1;2;1
5572;PR601;467;20150410;3;1;1;5;1;2;2;2;1
5573;PR6010;1202;20220502;5;3;5;5;2;2;3;0;1
5574;PR6011;491;20220502;3;2;5;5;1;2;1;2;1
5575;PR6012;1053;20220502;2;2;5;1;2;3;2;1;1
5576;PR6013;127;20220503;3;1;1;2;3;4;3;1;1
5577;PR6014;981;20220503;5;2;3;2;3;3;2;2;1
5578;PR6015;1367;20220503;3;2;3;3;1;2;1;1;1
5579;PR6016;1450;20220503;2;1;1;4;3;4;1;0;1
5580;PR6017;1466;20220504;2;3;2;2;2;2;2;0;1
5581;PR6018;1401;20220504;3;2;3;5;3;3;3;0;1
5582;PR6019;109;20220504;3;2;2;2;2;2;3;3;1
5583;PR602;986;20150411;2;3;2;5;2;3;2;2;1
5584;PR6020;257;20220505;5;2;5;1;3;3;1;0;1
5585;PR6021;57;20220505;5;3;3;2;1;1;3;1;1
5586;PR6022;1201;20220505;3;1;2;1;3;4;1;3;1
5587;PR6023;1341;20220506;2;5;2;2;1;2;1;3;1
5588;PR6024;282;20220506;3;5;5;3;1;2;1;1;1
5589;PR6025;234;20220507;2;3;5;3;3;4;3;2;1
5590;PR6026;616;20220507;3;5;2;1;3;3;3;1;1
5591;PR6027;517;20220507;2;1;1;1;2;3;2;0;1
5592;PR6028;391;20220508;5;5;3;5;1;1;3;1;1
5593;PR6029;425;20220508;3;5;3;3;2;3;2;0;1
5594;PR603;711;20150411;3;1;2;3;2;2;1;1;1
5595;PR6030;1411;20220508;3;2;1;3;3;3;1;0;1
5596;PR6031;1305;20220509;5;3;3;1;1;2;2;1;1
5597;PR6032;233;20220509;2;5;1;1;3;4;1;0;1
5598;PR6033;941;20220510;2;1;2;1;1;1;3;0;1
5599;PR6034;1259;20220510;5;1;5;5;1;2;3;0;1
5600;PR6035;1440;20220510;5;3;5;2;1;2;1;0;1
5601;PR6036;171;20220511;5;2;1;2;3;4;1;0;1
5602;PR6037;363;20220511;2;5;2;3;1;2;2;0;1
5603;PR6038;932;20220511;3;2;1;3;3;4;2;1;1
5604;PR6039;1149;20220512;1;3;4;3;3;4;2;2;1
5605;PR604;137;20150412;2;1;1;3;3;4;1;2;1
5606;PR6040;1084;20220512;1;1;4;3;1;1;3;0;1
5607;PR6041;1067;20220512;3;2;1;3;3;3;3;0;1
5608;PR6042;185;20220513;1;2;1;4;2;2;1;2;1
5609;PR6043;909;20220513;2;3;2;2;3;4;1;1;1
5610;PR6044;731;20220513;2;2;3;2;1;1;3;0;1
5611;PR6045;1140;20220513;5;1;3;1;2;3;1;0;1
5612;PR6046;1363;20220513;2;3;1;1;3;3;1;0;1
5613;PR6047;1280;20220514;3;3;2;1;3;4;3;0;1
5614;PR6048;167;20220514;2;3;3;3;3;3;1;1;1
5615;PR6049;1328;20220514;2;2;3;1;3;4;3;1;1
5616;PR605;157;20150412;2;5;5;3;1;1;3;1;1
5617;PR6050;570;20220514;2;3;1;1;1;1;2;2;1
5618;PR6051;61;20220515;2;3;1;5;3;4;3;0;1
5619;PR6052;899;20220515;2;1;5;3;2;3;1;1;1
5620;PR6053;591;20220515;2;3;2;5;2;2;3;0;1
5621;PR6054;223;20220515;2;1;1;5;2;2;1;1;1
5622;PR6055;250;20220515;2;5;3;2;1;2;1;0;1
5623;PR6056;629;20220515;3;5;2;3;3;3;3;2;1
5624;PR6057;348;20220515;2;5;5;5;1;1;3;1;1
5625;PR6058;886;20220516;5;2;5;2;3;3;1;1;1
5626;PR6059;1447;20220516;2;2;2;1;3;3;2;0;1
5627;PR606;409;20150412;2;2;5;5;3;4;3;3;1
5628;PR6060;213;20220517;2;2;3;1;1;2;3;2;1
5629;PR6061;318;20220517;3;5;1;1;1;2;3;0;1
5630;PR6062;332;20220517;3;3;1;3;3;4;2;0;1
5631;PR6063;435;20220518;3;3;2;5;1;1;2;0;1
5632;PR6064;456;20220518;5;2;2;3;3;4;1;0;1
5633;PR6065;915;20220518;5;2;1;2;3;4;2;2;1
5634;PR6066;1082;20220518;2;5;5;2;3;4;1;1;1
5635;PR6067;412;20220518;5;3;1;1;2;2;3;0;1
5636;PR6068;837;20220518;5;3;5;2;2;2;2;1;1
5637;PR6069;1145;20220518;5;1;5;3;2;2;3;2;1
5638;PR607;465;20150413;5;5;3;2;2;2;2;0;1
5639;PR6070;823;20220519;2;5;2;5;3;4;3;1;1
5640;PR6071;659;20220519;2;5;2;2;1;2;2;3;1
5641;PR6072;1349;20220519;3;2;3;3;2;2;1;1;1
5642;PR6073;4;20220520;4;2;3;1;2;2;3;2;1
5643;PR6074;510;20220520;1;2;3;2;2;3;3;1;1
5644;PR6075;144;20220521;4;2;4;3;2;3;1;2;1
5645;PR6076;776;20220522;2;1;3;3;2;2;3;2;1
5646;PR6077;387;20220522;4;3;4;3;2;3;3;0;1
5647;PR6078;1074;20220522;5;3;1;2;1;2;1;1;1
5648;PR6079;741;20220522;2;2;3;1;3;3;1;1;1
5649;PR608;926;20150413;5;3;1;2;1;1;2;0;1
5650;PR6080;162;20220522;3;3;5;5;2;2;2;0;1
5651;PR6081;324;20220522;3;3;2;1;3;3;1;0;1
5652;PR6082;1287;20220522;4;2;3;1;1;1;3;1;1
5653;PR6083;450;20220522;2;4;3;4;3;3;1;1;1
5654;PR6084;621;20220522;3;1;2;1;3;4;2;0;1
5655;PR6085;910;20220522;3;2;2;5;2;2;3;1;1
5656;PR6086;41;20220523;2;2;3;1;3;4;3;0;1
5657;PR6087;92;20220523;3;2;5;5;2;2;2;1;1
5658;PR6088;1366;20220523;5;5;3;3;1;2;3;1;1
5659;PR6089;875;20220524;2;1;1;3;1;2;1;0;1
5660;PR609;1128;20150414;5;1;2;2;2;2;3;3;1
5661;PR6090;209;20220524;2;2;3;1;1;1;1;0;1
5662;PR6091;492;20220524;3;3;4;1;1;2;1;3;1
5663;PR6092;1081;20220524;4;3;3;4;3;4;1;2;1
5664;PR6093;1248;20220525;2;1;4;1;2;3;3;0;1
5665;PR6094;240;20220525;3;4;1;4;3;3;2;0;1
5666;PR6095;390;20220525;1;2;2;3;3;3;3;0;1
5667;PR6096;272;20220526;3;1;4;4;2;3;3;0;1
5668;PR6097;1405;20220526;1;3;3;2;3;3;2;0;1
5669;PR6098;411;20220526;2;3;1;2;2;3;3;0;1
5670;PR6099;339;20220526;2;3;2;2;1;2;3;1;1
5671;PR61;297;20130227;3;3;2;5;2;3;3;0;1
5672;PR610;1173;20150414;2;5;2;1;2;3;3;1;1
5673;PR6100;43;20220527;5;3;5;1;3;4;3;3;1
5674;PR6101;1093;20220528;3;3;1;3;3;3;3;0;1
5675;PR6102;1284;20220528;3;3;2;5;1;1;3;1;1
5676;PR6103;618;20220528;2;1;5;2;1;2;3;2;1
5677;PR6104;662;20220528;3;2;1;2;2;3;2;0;1
5678;PR6105;814;20220529;2;2;2;3;2;3;1;1;1
5679;PR6106;217;20220529;3;2;1;2;2;2;1;3;1
5680;PR6107;576;20220530;3;5;3;3;2;3;2;0;1
5681;PR6108;1419;20220530;3;5;5;1;2;2;2;1;1
5682;PR6109;676;20220530;3;2;2;5;2;3;2;2;1
5683;PR611;529;20150414;3;1;5;3;1;2;1;1;1
5684;PR6110;273;20220530;5;3;1;5;2;3;3;1;1
5685;PR6111;1460;20220530;2;3;3;2;1;1;3;2;1
5686;PR6112;1381;20220530;5;3;3;1;3;4;3;0;1
5687;PR6113;1023;20220531;2;1;1;3;3;4;3;0;1
5688;PR6114;589;20220531;3;3;5;5;2;3;3;0;1
5689;PR6115;767;20220531;3;3;5;2;3;4;3;2;1
5690;PR6116;1408;20220531;2;3;5;2;3;4;2;0;1
5691;PR6117;535;20220531;3;5;3;2;3;3;1;0;1
5692;PR6118;319;20220601;3;3;3;5;2;3;2;0;1
5693;PR6119;77;20220602;5;2;1;3;2;2;3;0;1
5694;PR612;1377;20150415;5;1;1;5;1;1;1;0;1
5695;PR6120;42;20220603;5;2;5;2;3;3;2;1;1
5696;PR6121;887;20220604;2;1;5;5;3;3;2;0;1
5697;PR6122;1068;20220604;3;2;3;2;3;3;1;2;1
5698;PR6123;1278;20220605;4;1;2;1;2;2;1;2;1
5699;PR6124;637;20220605;4;1;1;2;3;4;3;1;1
5700;PR6125;1168;20220605;2;4;3;1;2;3;2;0;1
5701;PR6126;996;20220605;2;1;5;2;1;1;3;0;1
5702;PR6127;1420;20220605;2;2;1;2;2;3;1;1;1
5703;PR6128;902;20220605;2;5;2;5;3;4;3;2;1
5704;PR6129;1208;20220606;2;1;2;3;2;2;3;2;1
5705;PR613;714;20150415;2;5;1;1;2;3;3;1;1
5706;PR6130;248;20220606;3;5;2;2;2;3;3;1;1
5707;PR6131;1342;20220606;2;3;2;3;1;1;2;3;1
5708;PR6132;1418;20220607;2;2;3;2;2;3;1;1;1
5709;PR6133;89;20220607;1;1;3;2;3;4;3;1;1
5710;PR6134;410;20220607;3;4;3;2;1;1;3;1;1
5711;PR6135;732;20220607;3;3;3;1;3;3;2;1;1
5712;PR6136;1050;20220608;5;1;3;5;2;3;3;1;1
5713;PR6137;1219;20220608;5;3;5;5;2;3;2;1;1
5714;PR6138;1245;20220608;3;1;2;3;3;4;3;0;1
5715;PR6139;785;20220609;3;3;5;2;3;4;2;0;1
5716;PR614;1181;20150415;3;1;5;1;1;1;2;0;1
5717;PR6140;153;20220609;3;2;2;2;2;2;3;1;1
5718;PR6141;327;20220609;5;1;5;3;2;2;3;2;1
5719;PR6142;1269;20220610;3;2;3;5;1;2;2;0;1
5720;PR6143;677;20220610;2;5;2;3;1;1;3;2;1
5721;PR6144;1338;20220611;5;5;2;5;3;3;1;1;1
5722;PR6145;1294;20220612;3;1;1;2;3;3;1;1;1
5723;PR6146;340;20220613;2;3;5;1;3;4;1;0;1
5724;PR6147;1348;20220613;1;1;1;3;3;4;3;0;1
5725;PR6148;947;20220613;4;1;1;2;3;4;3;2;1
5726;PR6149;1054;20220613;1;3;2;2;2;3;3;3;1
5727;PR615;702;20150417;3;3;2;3;2;3;1;2;1
5728;PR6150;588;20220613;3;5;2;1;1;1;2;3;1
5729;PR6151;195;20220613;5;1;5;5;3;3;1;0;1
5730;PR6152;471;20220614;5;5;5;3;1;1;2;3;1
5731;PR6153;49;20220614;5;2;2;2;3;4;1;0;1
5732;PR6154;142;20220614;5;5;1;3;3;4;1;0;1
5733;PR6155;1212;20220614;3;1;5;1;1;2;2;0;1
5734;PR6156;962;20220615;4;4;2;3;3;4;1;3;1
5735;PR6157;445;20220615;4;1;4;2;3;4;3;2;1
5736;PR6158;181;20220616;4;2;4;1;2;3;1;1;1
5737;PR6159;477;20220616;5;2;2;2;2;3;2;1;1
5738;PR616;1117;20150417;5;1;1;2;1;2;2;0;1
5739;PR6160;653;20220616;2;5;5;3;3;3;2;0;1
5740;PR6161;203;20220616;5;2;2;5;2;3;2;0;1
5741;PR6162;1051;20220616;5;2;5;5;1;1;3;2;1
5742;PR6163;1134;20220616;5;3;1;5;3;3;2;0;1
5743;PR6164;660;20220616;3;1;1;3;1;2;1;1;1
5744;PR6165;2;20220617;2;3;5;3;2;2;3;0;1
5745;PR6166;818;20220617;2;5;3;2;3;4;2;1;1
5746;PR6167;3;20220618;3;5;5;3;2;2;1;2;1
5747;PR6168;1079;20220620;2;1;3;2;2;3;2;0;1
5748;PR6169;475;20220620;2;5;3;1;2;2;2;1;1
5749;PR617;536;20150418;2;1;2;5;3;3;3;2;1
5750;PR6170;1395;20220620;2;1;2;1;3;3;2;0;1
5751;PR6171;263;20220621;5;3;5;5;3;4;1;0;1
5752;PR6172;236;20220621;3;3;3;2;2;3;2;0;1
5753;PR6173;344;20220622;3;1;2;5;3;4;3;0;1
5754;PR6174;778;20220622;2;3;1;3;2;3;2;0;1
5755;PR6175;479;20220622;2;3;1;3;3;4;1;0;1
5756;PR6176;884;20220622;2;5;3;1;2;2;1;1;1
5757;PR6177;206;20220622;5;5;5;1;1;2;2;1;1
5758;PR6178;452;20220622;2;5;3;3;2;2;2;1;1
5759;PR6179;871;20220623;5;5;5;1;2;3;3;1;1
5760;PR618;422;20150418;2;2;3;5;3;3;2;1;1
5761;PR6180;842;20220623;5;1;2;5;2;2;2;1;1
5762;PR6181;874;20220623;2;1;1;2;2;3;1;2;1
5763;PR6182;953;20220624;5;5;2;1;2;2;1;3;1
5764;PR6183;432;20220625;2;1;1;3;2;2;3;0;1
5765;PR6184;1344;20220625;3;1;1;2;3;3;3;1;1
5766;PR6185;733;20220625;5;5;3;2;1;2;1;2;1
5767;PR6186;1416;20220625;1;4;1;1;1;1;1;1;1
5768;PR6187;650;20220625;3;1;4;2;3;3;3;1;1
5769;PR6188;298;20220626;1;4;4;3;1;1;1;1;1
5770;PR6189;211;20220626;2;1;1;1;2;3;3;1;1
5771;PR619;1463;20150420;2;3;5;2;1;1;1;0;1
5772;PR6190;946;20220626;5;5;2;1;2;3;3;1;1
5773;PR6191;1097;20220627;2;1;2;3;1;2;3;2;1
5774;PR6192;1114;20220627;2;3;3;3;1;1;3;3;1
5775;PR6193;293;20220627;5;5;5;3;3;3;3;0;1
5776;PR6194;249;20220628;5;2;3;1;1;2;3;1;1
5777;PR6195;1315;20220628;2;1;1;4;2;3;3;0;1
5778;PR6196;968;20220628;1;4;4;4;2;2;2;1;1
5779;PR6197;622;20220629;4;1;4;4;1;2;1;3;1
5780;PR6198;1224;20220629;5;2;3;3;2;2;1;0;1
5781;PR6199;668;20220629;3;3;5;1;2;3;2;0;1
5782;PR62;508;20130228;2;1;3;1;2;2;3;0;1
5783;PR620;1130;20150421;2;1;1;1;3;4;1;1;1
5784;PR6200;1092;20220629;5;3;5;1;1;1;2;0;1
5785;PR6201;989;20220629;3;3;2;1;3;4;3;0;1
5786;PR6202;429;20220630;3;3;2;5;2;3;3;1;1
5787;PR6203;496;20220630;5;1;3;3;2;2;1;1;1
5788;PR6204;1456;20220630;5;5;3;1;2;2;2;2;1
5789;PR6205;541;20220630;3;3;2;1;3;3;2;1;1
5790;PR6206;1333;20220630;3;1;2;5;3;4;2;3;1
5791;PR6207;1317;20220630;5;1;1;2;3;3;1;2;1
5792;PR6208;101;20220630;3;3;2;2;2;2;1;2;1
5793;PR6209;304;20220701;3;3;2;5;2;2;3;0;1
5794;PR621;838;20150422;5;3;1;2;2;3;2;0;1
5795;PR6210;1439;20220702;3;3;3;3;2;2;1;0;1
5796;PR6211;63;20220703;2;1;2;3;2;2;2;0;1
5797;PR6212;938;20220703;5;1;2;3;2;2;1;2;1
5798;PR6213;271;20220704;3;2;5;1;1;1;3;0;1
5799;PR6214;470;20220704;5;5;3;3;3;3;3;0;1
5800;PR6215;507;20220704;3;3;5;3;3;4;2;1;1
5801;PR6216;612;20220704;2;3;5;1;2;3;3;0;1
5802;PR6217;1183;20220704;5;3;3;5;2;3;3;1;1
5803;PR6218;368;20220705;3;2;1;2;3;4;1;1;1
5804;PR6219;1115;20220705;3;2;2;5;3;4;3;0;1
5805;PR622;359;20150423;2;1;5;5;1;2;3;2;1
5806;PR6220;965;20220705;3;3;5;3;2;3;2;2;1
5807;PR6221;685;20220706;5;5;3;5;1;2;3;1;1
5808;PR6222;791;20220707;3;2;5;2;1;2;1;0;1
5809;PR6223;990;20220707;2;1;3;3;3;4;2;0;1
5810;PR6224;87;20220707;5;2;1;3;2;3;1;1;1
5811;PR6225;21;20220707;2;5;2;5;2;3;3;0;1
5812;PR6226;95;20220708;3;5;1;5;2;2;2;3;1
5813;PR6227;708;20220708;2;3;5;5;1;2;3;2;1
5814;PR6228;309;20220708;2;2;3;5;2;3;2;1;1
5815;PR6229;506;20220708;2;1;1;3;3;4;1;0;1
5816;PR623;1295;20150423;3;1;3;2;3;4;1;2;1
5817;PR6230;819;20220708;2;1;2;2;3;4;3;1;1
5818;PR6231;1304;20220709;3;1;2;1;1;2;2;2;1
5819;PR6232;120;20220709;2;3;5;5;3;4;1;1;1
5820;PR6233;914;20220709;2;3;5;2;1;1;3;0;1
5821;PR6234;872;20220709;3;1;2;1;2;3;2;0;1
5822;PR6235;1080;20220709;1;3;4;2;1;1;3;1;1
5823;PR6236;175;20220709;3;1;2;3;1;1;1;2;1
5824;PR6237;97;20220709;5;5;5;5;3;4;2;0;1
5825;PR6238;577;20220710;5;1;3;3;2;3;1;0;1
5826;PR6239;863;20220710;3;1;3;5;3;4;1;1;1
5827;PR624;1199;20150423;2;2;2;5;3;3;1;0;1
5828;PR6240;627;20220710;5;1;1;5;2;3;1;0;1
5829;PR6241;970;20220710;3;5;5;2;2;2;3;0;1
5830;PR6242;405;20220710;2;5;5;1;2;2;2;1;1
5831;PR6243;864;20220710;5;2;5;3;3;4;1;1;1
5832;PR6244;1271;20220711;5;3;1;2;2;3;3;1;1
5833;PR6245;155;20220711;3;5;5;3;1;1;2;1;1
5834;PR6246;775;20220711;3;2;1;1;2;3;1;1;1
5835;PR6247;763;20220712;5;3;3;1;1;2;2;1;1
5836;PR6248;241;20220712;2;3;1;2;1;2;3;0;1
5837;PR6249;433;20220712;5;2;1;5;1;1;2;2;1
5838;PR625;415;20150424;5;5;3;1;3;3;2;1;1
5839;PR6250;464;20220713;5;2;2;2;2;3;3;1;1
5840;PR6251;1434;20220713;3;3;3;3;3;4;2;0;1
5841;PR6252;113;20220713;5;2;1;5;2;2;1;1;1
5842;PR6253;1307;20220714;5;5;2;5;1;1;1;0;1
5843;PR6254;243;20220714;3;3;3;1;2;3;1;0;1
5844;PR6255;1247;20220716;2;5;2;1;1;2;3;3;1
5845;PR6256;1165;20220716;2;3;5;3;3;3;2;2;1
5846;PR6257;1292;20220716;5;3;2;1;1;1;1;2;1
5847;PR6258;594;20220716;2;5;2;5;2;2;1;2;1
5848;PR6259;1246;20220717;3;1;2;2;2;2;1;1;1
5849;PR626;460;20150425;5;2;1;1;3;4;2;0;1
5850;PR6260;1385;20220717;3;5;2;3;2;3;2;1;1
5851;PR6261;1406;20220717;3;4;2;4;2;2;1;1;1
5852;PR6262;129;20220717;3;3;1;4;2;2;3;1;1
5853;PR6263;1250;20220717;2;3;4;3;2;2;3;0;1
5854;PR6264;1427;20220718;3;3;5;1;3;3;3;2;1
5855;PR6265;1096;20220718;2;1;3;2;1;2;1;0;1
5856;PR6266;279;20220718;2;2;3;1;3;4;3;0;1
5857;PR6267;1431;20220718;2;3;3;3;2;2;2;0;1
5858;PR6268;955;20220719;3;2;2;2;1;2;1;2;1
5859;PR6269;734;20220719;1;3;1;3;3;4;2;0;1
5860;PR627;923;20150425;2;3;3;2;2;3;2;2;1
5861;PR6270;982;20220719;5;2;1;3;2;2;3;1;1
5862;PR6271;1220;20220719;2;5;3;2;3;3;3;1;1
5863;PR6272;524;20220719;2;2;1;2;3;4;3;1;1
5864;PR6273;952;20220719;3;5;1;5;3;3;1;1;1
5865;PR6274;844;20220720;3;1;3;2;2;3;2;1;1
5866;PR6275;1039;20220720;5;3;2;5;2;2;1;0;1
5867;PR6276;1343;20220720;5;1;1;5;3;3;1;0;1
5868;PR6277;373;20220721;5;3;5;2;3;4;1;0;1
5869;PR6278;374;20220721;2;1;3;5;3;3;3;2;1
5870;PR6279;643;20220722;5;1;1;1;1;1;3;0;1
5871;PR628;1063;20150425;3;5;3;2;2;2;3;0;1
5872;PR6280;1391;20220722;2;5;3;5;3;3;1;1;1
5873;PR6281;1283;20220723;5;2;2;5;3;3;1;0;1
5874;PR6282;1037;20220723;5;3;3;1;1;1;1;1;1
5875;PR6283;300;20220723;5;2;2;2;3;4;3;0;1
5876;PR6284;1334;20220723;3;3;5;3;2;2;2;0;1
5877;PR6285;889;20220724;2;5;2;1;3;4;2;2;1
5878;PR6286;1218;20220724;2;5;5;5;3;4;2;0;1
5879;PR6287;190;20220724;3;2;2;3;1;1;1;1;1
5880;PR6288;393;20220724;3;2;3;5;3;3;2;3;1
5881;PR6289;1230;20220724;5;3;5;5;3;4;1;2;1
5882;PR629;105;20150426;5;5;1;1;2;2;3;1;1
5883;PR6290;1137;20220725;3;5;5;5;1;1;2;0;1
5884;PR6291;703;20220726;5;3;1;5;3;3;3;0;1
5885;PR6292;649;20220726;5;2;1;3;1;1;3;3;1
5886;PR6293;1398;20220727;2;5;2;5;3;3;2;1;1
5887;PR6294;60;20220727;5;5;2;3;2;3;1;1;1
5888;PR6295;1159;20220729;2;3;3;1;1;2;3;0;1
5889;PR6296;112;20220729;2;1;5;5;1;2;3;1;1
5890;PR6297;888;20220729;3;5;1;1;2;2;2;1;1
5891;PR6298;978;20220729;5;5;3;1;2;3;3;0;1
5892;PR6299;1239;20220730;2;2;3;2;3;3;3;0;1
5893;PR63;5;20130301;2;2;3;2;3;4;1;1;1
5894;PR630;441;20150427;2;2;2;5;2;3;1;3;1
5895;PR6300;179;20220730;5;5;3;2;3;3;1;0;1
5896;PR6301;701;20220731;3;1;1;5;1;2;2;0;1
5897;PR6302;500;20220731;2;1;5;1;1;2;3;1;1
5898;PR6303;430;20220731;2;3;2;5;2;2;3;1;1
5899;PR6304;647;20220802;3;3;2;3;3;3;1;1;1
5900;PR6305;1176;20220802;2;2;3;2;3;4;1;0;1
5901;PR6306;1257;20220802;3;1;3;3;2;2;2;1;1
5902;PR6307;602;20220803;2;2;5;5;2;2;1;2;1
5903;PR6308;483;20220803;5;1;5;2;3;4;2;1;1
5904;PR6309;1369;20220803;3;5;3;5;1;2;1;2;1
5905;PR631;722;20150427;5;2;2;5;1;2;2;0;1
5906;PR6310;992;20220803;5;1;3;3;1;2;2;0;1
5907;PR6311;665;20220803;2;1;5;3;1;1;2;1;1
5908;PR6312;845;20220803;5;1;5;1;3;3;1;0;1
5909;PR6313;1386;20220804;2;3;1;2;2;3;1;1;1
5910;PR6314;607;20220805;4;2;2;1;3;3;1;3;1
5911;PR6315;1088;20220805;2;2;1;5;2;3;2;2;1
5912;PR6316;804;20220805;5;2;5;3;2;2;2;1;1
5913;PR6317;255;20220805;5;3;1;1;3;3;2;1;1
5914;PR6318;416;20220805;2;3;1;5;3;4;1;1;1
5915;PR6319;756;20220806;2;5;3;5;2;3;1;1;1
5916;PR632;160;20150429;5;1;1;3;1;1;3;0;1
5917;PR6320;345;20220807;2;2;5;2;3;4;3;1;1
5918;PR6321;525;20220808;2;3;1;3;3;4;3;2;1
5919;PR6322;912;20220808;3;2;2;1;1;1;3;1;1
5920;PR6323;615;20220808;2;5;3;3;1;1;1;2;1
5921;PR6324;246;20220809;3;3;1;1;2;3;1;2;1
5922;PR6325;739;20220809;3;5;1;2;3;4;2;0;1
5923;PR6326;269;20220810;2;1;2;5;3;3;3;2;1
5924;PR6327;490;20220810;3;5;2;5;2;3;3;0;1
5925;PR6328;860;20220811;5;1;1;1;3;3;3;0;1
5926;PR6329;620;20220811;3;1;3;3;3;3;3;1;1
5927;PR633;1253;20150429;5;3;1;1;1;2;2;2;1
5928;PR6330;369;20220811;3;3;1;3;3;4;2;3;1
5929;PR6331;8;20220811;2;1;3;3;2;3;3;3;1
5930;PR6332;23;20220812;5;2;2;1;3;4;3;2;1
5931;PR6333;400;20220812;5;5;5;1;2;3;3;0;1
5932;PR6334;859;20220812;2;1;1;2;2;2;3;0;1
5933;PR6335;100;20220812;2;2;5;3;1;1;1;0;1
5934;PR6336;611;20220812;5;2;1;2;2;3;3;1;1
5935;PR6337;993;20220813;1;4;3;2;3;4;1;1;1
5936;PR6338;26;20220813;4;4;2;3;2;2;3;2;1
5937;PR6339;628;20220813;3;2;5;5;1;2;3;2;1
5938;PR634;1138;20150430;2;5;5;1;3;4;2;1;1
5939;PR6340;829;20220813;5;3;3;3;1;2;1;1;1
5940;PR6341;1236;20220813;2;2;3;5;1;2;2;0;1
5941;PR6342;1465;20220813;5;5;2;3;2;2;1;1;1
5942;PR6343;1192;20220814;2;2;1;2;3;4;1;2;1
5943;PR6344;244;20220815;2;3;1;5;1;2;1;1;1
5944;PR6345;361;20220815;3;5;3;2;1;1;3;2;1
5945;PR6346;1151;20220815;2;3;3;2;3;3;3;2;1
5946;PR6347;640;20220815;3;1;1;3;1;1;3;2;1
5947;PR6348;983;20220815;3;2;1;1;1;2;1;1;1
5948;PR6349;578;20220815;3;3;2;2;3;3;3;2;1
5949;PR635;911;20150501;2;2;1;3;1;2;1;2;1
5950;PR6350;307;20220816;3;5;1;5;1;2;1;1;1
5951;PR6351;466;20220816;3;2;5;5;3;4;3;1;1
5952;PR6352;743;20220816;5;1;3;1;2;3;3;1;1
5953;PR6353;1048;20220817;2;1;5;2;3;4;1;0;1
5954;PR6354;1286;20220817;3;5;5;5;1;2;2;0;1
5955;PR6355;1172;20220817;2;2;5;2;2;3;2;3;1
5956;PR6356;1235;20220817;2;5;5;5;3;4;3;2;1
5957;PR6357;62;20220817;3;3;2;2;2;2;1;2;1
5958;PR6358;692;20220818;2;2;1;1;1;2;3;2;1
5959;PR6359;1139;20220819;3;1;5;5;1;1;3;0;1
5960;PR636;1211;20150501;5;5;3;5;3;3;3;1;1
5961;PR6360;1429;20220820;2;2;5;5;3;4;3;1;1
5962;PR6361;237;20220820;5;3;3;5;1;1;3;0;1
5963;PR6362;555;20220820;2;3;2;5;2;3;2;2;1
5964;PR6363;1126;20220820;5;5;3;3;1;2;3;1;1
5965;PR6364;220;20220821;5;1;2;2;2;2;3;0;1
5966;PR6365;143;20220822;2;5;1;3;3;3;3;1;1
5967;PR6366;64;20220822;2;3;3;5;3;4;3;0;1
5968;PR6367;343;20220822;2;2;3;2;1;1;2;1;1
5969;PR6368;149;20220823;5;5;1;3;2;2;2;1;1
5970;PR6369;176;20220823;2;3;5;2;3;4;1;2;1
5971;PR637;270;20150501;5;3;3;2;3;4;1;1;1
5972;PR6370;601;20220823;2;3;5;5;1;2;2;0;1
5973;PR6371;1193;20220824;2;4;4;2;1;2;2;1;1
5974;PR6372;371;20220824;4;2;1;3;3;4;2;1;1
5975;PR6373;1143;20220824;4;3;3;3;3;3;2;1;1
5976;PR6374;596;20220825;4;3;1;1;1;2;1;0;1
5977;PR6375;401;20220825;3;5;1;3;2;3;2;1;1
5978;PR6376;451;20220826;5;2;3;5;3;4;1;2;1
5979;PR6377;987;20220827;3;3;1;3;3;3;1;0;1
5980;PR6378;866;20220828;3;2;5;5;2;2;3;0;1
5981;PR6379;139;20220829;4;4;1;3;3;3;3;3;1
5982;PR638;308;20150501;2;3;1;2;2;3;2;0;1
5983;PR6380;1281;20220829;3;1;1;2;2;2;3;0;1
5984;PR6381;1326;20220830;3;5;3;5;3;3;1;1;1
5985;PR6382;1108;20220830;5;3;1;3;2;2;3;0;1
5986;PR6383;1303;20220830;3;2;2;5;2;2;3;1;1
5987;PR6384;121;20220831;2;2;3;1;2;2;3;1;1
5988;PR6385;261;20220901;5;2;2;3;2;3;2;2;1
5989;PR6386;1135;20220901;5;5;1;3;2;3;3;2;1
5990;PR6387;110;20220901;5;2;5;1;1;2;3;0;1
5991;PR6388;1227;20220902;5;1;5;5;2;2;1;2;1
5992;PR6389;268;20220902;2;3;5;1;3;3;3;2;1
5993;PR639;289;20150502;2;5;3;2;1;2;2;2;1
5994;PR6390;214;20220902;3;5;2;1;2;2;2;1;1
5995;PR6391;642;20220902;2;1;1;2;2;3;1;0;1
5996;PR6392;816;20220902;3;2;1;5;3;3;1;0;1
5997;PR6393;315;20220903;2;3;1;3;2;2;1;0;1
5998;PR6394;1415;20220903;2;2;3;2;2;2;3;0;1
5999;PR6395;688;20220903;3;1;3;3;2;3;3;1;1
6000;PR6396;656;20220904;2;2;2;3;3;3;2;0;1
6001;PR6397;365;20220904;2;3;3;5;2;3;1;3;1
6002;PR6398;1000;20220905;5;1;5;3;1;2;3;0;1
6003;PR6399;90;20220905;2;2;3;1;1;1;2;0;1
6004;PR64;678;20130301;2;2;3;5;1;1;2;2;1
6005;PR640;1008;20150502;5;3;5;2;1;2;3;3;1
6006;PR6400;684;20220905;2;1;5;3;1;2;1;1;1
6007;PR6401;1186;20220907;1;1;4;2;3;4;3;1;1
6008;PR6402;50;20220907;2;3;3;1;1;1;2;0;1
6009;PR6403;86;20220907;3;5;5;2;3;4;2;0;1
6010;PR6404;921;20220907;3;5;3;2;2;2;3;0;1
6011;PR6405;897;20220908;3;3;5;5;1;2;3;1;1
6012;PR6406;65;20220908;2;2;2;3;1;1;2;1;1
6013;PR6407;174;20220910;2;1;2;2;3;4;2;0;1
6014;PR6408;1012;20220910;5;2;1;3;2;2;2;0;1
6015;PR6409;376;20220911;3;5;5;2;3;4;2;1;1
6016;PR641;1354;20150502;2;5;2;1;1;2;3;1;1
6017;PR6410;810;20220911;2;5;5;5;3;3;3;0;1
6018;PR6411;1065;20220911;5;3;3;5;1;1;1;1;1
6019;PR6412;455;20220911;5;2;2;3;2;3;2;3;1
6020;PR6413;235;20220911;1;2;3;4;1;1;3;1;1
6021;PR6414;481;20220911;4;2;1;4;2;3;3;0;1
6022;PR6415;518;20220912;5;5;5;3;1;1;2;1;1
6023;PR6416;560;20220913;5;2;3;1;1;2;2;1;1
6024;PR6417;358;20220913;3;2;4;3;3;4;3;1;1
6025;PR6418;182;20220914;1;1;2;1;3;3;2;1;1
6026;PR6419;752;20220914;1;3;3;1;2;3;2;0;1
6027;PR642;133;20150503;3;3;2;1;2;3;3;2;1
6028;PR6420;1200;20220914;4;4;4;1;1;2;2;0;1
6029;PR6421;347;20220915;2;1;4;3;3;4;2;1;1
6030;PR6422;935;20220915;2;3;4;4;2;2;2;1;1
6031;PR6423;593;20220915;2;5;5;3;3;3;3;0;1
6032;PR6424;342;20220917;5;3;3;3;1;1;2;3;1
6033;PR6425;497;20220918;2;1;3;3;3;4;2;3;1
6034;PR6426;1177;20220918;5;3;2;2;3;3;1;1;1
6035;PR6427;1170;20220919;3;1;1;1;3;4;2;1;1
6036;PR6428;294;20220920;3;1;1;3;2;3;1;3;1
6037;PR6429;736;20220920;1;1;3;3;1;1;3;2;1
6038;PR643;1202;20150504;2;5;5;2;2;2;1;1;1
6039;PR6430;51;20220921;1;4;1;2;2;3;3;0;1
6040;PR6431;1312;20220922;5;1;2;5;2;3;3;2;1
6041;PR6432;1350;20220922;2;2;3;5;1;1;1;0;1
6042;PR6433;180;20220922;3;3;1;5;2;3;2;0;1
6043;PR6434;177;20220923;2;5;3;5;1;2;2;1;1
6044;PR6435;867;20220923;5;2;2;2;2;3;3;3;1
6045;PR6436;1041;20220923;2;3;1;3;1;1;2;0;1
6046;PR6437;1290;20220924;2;3;3;2;3;3;2;0;1
6047;PR6438;1266;20220924;2;5;2;1;3;4;1;1;1
6048;PR6439;727;20220925;5;5;2;2;2;3;2;0;1
6049;PR644;127;20150505;3;5;3;5;1;2;3;1;1
6050;PR6440;1356;20220925;2;2;2;3;2;2;1;1;1
6051;PR6441;1099;20220925;1;3;3;3;3;3;1;1;1
6052;PR6442;554;20220925;2;4;1;2;3;4;2;1;1
6053;PR6443;396;20220926;2;5;3;2;1;1;2;2;1
6054;PR6444;52;20220926;2;3;5;2;3;4;1;1;1
6055;PR6445;93;20220926;5;3;3;5;2;3;1;3;1
6056;PR6446;151;20220926;5;3;2;3;1;1;1;0;1
6057;PR6447;901;20220926;2;1;3;1;2;3;3;1;1
6058;PR6448;172;20220927;3;1;1;5;2;3;1;1;1
6059;PR6449;817;20220927;1;1;1;3;1;1;2;2;1
6060;PR645;981;20150505;2;5;3;2;1;2;3;2;1
6061;PR6450;1430;20220927;3;1;2;2;3;4;3;2;1
6062;PR6451;1255;20220927;5;2;3;3;2;3;2;1;1
6063;PR6452;1058;20220928;2;5;3;1;1;2;3;0;1
6064;PR6453;1327;20220928;5;2;3;2;2;3;1;2;1
6065;PR6454;27;20220928;5;1;1;2;3;4;3;1;1
6066;PR6455;534;20220929;3;3;2;5;1;2;1;1;1
6067;PR6456;15;20220929;2;5;3;1;3;4;1;1;1
6068;PR6457;119;20220930;5;2;1;5;1;1;3;0;1
6069;PR6458;1020;20220930;5;5;3;1;2;2;2;1;1
6070;PR6459;777;20220930;2;1;4;2;3;3;3;1;1
6071;PR646;1466;20150506;2;5;1;1;1;1;3;0;1
6072;PR6460;256;20220930;1;1;4;3;2;2;2;1;1
6073;PR6461;1005;20220930;5;5;1;1;3;3;3;1;1
6074;PR6462;457;20220930;5;5;1;3;3;3;2;1;1
6075;PR6463;1360;20220930;1;1;1;4;1;2;2;1;1
6076;PR6464;1062;20221001;4;3;2;1;1;1;1;1;1
6077;PR6465;746;20221003;1;1;1;1;1;1;2;1;1
6078;PR6466;636;20221003;1;2;2;4;3;4;3;1;1
6079;PR6467;1214;20221003;3;2;1;3;2;3;1;0;1
6080;PR6468;336;20221003;2;5;5;3;2;3;3;1;1
6081;PR6469;73;20221004;2;3;1;1;3;4;1;2;1
6082;PR647;1401;20150506;3;2;5;5;2;3;3;1;1
6083;PR6470;434;20221005;1;1;3;3;1;1;2;0;1
6084;PR6471;716;20221006;2;2;5;2;3;3;1;1;1
6085;PR6472;12;20221007;5;2;1;5;3;3;3;1;1
6086;PR6473;738;20221008;5;5;3;5;3;4;1;2;1
6087;PR6474;1361;20221008;2;1;2;3;2;2;3;0;1
6088;PR6475;751;20221008;5;3;3;5;3;3;1;0;1
6089;PR6476;1402;20221008;5;1;3;2;3;4;2;0;1
6090;PR6477;384;20221008;4;1;2;3;2;3;3;0;1
6091;PR6478;1323;20221008;1;3;1;3;3;4;1;1;1
6092;PR6479;671;20221009;5;5;3;2;2;2;1;0;1
6093;PR648;109;20150506;2;5;5;2;2;2;3;0;1
6094;PR6480;9;20221009;2;3;2;3;3;4;2;0;1
6095;PR6481;820;20221011;5;1;3;1;3;3;3;0;1
6096;PR6482;1444;20221012;5;2;2;2;3;3;3;2;1
6097;PR6483;1409;20221012;5;1;2;5;3;3;2;2;1
6098;PR6484;225;20221013;3;1;5;5;2;2;2;0;1
6099;PR6485;583;20221013;2;2;2;1;1;1;2;0;1
6100;PR6486;106;20221013;3;2;1;3;2;2;1;1;1
6101;PR6487;140;20221014;2;4;1;3;3;4;1;2;1
6102;PR6488;201;20221014;4;4;4;2;3;3;2;0;1
6103;PR6489;531;20221014;3;2;5;5;1;1;3;1;1
6104;PR649;257;20150507;3;3;1;5;1;1;3;1;1
6105;PR6490;799;20221014;5;1;2;5;2;2;1;1;1
6106;PR6491;280;20221015;3;1;5;1;2;3;3;0;1
6107;PR6492;388;20221016;2;3;3;3;3;4;1;2;1
6108;PR6493;951;20221016;5;5;2;3;1;1;3;0;1
6109;PR6494;1467;20221016;5;3;1;2;3;3;2;2;1
6110;PR6495;32;20221016;3;5;5;5;2;3;1;1;1
6111;PR6496;672;20221016;5;3;5;3;3;4;1;0;1
6112;PR6497;635;20221016;5;2;5;5;3;3;3;3;1
6113;PR6498;657;20221017;5;2;1;2;2;2;3;2;1
6114;PR6499;1066;20221017;2;3;3;2;2;3;3;3;1
6115;PR65;148;20130302;2;1;1;2;1;1;2;0;1
6116;PR650;57;20150507;3;3;2;1;2;3;3;2;1
6117;PR6500;392;20221018;5;3;3;5;2;2;1;0;1
6118;PR6501;648;20221019;1;3;2;3;2;3;2;0;1
6119;PR6502;1167;20221019;1;2;1;3;2;3;1;0;1
6120;PR6503;68;20221019;2;1;2;1;3;3;2;1;1
6121;PR6504;169;20221019;3;3;2;3;2;3;1;0;1
6122;PR6505;1110;20221019;3;1;2;2;1;2;3;0;1
6123;PR6506;573;20221019;4;2;3;4;3;4;1;2;1
6124;PR6507;760;20221020;3;5;3;1;3;3;3;2;1
6125;PR6508;1458;20221020;3;1;1;2;1;1;3;1;1
6126;PR6509;199;20221021;2;2;2;1;3;3;1;1;1
6127;PR651;873;20150507;5;2;2;5;1;1;1;3;1
6128;PR6510;286;20221021;5;3;5;3;1;2;2;1;1
6129;PR6511;377;20221021;2;3;4;3;3;3;2;1;1
6130;PR6512;956;20221022;1;4;1;1;2;2;3;0;1
6131;PR6513;936;20221023;3;5;2;1;3;3;1;2;1
6132;PR6514;1261;20221023;3;3;3;3;1;2;1;0;1
6133;PR6515;265;20221024;3;1;4;2;3;4;3;3;1
6134;PR6516;1179;20221024;1;4;4;4;2;3;3;3;1
6135;PR6517;1382;20221024;3;5;1;5;3;4;1;1;1
6136;PR6518;881;20221025;2;2;5;5;3;3;3;0;1
6137;PR6519;1195;20221025;2;1;2;5;3;3;1;2;1
6138;PR652;1341;20150508;5;5;3;3;3;3;3;0;1
6139;PR6520;728;20221025;5;5;5;1;2;2;1;0;1
6140;PR6521;1018;20221025;2;3;5;2;3;3;1;0;1
6141;PR6522;1194;20221026;2;5;3;1;2;3;3;1;1
6142;PR6523;794;20221027;2;2;3;1;2;3;2;1;1
6143;PR6524;366;20221027;3;2;2;2;3;4;2;2;1
6144;PR6525;1448;20221027;5;2;5;3;2;2;1;3;1
6145;PR6526;892;20221028;5;1;3;2;3;3;3;1;1
6146;PR6527;811;20221028;5;2;3;5;1;2;2;1;1
6147;PR6528;597;20221028;5;5;2;5;2;2;2;1;1
6148;PR6529;276;20221029;3;1;3;1;1;2;1;0;1
6149;PR653;234;20150509;5;1;3;2;3;3;3;2;1
6150;PR6530;404;20221029;3;1;5;3;1;2;1;1;1
6151;PR6531;574;20221030;4;1;3;4;1;2;3;2;1
6152;PR6532;55;20221030;1;4;3;2;2;3;3;2;1
6153;PR6533;709;20221030;3;1;5;1;1;2;2;1;1
6154;PR6534;1209;20221030;5;3;5;3;3;4;2;0;1
6155;PR6535;1009;20221030;3;3;5;3;1;1;1;0;1
6156;PR6536;1101;20221031;2;2;5;5;1;1;2;0;1
6157;PR6537;1233;20221031;2;2;1;2;3;4;1;0;1
6158;PR6538;1358;20221101;3;3;2;1;3;3;1;1;1
6159;PR6539;13;20221101;3;3;1;2;1;2;3;1;1
6160;PR654;616;20150509;5;5;5;2;2;2;2;0;1
6161;PR6540;729;20221102;3;5;5;3;3;4;3;0;1
6162;PR6541;1198;20221102;1;1;3;3;2;2;1;2;1
6163;PR6542;1276;20221103;5;3;1;2;1;1;2;0;1
6164;PR6543;321;20221103;2;5;3;2;3;4;2;1;1
6165;PR6544;1362;20221104;4;4;2;2;2;3;2;0;1
6166;PR6545;208;20221104;3;1;3;1;3;3;2;0;1
6167;PR6546;846;20221104;3;3;5;2;2;3;1;1;1
6168;PR6547;1111;20221104;4;1;3;1;2;3;2;1;1
6169;PR6548;124;20221105;5;5;1;1;3;3;3;1;1
6170;PR6549;166;20221105;5;5;3;3;3;3;2;0;1
6171;PR655;391;20150510;5;3;1;2;2;3;1;1;1
6172;PR6550;1162;20221105;3;5;1;5;3;4;2;0;1
6173;PR6551;360;20221105;2;1;5;5;3;3;3;0;1
6174;PR6552;1464;20221106;4;4;3;1;2;2;1;3;1
6175;PR6553;426;20221106;3;1;2;1;1;2;3;2;1
6176;PR6554;1042;20221106;2;1;5;3;2;3;2;1;1
6177;PR6555;995;20221107;5;2;5;2;3;3;2;1;1
6178;PR6556;299;20221107;3;5;3;1;3;4;2;1;1
6179;PR6557;976;20221107;1;3;2;3;2;3;2;0;1
6180;PR6558;1330;20221107;5;1;1;1;1;2;1;0;1
6181;PR6559;1089;20221108;5;5;2;3;2;2;2;2;1
6182;PR656;805;20150510;3;2;1;3;2;2;2;0;1
6183;PR6560;961;20221108;4;1;2;2;2;3;3;1;1
6184;PR6561;1242;20221108;2;3;2;4;1;1;3;0;1
6185;PR6562;747;20221108;2;5;5;2;3;3;3;0;1
6186;PR6563;858;20221108;2;5;3;1;2;2;2;1;1
6187;PR6564;449;20221109;5;3;1;2;3;4;1;3;1
6188;PR6565;766;20221109;2;4;3;1;1;1;3;1;1
6189;PR6566;341;20221110;5;1;3;3;2;2;1;1;1
6190;PR6567;1412;20221110;3;1;2;4;3;4;1;0;1
6191;PR6568;242;20221110;3;3;5;2;1;1;3;1;1
6192;PR6569;1443;20221111;3;5;5;3;3;4;1;1;1
6193;PR657;1305;20150511;2;1;1;1;2;3;3;2;1
6194;PR6570;1351;20221111;3;3;2;4;1;1;1;0;1
6195;PR6571;933;20221112;5;1;5;2;1;2;2;2;1
6196;PR6572;245;20221112;3;1;3;1;2;2;2;1;1
6197;PR6573;853;20221113;5;5;2;5;2;3;2;1;1
6198;PR6574;1119;20221113;5;5;3;2;2;3;3;1;1
6199;PR6575;382;20221114;2;1;2;2;3;4;1;2;1
6200;PR6576;173;20221114;2;4;3;2;3;3;3;0;1
6201;PR6577;1454;20221114;1;2;1;2;1;2;1;2;1
6202;PR6578;88;20221114;5;5;1;3;1;2;2;1;1
6203;PR6579;856;20221114;2;5;3;5;2;2;1;3;1
6204;PR658;941;20150512;5;3;3;5;1;1;3;3;1
6205;PR6580;1189;20221115;2;2;1;2;3;4;3;1;1
6206;PR6581;1116;20221116;2;1;3;1;1;1;2;0;1
6207;PR6582;999;20221116;4;2;4;2;2;2;2;1;1
6208;PR6583;543;20221116;3;1;2;2;3;3;2;3;1
6209;PR6584;1107;20221117;4;3;2;1;3;4;2;3;1
6210;PR6585;438;20221117;2;5;1;3;3;3;2;1;1
6211;PR6586;718;20221117;1;1;2;1;2;2;1;0;1
6212;PR6587;1075;20221117;3;1;4;2;3;3;3;2;1
6213;PR6588;748;20221118;5;3;5;2;2;3;2;0;1
6214;PR6589;750;20221118;2;5;2;3;1;2;3;0;1
6215;PR659;171;20150513;5;3;1;2;3;4;3;0;1
6216;PR6590;924;20221118;2;2;3;5;1;2;3;1;1
6217;PR6591;54;20221119;5;3;1;3;1;2;3;1;1
6218;PR6592;735;20221119;2;3;1;2;3;4;3;1;1
6219;PR6593;1163;20221119;3;1;3;5;3;4;3;1;1
6220;PR6594;855;20221119;3;2;3;3;2;2;3;0;1
6221;PR6595;730;20221120;3;2;1;3;2;2;1;2;1
6222;PR6596;830;20221120;2;2;2;3;1;1;3;1;1
6223;PR6597;335;20221120;3;3;2;2;2;2;3;0;1
6224;PR6598;1103;20221121;3;1;3;1;1;1;3;0;1
6225;PR6599;670;20221121;2;1;1;3;3;4;3;0;1
6226;PR66;1164;20130302;3;2;3;1;1;1;2;0;1
6227;PR660;363;20150513;5;2;1;1;1;2;1;1;1
6228;PR6600;943;20221121;1;2;4;4;2;3;2;1;1
6229;PR6601;301;20221121;3;5;5;5;2;3;3;0;1
6230;PR6602;1160;20221121;2;3;3;4;3;3;1;2;1
6231;PR6603;145;20221122;2;2;1;3;3;4;3;1;1
6232;PR6604;1104;20221123;2;2;1;1;1;1;2;3;1
6233;PR6605;1321;20221123;3;2;2;3;1;2;3;1;1
6234;PR6606;126;20221123;5;3;2;5;3;4;2;0;1
6235;PR6607;196;20221123;5;5;5;3;2;3;3;3;1
6236;PR6608;526;20221124;3;1;1;1;3;4;3;0;1
6237;PR6609;623;20221124;4;2;4;4;3;4;3;1;1
6238;PR661;370;20150514;5;1;5;2;3;4;2;1;1
6239;PR6610;1426;20221124;3;2;1;3;3;4;2;1;1
6240;PR6611;587;20221124;3;1;5;1;1;1;2;1;1
6241;PR6612;314;20221125;3;1;5;5;3;3;2;0;1
6242;PR6613;1282;20221125;3;1;3;3;3;4;3;2;1
6243;PR6614;116;20221126;3;3;5;3;1;1;3;0;1
6244;PR6615;413;20221127;4;3;1;3;2;2;3;2;1
6245;PR6616;253;20221127;5;2;5;1;2;2;1;0;1
6246;PR6617;625;20221127;3;2;2;3;2;2;3;1;1
6247;PR6618;527;20221127;5;2;5;5;1;2;1;1;1
6248;PR6619;1124;20221128;5;2;5;2;2;3;3;0;1
6249;PR662;1149;20150514;3;1;5;5;3;4;2;2;1
6250;PR6620;1015;20221128;2;2;3;3;1;2;2;1;1
6251;PR6621;238;20221129;3;4;2;3;2;2;2;0;1
6252;PR6622;900;20221130;3;4;3;2;1;2;3;3;1
6253;PR6623;1394;20221130;5;5;1;3;2;2;2;0;1
6254;PR6624;1223;20221130;2;3;1;5;2;3;1;0;1
6255;PR6625;408;20221201;2;1;2;2;3;3;3;1;1
6256;PR6626;619;20221201;3;2;1;5;1;1;3;1;1
6257;PR6627;1076;20221202;5;2;3;2;1;2;1;1;1
6258;PR6628;1277;20221202;3;5;1;5;3;4;3;1;1
6259;PR6629;972;20221202;4;1;3;1;1;1;3;1;1
6260;PR663;1084;20150514;5;5;1;5;2;3;2;1;1
6261;PR6630;334;20221204;2;2;1;2;1;1;3;1;1
6262;PR6631;948;20221204;2;1;1;5;2;2;1;1;1
6263;PR6632;1293;20221204;5;2;5;1;2;2;2;3;1
6264;PR6633;1206;20221204;3;1;3;2;3;3;3;0;1
6265;PR6634;418;20221204;4;4;2;1;2;3;2;1;1
6266;PR6635;1133;20221206;2;2;3;1;2;2;1;0;1
6267;PR6636;161;20221206;3;5;3;1;3;3;3;2;1
6268;PR6637;511;20221207;5;2;3;1;2;2;1;1;1
6269;PR6638;1057;20221207;4;2;2;4;3;3;2;1;1
6270;PR6639;1265;20221207;4;4;1;1;1;1;3;0;1
6271;PR664;185;20150515;5;5;2;1;2;3;2;1;1
6272;PR6640;582;20221208;5;3;5;2;3;4;2;1;1
6273;PR6641;504;20221208;3;3;1;2;1;2;2;1;1
6274;PR6642;821;20221208;5;1;1;5;1;2;3;1;1
6275;PR6643;783;20221209;1;3;1;3;2;3;1;0;1
6276;PR6644;1184;20221210;2;5;5;2;2;2;2;1;1
6277;PR6645;779;20221210;3;3;1;1;3;3;3;0;1
6278;PR6646;1129;20221210;5;1;3;3;2;3;1;2;1
6279;PR6647;56;20221210;5;2;2;5;3;4;1;0;1
6280;PR6648;468;20221211;2;2;3;4;1;2;2;0;1
6281;PR6649;1086;20221211;5;2;3;5;2;3;2;2;1
6282;PR665;1470;20150516;5;2;2;1;3;3;1;1;1
6283;PR6650;1331;20221212;2;1;3;2;1;2;1;0;1
6284;PR6651;1325;20221212;2;3;5;1;1;1;3;2;1
6285;PR6652;726;20221212;2;3;4;2;2;2;2;3;1
6286;PR6653;1196;20221212;2;1;3;1;2;2;1;0;1
6287;PR6654;861;20221213;3;4;1;3;2;2;3;0;1
6288;PR6655;1136;20221213;1;4;1;3;1;1;2;0;1
6289;PR6656;58;20221214;2;3;1;2;3;4;3;0;1
6290;PR6657;1324;20221215;3;2;2;5;1;2;3;3;1
6291;PR6658;883;20221215;3;4;4;2;1;1;3;3;1
6292;PR6659;320;20221215;5;3;2;1;3;4;1;1;1
6293;PR666;61;20150517;2;5;5;3;3;3;3;2;1
6294;PR6660;1156;20221215;5;2;2;1;3;3;1;3;1
6295;PR6661;1291;20221216;1;3;4;3;2;3;3;2;1
6296;PR6662;895;20221216;1;4;4;4;2;2;3;2;1
6297;PR6663;879;20221217;3;1;1;1;3;3;3;1;1
6298;PR6664;801;20221217;3;2;1;1;2;2;2;0;1
6299;PR6665;1095;20221217;4;3;2;3;3;4;3;1;1
6300;PR6666;991;20221218;3;4;3;2;3;3;1;0;1
6301;PR6667;1272;20221218;5;3;3;5;1;2;1;1;1
6302;PR6668;680;20221218;2;4;3;2;3;4;1;1;1
6303;PR6669;1210;20221218;4;3;2;3;1;1;3;1;1
6304;PR667;899;20150517;2;3;2;1;3;3;1;0;1
6305;PR6670;78;20221219;5;2;2;3;1;2;2;1;1
6306;PR6671;533;20221219;2;2;1;2;3;4;2;2;1
6307;PR6672;128;20221219;1;2;3;1;2;2;1;1;1
6308;PR6673;102;20221220;3;3;5;1;2;2;2;3;1
6309;PR6674;916;20221221;3;3;4;1;2;3;1;0;1
6310;PR6675;1432;20221221;2;1;3;2;1;2;1;2;1
6311;PR6676;38;20221221;3;5;1;3;1;1;1;0;1
6312;PR6677;945;20221221;3;3;3;3;3;3;3;1;1
6313;PR6678;539;20221222;5;2;1;2;2;3;2;0;1
6314;PR6679;67;20221222;2;3;3;2;3;3;1;0;1
6315;PR668;591;20150517;5;1;1;2;2;3;3;0;1
6316;PR6680;985;20221222;2;5;1;5;1;1;3;1;1
6317;PR6681;1329;20221223;2;5;1;5;1;2;3;1;1
6318;PR6682;579;20221223;3;3;5;5;3;3;3;0;1
6319;PR6683;1240;20221223;5;3;3;1;1;1;3;0;1
6320;PR6684;586;20221223;5;3;3;3;3;3;3;1;1
6321;PR6685;1029;20221223;5;3;3;1;1;1;2;0;1
6322;PR6686;163;20221223;3;3;1;2;3;3;3;2;1
6323;PR6687;567;20221223;2;5;1;2;2;3;1;3;1
6324;PR6688;654;20221223;1;2;4;1;3;4;3;1;1
6325;PR6689;634;20221224;3;2;2;3;3;4;3;0;1
6326;PR669;435;20150520;2;3;3;1;1;1;1;1;1
6327;PR6690;950;20221224;2;5;3;5;2;3;2;1;1
6328;PR6691;187;20221224;3;4;1;2;3;3;2;1;1
6329;PR6692;431;20221225;2;2;3;2;3;3;3;0;1
6330;PR6693;675;20221225;1;3;2;1;1;1;1;1;1
6331;PR6694;1270;20221226;2;5;3;2;2;2;3;1;1
6332;PR6695;1449;20221226;5;1;1;5;1;2;2;2;1
6333;PR6696;141;20221227;5;1;2;2;2;3;2;2;1
6334;PR6697;436;20221227;2;1;3;5;3;3;3;0;1
6335;PR6698;230;20221227;3;3;2;3;1;1;2;0;1
6336;PR6699;1150;20221227;2;2;1;2;1;1;2;0;1
6337;PR67;1353;20130303;2;1;3;2;1;1;2;1;1
6338;PR670;456;20150520;5;3;3;3;2;3;2;0;1
6339;PR6700;22;20221228;3;5;5;1;2;2;3;2;1
6340;PR6701;1022;20221228;3;2;1;1;1;2;3;2;1
6341;PR6702;667;20221229;3;1;3;5;3;3;2;3;1
6342;PR6703;971;20221229;1;2;4;3;1;2;3;0;1
6343;PR6704;194;20221229;2;2;2;4;2;3;2;3;1
6344;PR6705;1316;20221229;3;3;3;2;1;2;3;2;1
6345;PR6706;59;20221229;3;2;3;4;1;1;2;0;1
6346;PR6707;154;20221229;1;2;4;4;2;2;2;1;1
6347;PR6708;638;20221229;2;1;5;1;2;3;3;0;1
6348;PR6709;958;20221231;3;5;1;1;2;2;1;2;1
6349;PR671;915;20150520;5;1;1;3;3;3;3;1;1
6350;PR672;1082;20150520;5;3;3;2;1;2;2;1;1
6351;PR673;823;20150521;3;3;1;3;3;4;3;2;1
6352;PR674;4;20150522;5;1;2;2;1;2;2;0;1
6353;PR675;144;20150523;3;1;3;3;3;4;1;2;1
6354;PR676;776;20150524;3;2;1;2;3;4;3;2;1
6355;PR677;387;20150524;5;2;3;5;3;3;2;2;1
6356;PR678;1074;20150524;5;3;2;3;1;2;2;1;1
6357;PR679;41;20150525;2;3;5;1;3;4;1;1;1
6358;PR68;1127;20130304;2;2;2;5;1;1;1;0;1
6359;PR680;1248;20150527;3;2;3;5;1;2;2;0;1
6360;PR681;240;20150527;2;1;5;1;3;3;3;0;1
6361;PR682;390;20150527;3;5;5;3;2;2;1;2;1
6362;PR683;272;20150528;5;3;3;5;2;3;1;1;1
6363;PR684;1405;20150528;3;3;1;3;3;4;3;1;1
6364;PR685;1155;20150529;3;5;5;5;2;2;3;1;1
6365;PR686;1093;20150530;5;5;2;1;2;3;2;3;1
6366;PR687;1284;20150530;3;1;1;1;2;2;2;1;1
6367;PR688;876;20150530;2;5;1;5;1;1;2;2;1
6368;PR689;576;20150601;5;3;2;3;3;3;2;0;1
6369;PR69;1161;20130304;2;5;1;2;1;1;2;0;1
6370;PR690;1023;20150602;3;2;3;5;3;3;3;1;1
6371;PR691;42;20150605;3;2;5;1;1;1;3;0;1
6372;PR692;887;20150606;3;5;5;3;2;3;1;2;1
6373;PR693;1278;20150607;5;3;5;1;2;2;2;1;1
6374;PR694;1050;20150610;5;5;3;3;2;2;2;1;1
6375;PR695;1219;20150610;3;5;3;5;1;1;2;3;1
6376;PR696;785;20150611;2;2;5;1;1;1;1;0;1
6377;PR697;346;20150613;2;2;1;1;1;1;1;0;1
6378;PR698;1294;20150614;2;1;5;5;1;1;3;0;1
6379;PR699;340;20150615;2;1;2;1;1;1;2;1;1
6380;PR70;1461;20130304;5;2;1;1;1;1;2;1;1
6381;PR700;1348;20150615;5;1;5;3;2;2;1;2;1
6382;PR701;962;20150617;3;3;1;5;3;4;1;0;1
6383;PR702;181;20150618;3;3;2;1;3;4;3;0;1
6384;PR703;3;20150620;2;2;3;1;3;3;3;1;1
6385;PR704;1407;20150620;3;2;5;1;2;3;1;1;1
6386;PR705;1079;20150622;3;3;2;5;1;2;3;1;1
6387;PR706;475;20150622;2;2;1;3;3;3;1;1;1
6388;PR707;263;20150623;2;1;1;3;3;4;1;1;1
6389;PR708;344;20150624;3;5;2;2;2;3;2;1;1
6390;PR709;778;20150624;3;2;3;5;3;3;3;3;1
6391;PR71;99;20130306;3;2;1;1;1;1;3;1;1
6392;PR710;871;20150625;3;1;2;3;3;3;1;1;1
6393;PR711;432;20150627;2;3;1;1;2;3;3;1;1
6394;PR712;1344;20150627;2;2;5;5;1;1;3;1;1
6395;PR713;380;20150627;5;5;1;5;1;1;1;2;1
6396;PR714;1097;20150629;3;2;2;1;2;3;1;1;1
6397;PR715;1114;20150629;5;3;3;2;1;1;3;0;1
6398;PR716;429;20150702;3;5;1;2;2;3;3;1;1
6399;PR717;496;20150702;5;2;5;5;2;2;3;0;1
6400;PR718;851;20150702;5;5;3;3;3;4;1;3;1
6401;PR719;1439;20150704;2;1;2;2;3;4;2;1;1
6402;PR72;138;20130306;3;5;5;1;3;3;2;2;1
6403;PR720;271;20150706;3;1;2;1;1;1;3;2;1
6404;PR721;368;20150707;2;3;2;1;1;1;3;1;1
6405;PR722;791;20150709;5;2;5;2;2;2;2;1;1
6406;PR723;95;20150710;2;2;1;3;1;1;3;0;1
6407;PR724;708;20150710;2;2;5;5;3;4;1;2;1
6408;PR725;868;20150710;3;5;3;2;3;4;3;0;1
6409;PR726;1304;20150711;3;1;2;3;3;3;3;0;1
6410;PR727;120;20150711;3;3;5;1;3;4;2;2;1
6411;PR728;577;20150712;2;2;1;3;1;2;1;2;1
6412;PR729;210;20150716;5;2;2;3;3;3;2;3;1
6413;PR73;762;20130307;2;5;5;5;2;2;1;1;1
6414;PR730;1247;20150718;2;5;1;2;2;2;3;2;1
6415;PR731;1246;20150719;5;5;5;1;3;3;1;0;1
6416;PR732;1385;20150719;2;2;5;1;1;1;3;1;1
6417;PR733;1406;20150719;5;3;3;2;3;4;3;0;1
6418;PR734;1427;20150720;2;1;2;3;1;2;3;0;1
6419;PR735;1096;20150720;5;3;3;3;2;3;3;1;1
6420;PR736;889;20150726;2;3;1;2;1;2;3;0;1
6421;PR737;1218;20150726;2;3;5;5;1;2;1;1;1
6422;PR738;703;20150728;2;5;1;3;3;3;2;2;1
6423;PR739;1398;20150729;5;3;5;1;2;3;3;0;1
6424;PR74;1256;20130307;3;2;3;1;3;3;2;0;1
6425;PR740;1226;20150729;2;5;3;2;1;1;3;2;1
6426;PR741;1159;20150731;3;2;3;3;1;1;3;2;1
6427;PR742;228;20150801;5;3;2;1;2;3;2;1;1
6428;PR743;602;20150805;2;3;3;1;1;1;2;0;1
6429;PR744;483;20150805;2;2;3;2;3;3;3;2;1
6430;PR745;1369;20150805;5;5;2;5;2;2;2;0;1
6431;PR746;502;20150808;5;5;2;2;3;3;1;1;1
6432;PR747;246;20150811;2;3;5;1;2;2;2;1;1
6433;PR748;23;20150814;5;2;3;2;2;2;1;1;1
6434;PR749;993;20150815;5;1;2;1;3;3;2;3;1
6435;PR75;721;20130308;2;2;5;3;3;3;3;2;1
6436;PR750;557;20150816;2;2;1;3;3;4;3;0;1
6437;PR751;244;20150817;5;3;3;1;3;3;2;0;1
6438;PR752;307;20150818;3;1;2;5;1;2;3;0;1
6439;PR753;466;20150818;3;2;5;2;2;3;3;1;1
6440;PR754;1048;20150819;2;5;1;5;3;3;2;3;1
6441;PR755;1429;20150822;2;2;3;3;1;2;1;0;1
6442;PR756;237;20150822;3;1;5;3;1;1;1;2;1
6443;PR757;1193;20150826;3;3;5;3;3;3;1;1;1
6444;PR758;486;20150826;2;2;2;1;2;2;2;2;1
6445;PR759;451;20150828;3;2;3;2;2;3;1;0;1
6446;PR76;1254;20130308;2;5;5;2;1;2;2;0;1
6447;PR760;261;20150903;5;5;1;3;2;2;3;2;1
6448;PR761;315;20150905;2;2;3;5;2;2;3;3;1
6449;PR762;1186;20150909;2;1;2;5;2;2;3;2;1
6450;PR763;376;20150913;3;2;1;3;1;1;1;3;1
6451;PR764;560;20150915;5;1;3;5;2;2;3;3;1
6452;PR765;347;20150917;2;1;5;2;1;1;3;0;1
6453;PR766;294;20150922;2;5;5;1;1;1;2;0;1
6454;PR767;51;20150923;3;1;2;1;2;2;3;1;1
6455;PR768;1336;20150925;3;2;2;2;2;2;3;0;1
6456;PR769;727;20150927;2;1;5;5;1;1;1;2;1
6457;PR77;664;20130308;3;3;5;3;1;1;1;1;1
6458;PR770;1356;20150927;2;5;5;2;1;1;2;0;1
6459;PR771;396;20150928;2;1;1;1;1;1;3;0;1
6460;PR772;172;20150929;3;2;2;3;2;2;2;0;1
6461;PR773;817;20150929;3;3;1;2;3;3;2;3;1
6462;PR774;119;20151002;3;5;2;3;1;1;1;0;1
6463;PR775;1020;20151002;3;1;2;3;2;2;1;1;1
6464;PR776;777;20151002;3;5;3;3;2;3;2;0;1
6465;PR777;224;20151004;3;2;5;3;3;4;2;1;1
6466;PR778;12;20151009;2;3;5;3;1;1;2;2;1
6467;PR779;738;20151010;2;3;1;3;1;1;2;2;1
6468;PR78;420;20130310;2;5;3;2;3;3;3;0;1
6469;PR780;1361;20151010;3;5;2;1;3;3;2;1;1
6470;PR781;1446;20151015;3;1;1;1;1;1;3;0;1
6471;PR782;388;20151018;5;3;2;5;2;2;3;0;1
6472;PR783;951;20151018;3;5;2;5;2;2;3;0;1
6473;PR784;657;20151019;5;1;2;1;2;3;1;2;1
6474;PR785;199;20151023;5;3;3;2;3;4;1;2;1
6475;PR786;663;20151026;3;1;5;2;2;2;2;1;1
6476;PR787;881;20151027;3;3;2;5;1;1;2;1;1
6477;PR788;1195;20151027;3;3;3;1;1;1;1;1;1
6478;PR789;794;20151029;5;5;2;1;2;2;1;0;1
6479;PR79;417;20130312;2;1;2;1;1;2;2;0;1
6480;PR790;892;20151030;5;5;2;3;3;3;3;1;1
6481;PR791;276;20151031;5;5;1;5;2;2;2;1;1
6482;PR792;574;20151101;2;3;5;1;2;2;3;1;1
6483;PR793;1358;20151103;3;3;5;3;3;4;1;1;1
6484;PR794;771;20151103;3;5;2;5;2;2;3;0;1
6485;PR795;729;20151104;5;1;1;2;2;3;2;3;1
6486;PR796;1362;20151106;3;3;5;3;3;4;1;3;1
6487;PR797;608;20151107;2;2;5;1;1;2;3;1;1
6488;PR798;1464;20151108;2;1;3;1;2;2;3;3;1
6489;PR799;995;20151109;5;2;1;5;2;3;1;2;1
6490;PR80;215;20130314;2;2;2;1;2;2;2;0;1
6491;PR800;1089;20151110;2;3;1;2;1;2;1;1;1
6492;PR801;449;20151111;3;5;2;3;2;3;1;2;1
6493;PR802;341;20151112;3;3;5;2;2;3;3;0;1
6494;PR803;1412;20151112;5;2;1;2;2;3;1;2;1
6495;PR804;853;20151115;5;3;2;3;1;2;3;1;1
6496;PR805;1116;20151118;5;2;1;1;1;1;1;1;1
6497;PR806;1107;20151119;5;5;3;5;3;4;3;0;1
6498;PR807;7;20151120;5;3;2;3;1;2;3;1;1
6499;PR808;54;20151121;5;3;5;5;3;4;3;1;1
6500;PR809;730;20151122;5;5;3;3;1;1;1;1;1
6501;PR81;379;20130317;2;3;5;1;1;1;3;2;1
6502;PR810;1103;20151123;3;2;2;3;3;4;1;3;1
6503;PR811;145;20151124;2;1;2;2;1;2;2;2;1
6504;PR812;526;20151126;2;1;2;1;1;2;2;2;1
6505;PR813;623;20151126;2;5;2;2;1;1;2;0;1
6506;PR814;314;20151127;3;1;3;2;2;2;1;1;1
6507;PR815;116;20151128;5;3;3;3;2;3;2;3;1
6508;PR816;413;20151129;2;2;5;1;2;2;2;1;1
6509;PR817;900;20151202;5;5;2;2;2;3;2;2;1
6510;PR818;1394;20151202;3;5;3;3;2;3;2;2;1
6511;PR819;1076;20151204;3;5;2;3;3;4;2;1;1
6512;PR82;463;20130317;3;1;5;2;3;4;1;0;1
6513;PR820;1277;20151204;3;3;2;1;1;1;3;2;1
6514;PR821;334;20151206;3;3;3;2;3;3;1;1;1
6515;PR822;948;20151206;3;5;2;1;3;3;1;2;1
6516;PR823;1293;20151206;5;5;5;2;1;2;3;2;1
6517;PR824;1133;20151208;2;1;5;3;1;2;2;0;1
6518;PR825;511;20151209;5;1;2;1;2;2;3;0;1
6519;PR826;1057;20151209;3;5;2;1;1;1;3;1;1
6520;PR827;582;20151210;2;5;5;3;3;4;2;2;1
6521;PR828;504;20151210;3;1;3;5;2;3;3;0;1
6522;PR829;1331;20151214;5;3;2;1;2;3;2;1;1
6523;PR83;852;20130319;2;5;2;5;3;4;3;2;1
6524;PR830;1325;20151214;5;1;1;2;2;2;3;1;1
6525;PR831;316;20151214;2;3;2;1;2;2;2;3;1
6526;PR832;913;20151215;2;5;2;1;2;2;1;3;1
6527;PR833;1324;20151217;2;5;1;5;2;2;1;1;1
6528;PR834;1291;20151218;2;1;1;2;2;2;3;0;1
6529;PR835;879;20151219;3;2;5;1;2;3;1;1;1
6530;PR836;991;20151220;2;3;5;5;1;1;1;0;1
6531;PR837;78;20151221;2;5;2;1;2;3;3;0;1
6532;PR838;533;20151221;3;1;5;3;2;2;1;3;1
6533;PR839;916;20151223;2;1;3;1;2;2;3;1;1
6534;PR84;1260;20130319;5;1;5;5;3;4;2;0;1
6535;PR840;1432;20151223;3;2;5;2;1;2;3;1;1
6536;PR841;1329;20151225;3;2;5;3;3;4;2;1;1
6537;PR842;634;20151226;5;1;3;3;3;3;1;3;1
6538;PR843;950;20151226;2;2;1;5;2;2;3;0;1
6539;PR844;431;20151227;2;2;2;1;3;3;2;0;1
6540;PR845;580;20151228;5;1;3;3;1;1;1;1;1
6541;PR846;667;20151231;3;5;5;3;3;4;1;0;1
6542;PR847;971;20151231;2;5;3;2;3;4;2;0;1
6543;PR848;356;20160101;5;5;1;2;1;1;2;0;1
6544;PR849;695;20160101;5;3;5;2;1;2;2;1;1
6545;PR85;1285;20130319;2;3;2;1;2;3;3;2;1
6546;PR850;696;20160102;2;3;5;5;3;3;1;0;1
6547;PR851;1040;20160103;5;2;3;5;3;4;2;1;1
6548;PR852;1417;20160103;2;1;1;3;3;3;2;1;1
6549;PR853;1112;20160103;5;2;1;1;2;3;3;0;1
6550;PR854;37;20160104;5;2;3;2;1;2;2;1;1
6551;PR855;472;20160104;5;1;5;1;3;4;2;0;1
6552;PR856;1433;20160104;2;1;3;2;3;3;2;1;1
6553;PR857;1094;20160105;3;3;3;3;2;2;2;2;1
6554;PR858;122;20160106;3;3;1;3;3;3;1;1;1
6555;PR859;1222;20160107;5;5;1;1;3;4;2;1;1
6556;PR86;1300;20130323;3;5;2;5;2;3;3;2;1
6557;PR860;893;20160108;3;1;5;2;3;4;1;0;1
6558;PR861;33;20160110;3;3;2;1;1;2;2;0;1
6559;PR862;1422;20160110;3;5;1;2;1;2;3;1;1
6560;PR863;312;20160110;3;5;3;3;3;3;1;0;1
6561;PR864;679;20160111;5;2;3;5;1;1;3;0;1
6562;PR865;865;20160111;3;2;3;2;2;2;2;1;1
6563;PR866;1169;20160111;2;2;3;5;2;2;1;1;1
6564;PR867;795;20160111;2;1;2;5;3;4;2;1;1
6565;PR868;687;20160112;3;5;2;2;1;2;1;1;1
6566;PR869;1355;20160112;5;2;1;3;3;4;2;1;1
6567;PR87;331;20130324;3;1;2;5;2;3;1;2;1
6568;PR870;674;20160113;3;1;3;2;3;4;1;3;1
6569;PR871;118;20160114;5;3;5;5;2;3;3;1;1
6570;PR872;1187;20160114;2;1;3;5;3;4;2;0;1
6571;PR873;1468;20160115;2;5;3;5;2;2;1;3;1
6572;PR874;14;20160116;2;1;3;5;2;2;1;1;1
6573;PR875;232;20160116;2;2;3;1;2;3;3;0;1
6574;PR876;1158;20160116;5;1;2;2;2;3;3;2;1
6575;PR877;1113;20160116;2;3;5;5;1;1;2;1;1
6576;PR878;1028;20160117;2;5;1;1;3;4;1;1;1
6577;PR879;641;20160117;2;5;1;2;2;2;3;0;1
6578;PR88;1064;20130324;5;5;1;3;2;2;1;3;1
6579;PR880;290;20160118;2;1;2;2;2;2;1;1;1
6580;PR881;787;20160118;3;5;1;2;1;2;2;0;1
6581;PR882;798;20160118;3;5;3;1;1;2;3;2;1
6582;PR883;792;20160118;5;5;1;3;3;4;2;2;1
6583;PR884;652;20160119;2;3;2;5;1;2;2;1;1
6584;PR885;1357;20160119;3;3;5;5;1;1;1;1;1
6585;PR886;553;20160120;5;5;1;2;3;4;3;0;1
6586;PR887;1180;20160120;5;5;1;1;2;3;2;0;1
6587;PR888;30;20160121;2;3;1;3;2;3;2;1;1
6588;PR889;385;20160122;2;5;2;2;1;1;3;3;1
6589;PR89;459;20130325;3;1;2;1;3;4;2;1;1
6590;PR890;724;20160122;5;5;3;3;3;4;2;1;1
6591;PR891;1213;20160123;3;1;5;5;1;1;3;1;1
6592;PR892;880;20160123;3;5;5;1;1;2;2;0;1
6593;PR893;788;20160124;3;3;1;5;1;1;2;0;1
6594;PR894;191;20160124;2;1;2;5;2;2;3;0;1
6595;PR895;386;20160125;5;5;5;2;3;4;2;0;1
6596;PR896;959;20160125;2;5;1;5;3;3;1;1;1
6597;PR897;1031;20160126;2;3;5;1;2;3;1;2;1
6598;PR898;565;20160127;3;1;1;1;1;2;3;1;1
6599;PR899;559;20160127;5;2;1;5;1;2;1;0;1
6600;PR90;744;20130325;3;2;5;2;1;2;1;1;1
6601;PR900;515;20160129;2;1;5;2;3;4;1;2;1
6602;PR901;1319;20160129;2;5;2;2;2;2;2;0;1
6603;PR902;1014;20160129;2;1;2;3;1;2;3;2;1
6604;PR903;862;20160130;2;2;5;3;1;2;3;0;1
6605;PR904;24;20160130;2;3;1;1;1;1;1;3;1
6606;PR905;658;20160131;2;3;3;1;3;3;1;0;1
6607;PR906;1379;20160131;3;2;1;1;2;2;1;2;1
6608;PR907;108;20160201;3;1;3;5;1;1;2;0;1
6609;PR908;1372;20160201;5;3;2;3;2;3;1;1;1
6610;PR909;1032;20160202;2;3;5;3;2;3;2;1;1
6611;PR91;759;20130326;3;2;5;2;1;2;1;0;1
6612;PR910;797;20160203;2;3;5;5;3;3;2;1;1
6613;PR911;1237;20160203;3;2;1;2;1;1;2;0;1
6614;PR912;186;20160203;5;1;1;1;1;2;1;0;1
6615;PR913;575;20160204;5;2;2;3;2;3;3;0;1
6616;PR914;503;20160204;5;1;1;3;3;4;1;1;1
6617;PR915;807;20160205;3;3;3;5;1;1;2;2;1
6618;PR916;1400;20160205;5;5;3;1;1;2;3;1;1
6619;PR917;975;20160205;5;1;3;1;2;2;3;0;1
6620;PR918;1243;20160205;5;3;3;2;2;3;2;1;1
6621;PR919;136;20160206;5;3;2;2;3;4;1;0;1
6622;PR92;563;20130328;5;3;2;1;3;4;2;1;1
6623;PR920;476;20160206;2;3;3;1;1;2;2;1;1
6624;PR921;1225;20160206;2;5;2;5;3;4;3;1;1
6625;PR922;1146;20160209;2;1;5;3;1;2;2;0;1
6626;PR923;1374;20160209;5;5;5;5;1;2;2;2;1
6627;PR924;891;20160210;5;5;1;5;1;2;1;0;1
6628;PR925;81;20160211;3;3;5;3;3;3;2;2;1
6629;PR926;1025;20160211;2;2;3;2;1;2;3;0;1
6630;PR927;501;20160211;5;1;5;1;2;3;2;1;1
6631;PR928;1264;20160212;3;5;2;2;2;3;2;0;1
6632;PR929;806;20160212;3;5;1;1;2;2;3;1;1
6633;PR93;18;20130331;3;1;1;3;3;3;1;1;1
6634;PR930;227;20160213;2;5;1;3;3;4;1;2;1
6635;PR931;754;20160213;5;2;1;1;2;2;1;1;1
6636;PR932;572;20160214;3;1;3;5;2;3;2;0;1
6637;PR933;85;20160215;3;5;5;2;3;4;1;1;1
6638;PR934;514;20160216;5;2;2;1;2;2;3;2;1
6639;PR935;104;20160216;5;2;5;2;3;3;2;1;1
6640;PR936;857;20160216;2;1;5;5;3;4;3;3;1
6641;PR937;454;20160218;2;2;5;3;3;4;3;2;1
6642;PR938;1056;20160218;3;3;3;5;2;3;2;0;1
6643;PR939;1203;20160218;2;2;1;2;2;3;2;1;1
6644;PR94;813;20130401;3;1;3;1;3;4;1;1;1
6645;PR940;329;20160219;5;1;1;3;2;2;3;2;1
6646;PR941;200;20160221;3;1;3;1;1;2;2;1;1
6647;PR942;812;20160221;3;5;1;3;1;1;2;2;1
6648;PR943;1229;20160221;2;5;1;3;1;1;1;1;1
6649;PR944;462;20160222;3;5;2;3;1;1;3;0;1
6650;PR945;1435;20160222;5;3;2;3;3;3;1;0;1
6651;PR946;1438;20160222;3;3;1;1;2;2;1;1;1
6652;PR947;523;20160223;3;1;1;2;2;3;1;2;1
6653;PR948;1308;20160223;5;5;2;1;1;2;2;0;1
6654;PR949;789;20160223;2;2;5;3;1;1;2;0;1
6655;PR95;156;20130402;5;5;1;5;1;1;2;0;1
6656;PR950;1142;20160223;3;2;3;3;1;1;3;0;1
6657;PR951;584;20160224;2;1;2;3;1;1;3;3;1
6658;PR952;283;20160225;3;3;3;2;2;2;1;0;1
6659;PR953;1090;20160226;3;3;3;3;2;3;2;1;1
6660;PR954;297;20160227;3;2;3;2;3;3;3;3;1
6661;PR955;152;20160227;5;3;3;3;3;3;1;1;1
6662;PR956;508;20160228;2;3;5;5;1;1;1;1;1
6663;PR957;1335;20160228;2;5;3;2;3;3;3;0;1
6664;PR958;5;20160229;5;3;5;5;2;2;1;1;1
6665;PR959;678;20160229;3;3;2;3;2;3;3;0;1
6666;PR96;1045;20130404;2;5;5;5;2;3;3;0;1
6667;PR960;686;20160229;2;1;3;2;1;1;2;1;1
6668;PR961;644;20160229;3;1;1;2;3;4;3;2;1
6669;PR962;148;20160301;2;3;3;5;2;3;1;2;1
6670;PR963;1164;20160301;5;3;5;3;2;3;2;1;1
6671;PR964;1279;20160301;5;1;3;5;1;2;3;1;1
6672;PR965;918;20160301;2;3;3;2;3;3;3;2;1
6673;PR966;1353;20160302;2;1;3;2;1;1;1;1;1
6674;PR967;197;20160302;3;3;1;5;2;3;2;2;1
6675;PR968;1127;20160303;3;2;5;3;1;1;3;2;1
6676;PR969;1161;20160303;2;1;5;2;2;3;1;1;1
6677;PR97;83;20130406;5;5;2;3;2;3;1;1;1
6678;PR970;1461;20160303;2;3;2;5;2;3;2;2;1
6679;PR971;16;20160303;5;5;1;1;2;3;1;3;1
6680;PR972;40;20160304;5;3;3;1;1;2;2;1;1
6681;PR973;99;20160305;3;1;5;3;1;1;2;3;1
6682;PR974;138;20160305;3;5;2;3;1;1;3;2;1
6683;PR975;461;20160305;3;5;2;2;3;3;2;2;1
6684;PR976;1010;20160305;2;2;3;5;2;2;2;0;1
6685;PR977;762;20160306;5;2;3;1;3;4;2;0;1
6686;PR978;1256;20160306;3;2;3;3;2;2;1;0;1
6687;PR979;1352;20160306;2;1;5;5;3;3;1;1;1
6688;PR98;44;20130407;3;1;2;2;3;3;2;1;1
6689;PR980;721;20160307;5;2;1;1;3;3;3;0;1
6690;PR981;1254;20160307;2;2;5;1;1;1;1;1;1
6691;PR982;664;20160307;5;3;5;5;3;3;2;1;1
6692;PR983;1311;20160307;2;5;5;2;3;4;3;3;1
6693;PR984;420;20160309;2;3;2;1;3;4;1;1;1
6694;PR985;355;20160309;3;3;2;1;3;3;1;3;1
6695;PR986;72;20160309;3;5;2;5;2;2;3;1;1
6696;PR987;997;20160310;5;2;1;3;1;2;2;3;1
6697;PR988;417;20160311;3;3;1;1;3;4;1;1;1
6698;PR989;1185;20160311;5;3;2;5;1;1;3;0;1
6699;PR99;274;20130407;3;1;3;3;1;2;3;1;1
6700;PR990;928;20160312;5;5;3;5;2;3;2;2;1
6701;PR991;614;20160313;5;2;5;3;3;3;3;0;1
6702;PR992;215;20160313;3;3;3;1;2;2;3;3;1
6703;PR993;493;20160313;3;1;1;3;2;3;1;1;1
6704;PR994;1024;20160313;3;3;2;2;2;3;1;1;1
6705;PR995;444;20160314;5;2;2;5;1;2;3;1;1
6706;PR996;712;20160314;2;5;3;2;2;2;2;1;1
6707;PR997;745;20160314;2;3;1;1;3;4;3;1;1
6708;PR998;786;20160315;5;1;5;3;3;3;2;2;1
6709;PR999;379;20160316;3;5;5;1;3;3;3;1;1
